sheet,source_log,process_original,process_normalized,run_number_in_same_log,step_number,step_original,step_normalized,step_seconds,total_seconds_at_step,severity,process_run_total_seconds,average_step_seconds_ignoring_dates,average_process_total_seconds_ignoring_dates
Format Monthly Sheets,TEST v1.7.7 - Framework Timing Report.pdf,Format Monthly Sheets 05.26,Format Monthly Sheets,1,1,Start,Start,0.326,0.326,OK,55.243,0.331,106.731
Format Monthly Sheets,TEST v1.7.7 - Framework Timing Report.pdf,Format Monthly Sheets 05.26,Format Monthly Sheets,1,2,Banner output sheet shown: Banners 05.,Banner output sheet shown: Banners,4.836,5.162,OK,55.243,12.426,106.731
Format Monthly Sheets,TEST v1.7.7 - Framework Timing Report.pdf,Format Monthly Sheets 05.26,Format Monthly Sheets,1,3,Raw archive detail - archive workbook opened: Raw Data - Banners 05.,Raw archive detail - archive workbook opened: Raw Data - Banners,1.568,6.730,OK,55.243,2.180,106.731
Format Monthly Sheets,TEST v1.7.7 - Framework Timing Report.pdf,Format Monthly Sheets 05.26,Format Monthly Sheets,1,4,Raw archive detail - existing archive sheet deleted if present: Raw Data - Banners 05.,Raw archive detail - existing archive sheet deleted if present: Raw Data - Banners,0.002,6.732,OK,55.243,0.007,106.731
Format Monthly Sheets,TEST v1.7.7 - Framework Timing Report.pdf,Format Monthly Sheets 05.26,Format Monthly Sheets,1,5,Raw archive detail - source sheet copied to archive workbook: Raw Data - Banners 05.,Raw archive detail - source sheet copied to archive workbook: Raw Data - Banners,1.255,7.987,OK,55.243,1.343,106.731
Format Monthly Sheets,TEST v1.7.7 - Framework Timing Report.pdf,Format Monthly Sheets 05.26,Format Monthly Sheets,1,6,Raw archive detail - archive sheet renamed: Raw Data - Banners 05.,Raw archive detail - archive sheet renamed: Raw Data - Banners,0.825,8.812,OK,55.243,0.732,106.731
Format Monthly Sheets,TEST v1.7.7 - Framework Timing Report.pdf,Format Monthly Sheets 05.26,Format Monthly Sheets,1,7,Raw archive detail - archive sheet visibility enforced visible: Raw Data - Banners 05.,Raw archive detail - archive sheet visibility enforced visible: Raw Data - Banners,0.088,8.900,OK,55.243,0.111,106.731
Format Monthly Sheets,TEST v1.7.7 - Framework Timing Report.pdf,Format Monthly Sheets 05.26,Format Monthly Sheets,1,8,Raw data copied to archive: Raw Data - Banners,Raw data copied to archive: Raw Data - Banners,0.000,8.900,OK,55.243,0.000,106.731
Format Monthly Sheets,TEST v1.7.7 - Framework Timing Report.pdf,Format Monthly Sheets 05.26,Format Monthly Sheets,1,9,Local raw sheet deleted to preserve workbook speed,Local raw sheet deleted to preserve workbook speed,1.952,10.852,OK,55.243,0.752,106.731
Format Monthly Sheets,TEST v1.7.7 - Framework Timing Report.pdf,Format Monthly Sheets 05.26,Format Monthly Sheets,1,10,Hide governed output sheet: Banners 05.,Hide governed output sheet: Banners,0.617,11.469,OK,55.243,0.758,106.731
Format Monthly Sheets,TEST v1.7.7 - Framework Timing Report.pdf,Format Monthly Sheets 05.26,Format Monthly Sheets,1,11,Formatted monthly import tab: B from B May,Formatted monthly import tab: B from B,0.135,11.604,OK,55.243,0.168,106.731
Format Monthly Sheets,TEST v1.7.7 - Framework Timing Report.pdf,Format Monthly Sheets 05.26,Format Monthly Sheets,1,12,Prepared monthly dashboard source: CD May,Prepared monthly dashboard source: CD,0.546,12.150,OK,55.243,1.110,106.731
Format Monthly Sheets,TEST v1.7.7 - Framework Timing Report.pdf,Format Monthly Sheets 05.26,Format Monthly Sheets,1,13,Mapped monthly dashboard rows in memory:,Mapped monthly dashboard rows in memory,0.862,13.012,OK,55.243,0.762,106.731
Format Monthly Sheets,TEST v1.7.7 - Framework Timing Report.pdf,Format Monthly Sheets 05.26,Format Monthly Sheets,1,14,Monthly dashboard fast canvas - blank sheet inserted in configured creation order: CP Due 05.,Monthly dashboard fast canvas - blank sheet inserted in configured creation order: CP Due,4.927,17.939,OK,55.243,12.014,106.731
Format Monthly Sheets,TEST v1.7.7 - Framework Timing Report.pdf,Format Monthly Sheets 05.26,Format Monthly Sheets,1,15,Monthly dashboard fast canvas - grid resized to 339 rows x 5 cols: CP Due 05.,Monthly dashboard fast canvas - grid resized to 339 rows x 5 cols: CP Due,0.485,18.424,OK,55.243,1.136,106.731
Format Monthly Sheets,TEST v1.7.7 - Framework Timing Report.pdf,Format Monthly Sheets 05.26,Format Monthly Sheets,1,16,Monthly dashboard fast canvas - template column widths applied: CP Due 05.,Monthly dashboard fast canvas - template column widths applied: CP Due,0.415,18.839,OK,55.243,0.860,106.731
Format Monthly Sheets,TEST v1.7.7 - Framework Timing Report.pdf,Format Monthly Sheets 05.26,Format Monthly Sheets,1,17,Monthly dashboard fast canvas - raw values written | Rows: 335: CP Due 05.,Monthly dashboard fast canvas - raw values written | Rows: 335: CP Due,0.035,18.874,OK,55.243,0.018,106.731
Format Monthly Sheets,TEST v1.7.7 - Framework Timing Report.pdf,Format Monthly Sheets 05.26,Format Monthly Sheets,1,18,Monthly dashboard fast canvas - title rows copied from template: CP Due 05.,Monthly dashboard fast canvas - title rows copied from template: CP Due,0.011,18.885,OK,55.243,0.008,106.731
Format Monthly Sheets,TEST v1.7.7 - Framework Timing Report.pdf,Format Monthly Sheets 05.26,Format Monthly Sheets,1,19,Monthly dashboard fast canvas - header row copied from template: CP Due 05.,Monthly dashboard fast canvas - header row copied from template: CP Due,0.014,18.899,OK,55.243,0.006,106.731
Format Monthly Sheets,TEST v1.7.7 - Framework Timing Report.pdf,Format Monthly Sheets 05.26,Format Monthly Sheets,1,20,Monthly dashboard fast canvas - data-row format copied from template | Rows: 335: CP Due 05.,Monthly dashboard fast canvas - data-row format copied from template | Rows: 335: CP Due,0.023,18.922,OK,55.243,0.010,106.731
Format Monthly Sheets,TEST v1.7.7 - Framework Timing Report.pdf,Format Monthly Sheets 05.26,Format Monthly Sheets,1,21,Monthly dashboard fast canvas - title/date/header values stamped: CP Due 05.,Monthly dashboard fast canvas - title/date/header values stamped: CP Due,0.038,18.960,OK,55.243,0.018,106.731
Format Monthly Sheets,TEST v1.7.7 - Framework Timing Report.pdf,Format Monthly Sheets 05.26,Format Monthly Sheets,1,22,Monthly dashboard fast canvas - frozen rows/columns and tab color applied: CP Due 05.,Monthly dashboard fast canvas - frozen rows/columns and tab color applied: CP Due,1.024,19.984,OK,55.243,2.161,106.731
Format Monthly Sheets,TEST v1.7.7 - Framework Timing Report.pdf,Format Monthly Sheets 05.26,Format Monthly Sheets,1,23,Monthly dashboard fast canvas - filter created: CP Due 05.,Monthly dashboard fast canvas - filter created: CP Due,0.654,20.638,OK,55.243,0.915,106.731
Format Monthly Sheets,TEST v1.7.7 - Framework Timing Report.pdf,Format Monthly Sheets 05.26,Format Monthly Sheets,1,24,Monthly dashboard fast canvas - template-driven canvas wrap applied: CP Due 05.,Monthly dashboard fast canvas - template-driven canvas wrap applied: CP Due,0.376,21.014,OK,55.243,0.481,106.731
Format Monthly Sheets,TEST v1.7.7 - Framework Timing Report.pdf,Format Monthly Sheets 05.26,Format Monthly Sheets,1,25,Monthly dashboard fast canvas - runtime caches cleared: CP Due 05.,Monthly dashboard fast canvas - runtime caches cleared: CP Due,0.004,21.018,OK,55.243,0.004,106.731
Format Monthly Sheets,TEST v1.7.7 - Framework Timing Report.pdf,Format Monthly Sheets 05.26,Format Monthly Sheets,1,26,Created monthly dashboard fast canvas: CP Due,Created monthly dashboard fast canvas: CP Due,0.000,21.018,OK,55.243,0.000,106.731
Format Monthly Sheets,TEST v1.7.7 - Framework Timing Report.pdf,Format Monthly Sheets 05.26,Format Monthly Sheets,1,27,Locked monthly dashboard row heights: CP Due 05.,Locked monthly dashboard row heights: CP Due,0.503,21.521,OK,55.243,0.696,106.731
Format Monthly Sheets,TEST v1.7.7 - Framework Timing Report.pdf,Format Monthly Sheets 05.26,Format Monthly Sheets,1,28,Raw archive detail - archive workbook opened: Raw Data - CP Due 05.,Raw archive detail - archive workbook opened: Raw Data - CP Due,0.104,21.625,OK,55.243,0.167,106.731
Format Monthly Sheets,TEST v1.7.7 - Framework Timing Report.pdf,Format Monthly Sheets 05.26,Format Monthly Sheets,1,29,Raw archive detail - existing archive sheet deleted if present: Raw Data - CP Due 05.,Raw archive detail - existing archive sheet deleted if present: Raw Data - CP Due,0.001,21.626,OK,55.243,0.001,106.731
Format Monthly Sheets,TEST v1.7.7 - Framework Timing Report.pdf,Format Monthly Sheets 05.26,Format Monthly Sheets,1,30,Raw archive detail - source sheet copied to archive workbook: Raw Data - CP Due 05.,Raw archive detail - source sheet copied to archive workbook: Raw Data - CP Due,0.927,22.553,OK,55.243,1.065,106.731
Format Monthly Sheets,TEST v1.7.7 - Framework Timing Report.pdf,Format Monthly Sheets 05.26,Format Monthly Sheets,1,31,Raw archive detail - archive sheet renamed: Raw Data - CP Due 05.,Raw archive detail - archive sheet renamed: Raw Data - CP Due,0.146,22.699,OK,55.243,0.173,106.731
Format Monthly Sheets,TEST v1.7.7 - Framework Timing Report.pdf,Format Monthly Sheets 05.26,Format Monthly Sheets,1,32,Raw archive detail - archive sheet visibility enforced visible: Raw Data - CP Due 05.,Raw archive detail - archive sheet visibility enforced visible: Raw Data - CP Due,0.110,22.809,OK,55.243,0.112,106.731
Format Monthly Sheets,TEST v1.7.7 - Framework Timing Report.pdf,Format Monthly Sheets 05.26,Format Monthly Sheets,1,33,Raw data copied to archive: Raw Data - CP Due,Raw data copied to archive: Raw Data - CP Due,0.000,22.809,OK,55.243,0.000,106.731
Format Monthly Sheets,TEST v1.7.7 - Framework Timing Report.pdf,Format Monthly Sheets 05.26,Format Monthly Sheets,1,34,Local raw sheet deleted to preserve workbook speed,Local raw sheet deleted to preserve workbook speed,0.531,23.340,OK,55.243,0.752,106.731
Format Monthly Sheets,TEST v1.7.7 - Framework Timing Report.pdf,Format Monthly Sheets 05.26,Format Monthly Sheets,1,35,Hide governed output sheet: CP Due 05.,Hide governed output sheet: CP Due,0.442,23.782,OK,55.243,0.703,106.731
Format Monthly Sheets,TEST v1.7.7 - Framework Timing Report.pdf,Format Monthly Sheets 05.26,Format Monthly Sheets,1,36,Formatted monthly import tab: CD from CD May,Formatted monthly import tab: CD from CD,0.150,23.932,OK,55.243,0.162,106.731
Format Monthly Sheets,TEST v1.7.7 - Framework Timing Report.pdf,Format Monthly Sheets 05.26,Format Monthly Sheets,1,37,Prepared monthly dashboard source: UC May,Prepared monthly dashboard source: UC,0.582,24.514,OK,55.243,0.774,106.731
Format Monthly Sheets,TEST v1.7.7 - Framework Timing Report.pdf,Format Monthly Sheets 05.26,Format Monthly Sheets,1,38,Mapped monthly dashboard rows in memory:,Mapped monthly dashboard rows in memory,0.435,24.949,OK,55.243,0.762,106.731
Format Monthly Sheets,TEST v1.7.7 - Framework Timing Report.pdf,Format Monthly Sheets 05.26,Format Monthly Sheets,1,39,Monthly dashboard fast canvas - blank sheet inserted in configured creation order: Unlock CP 05.,Monthly dashboard fast canvas - blank sheet inserted in configured creation order: Unlock CP,4.465,29.414,OK,55.243,11.441,106.731
Format Monthly Sheets,TEST v1.7.7 - Framework Timing Report.pdf,Format Monthly Sheets 05.26,Format Monthly Sheets,1,40,Monthly dashboard fast canvas - grid resized to 351 rows x 4 cols: Unlock CP 05.,Monthly dashboard fast canvas - grid resized to 351 rows x 4 cols: Unlock CP,0.828,30.242,OK,55.243,0.885,106.731
Format Monthly Sheets,TEST v1.7.7 - Framework Timing Report.pdf,Format Monthly Sheets 05.26,Format Monthly Sheets,1,41,Monthly dashboard fast canvas - template column widths applied: Unlock CP 05.,Monthly dashboard fast canvas - template column widths applied: Unlock CP,0.393,30.635,OK,55.243,0.559,106.731
Format Monthly Sheets,TEST v1.7.7 - Framework Timing Report.pdf,Format Monthly Sheets 05.26,Format Monthly Sheets,1,42,Monthly dashboard fast canvas - raw values written | Rows: 347: Unlock CP 05.,Monthly dashboard fast canvas - raw values written | Rows: 347: Unlock CP,0.013,30.648,OK,55.243,0.015,106.731
Format Monthly Sheets,TEST v1.7.7 - Framework Timing Report.pdf,Format Monthly Sheets 05.26,Format Monthly Sheets,1,43,Monthly dashboard fast canvas - title rows copied from template: Unlock CP 05.,Monthly dashboard fast canvas - title rows copied from template: Unlock CP,0.006,30.654,OK,55.243,0.015,106.731
Format Monthly Sheets,TEST v1.7.7 - Framework Timing Report.pdf,Format Monthly Sheets 05.26,Format Monthly Sheets,1,44,Monthly dashboard fast canvas - header row copied from template: Unlock CP 05.,Monthly dashboard fast canvas - header row copied from template: Unlock CP,0.005,30.659,OK,55.243,0.014,106.731
Format Monthly Sheets,TEST v1.7.7 - Framework Timing Report.pdf,Format Monthly Sheets 05.26,Format Monthly Sheets,1,45,Monthly dashboard fast canvas - data-row format copied from template | Rows: 347: Unlock CP 05.,Monthly dashboard fast canvas - data-row format copied from template | Rows: 347: Unlock CP,0.005,30.664,OK,55.243,0.007,106.731
Format Monthly Sheets,TEST v1.7.7 - Framework Timing Report.pdf,Format Monthly Sheets 05.26,Format Monthly Sheets,1,46,Monthly dashboard fast canvas - title/date/header values stamped: Unlock CP 05.,Monthly dashboard fast canvas - title/date/header values stamped: Unlock CP,0.017,30.681,OK,55.243,0.039,106.731
Format Monthly Sheets,TEST v1.7.7 - Framework Timing Report.pdf,Format Monthly Sheets 05.26,Format Monthly Sheets,1,47,Monthly dashboard fast canvas - frozen rows/columns and tab color applied: Unlock CP 05.,Monthly dashboard fast canvas - frozen rows/columns and tab color applied: Unlock CP,0.601,31.282,OK,55.243,1.001,106.731
Format Monthly Sheets,TEST v1.7.7 - Framework Timing Report.pdf,Format Monthly Sheets 05.26,Format Monthly Sheets,1,48,Monthly dashboard fast canvas - filter created: Unlock CP 05.,Monthly dashboard fast canvas - filter created: Unlock CP,0.606,31.888,OK,55.243,0.845,106.731
Format Monthly Sheets,TEST v1.7.7 - Framework Timing Report.pdf,Format Monthly Sheets 05.26,Format Monthly Sheets,1,49,Monthly dashboard fast canvas - template-driven canvas wrap applied: Unlock CP 05.,Monthly dashboard fast canvas - template-driven canvas wrap applied: Unlock CP,0.328,32.216,OK,55.243,0.465,106.731
Format Monthly Sheets,TEST v1.7.7 - Framework Timing Report.pdf,Format Monthly Sheets 05.26,Format Monthly Sheets,1,50,Monthly dashboard fast canvas - runtime caches cleared: Unlock CP 05.,Monthly dashboard fast canvas - runtime caches cleared: Unlock CP,0.002,32.218,OK,55.243,0.010,106.731
Format Monthly Sheets,TEST v1.7.7 - Framework Timing Report.pdf,Format Monthly Sheets 05.26,Format Monthly Sheets,1,51,Created monthly dashboard fast canvas: Unlock CP,Created monthly dashboard fast canvas: Unlock CP,0.000,32.218,OK,55.243,0.000,106.731
Format Monthly Sheets,TEST v1.7.7 - Framework Timing Report.pdf,Format Monthly Sheets 05.26,Format Monthly Sheets,1,52,Locked monthly dashboard row heights: Unlock CP 05.,Locked monthly dashboard row heights: Unlock CP,0.760,32.978,OK,55.243,0.941,106.731
Format Monthly Sheets,TEST v1.7.7 - Framework Timing Report.pdf,Format Monthly Sheets 05.26,Format Monthly Sheets,1,53,Raw archive detail - archive workbook opened: Raw Data - Unlocked CP 05.,Raw archive detail - archive workbook opened: Raw Data - Unlocked CP,0.139,33.117,OK,55.243,0.166,106.731
Format Monthly Sheets,TEST v1.7.7 - Framework Timing Report.pdf,Format Monthly Sheets 05.26,Format Monthly Sheets,1,54,Raw archive detail - existing archive sheet deleted if present: Raw Data - Unlocked CP 05.,Raw archive detail - existing archive sheet deleted if present: Raw Data - Unlocked CP,0.002,33.119,OK,55.243,0.002,106.731
Format Monthly Sheets,TEST v1.7.7 - Framework Timing Report.pdf,Format Monthly Sheets 05.26,Format Monthly Sheets,1,55,Raw archive detail - source sheet copied to archive workbook: Raw Data - Unlocked CP 05.,Raw archive detail - source sheet copied to archive workbook: Raw Data - Unlocked CP,0.859,33.978,OK,55.243,0.998,106.731
Format Monthly Sheets,TEST v1.7.7 - Framework Timing Report.pdf,Format Monthly Sheets 05.26,Format Monthly Sheets,1,56,Raw archive detail - archive sheet renamed: Raw Data - Unlocked CP 05.,Raw archive detail - archive sheet renamed: Raw Data - Unlocked CP,0.157,34.135,OK,55.243,0.178,106.731
Format Monthly Sheets,TEST v1.7.7 - Framework Timing Report.pdf,Format Monthly Sheets 05.26,Format Monthly Sheets,1,57,Raw archive detail - archive sheet visibility enforced visible: Raw Data - Unlocked CP 05.,Raw archive detail - archive sheet visibility enforced visible: Raw Data - Unlocked CP,0.072,34.207,OK,55.243,0.096,106.731
Format Monthly Sheets,TEST v1.7.7 - Framework Timing Report.pdf,Format Monthly Sheets 05.26,Format Monthly Sheets,1,58,Raw data copied to archive: Raw Data - Unlocked CP,Raw data copied to archive: Raw Data - Unlocked CP,0.000,34.207,OK,55.243,0.000,106.731
Format Monthly Sheets,TEST v1.7.7 - Framework Timing Report.pdf,Format Monthly Sheets 05.26,Format Monthly Sheets,1,59,Local raw sheet deleted to preserve workbook speed,Local raw sheet deleted to preserve workbook speed,0.456,34.663,OK,55.243,0.752,106.731
Format Monthly Sheets,TEST v1.7.7 - Framework Timing Report.pdf,Format Monthly Sheets 05.26,Format Monthly Sheets,1,60,Hide governed output sheet: Unlock CP 05.,Hide governed output sheet: Unlock CP,0.380,35.043,OK,55.243,1.091,106.731
Format Monthly Sheets,TEST v1.7.7 - Framework Timing Report.pdf,Format Monthly Sheets 05.26,Format Monthly Sheets,1,61,Formatted monthly import tab: UC from UC May,Formatted monthly import tab: UC from UC,0.107,35.150,OK,55.243,0.145,106.731
Format Monthly Sheets,TEST v1.7.7 - Framework Timing Report.pdf,Format Monthly Sheets 05.26,Format Monthly Sheets,1,62,Read Raw Data source in place without editing imported values | Rows:,Read Raw Data source in place without editing imported values | Rows,4.003,39.153,OK,55.243,5.920,106.731
Format Monthly Sheets,TEST v1.7.7 - Framework Timing Report.pdf,Format Monthly Sheets 05.26,Format Monthly Sheets,1,63,Rename Raw Data import sheet in place and place in configured creation order: RD May -> Raw Data 05.,Rename Raw Data import sheet in place and place in configured creation order: RD -> Raw Data,0.451,39.604,OK,55.243,7.021,106.731
Format Monthly Sheets,TEST v1.7.7 - Framework Timing Report.pdf,Format Monthly Sheets 05.26,Format Monthly Sheets,1,64,Wave 4 Raw Data header row detection complete | Header row:,Wave 4 Raw Data header row detection complete | Header row,0.601,40.205,OK,55.243,0.730,106.731
Format Monthly Sheets,TEST v1.7.7 - Framework Timing Report.pdf,Format Monthly Sheets 05.26,Format Monthly Sheets,1,65,Wave 4 Raw Data title-row insert complete | Rows inserted:,Wave 4 Raw Data title-row insert complete | Rows inserted,0.105,40.310,OK,55.243,0.998,106.731
Format Monthly Sheets,TEST v1.7.7 - Framework Timing Report.pdf,Format Monthly Sheets 05.26,Format Monthly Sheets,1,66,Wave 4 Raw Data approved-column append complete | Columns added:,Wave 4 Raw Data approved-column append complete | Columns added,0.759,41.069,OK,55.243,1.084,106.731
Format Monthly Sheets,TEST v1.7.7 - Framework Timing Report.pdf,Format Monthly Sheets 05.26,Format Monthly Sheets,1,67,Wave 4 Raw Data title/header formatting start | Width:,Wave 4 Raw Data title/header formatting start | Width,0.304,41.373,OK,55.243,0.545,106.731
Format Monthly Sheets,TEST v1.7.7 - Framework Timing Report.pdf,Format Monthly Sheets 05.26,Format Monthly Sheets,1,68,Wave 4 Raw Data title/header formatting complete,Wave 4 Raw Data title/header formatting complete,0.313,41.686,OK,55.243,0.271,106.731
Format Monthly Sheets,TEST v1.7.7 - Framework Timing Report.pdf,Format Monthly Sheets 05.26,Format Monthly Sheets,1,69,Wave 4 Raw Data frozen rows set,Wave 4 Raw Data frozen rows set,0.478,42.164,OK,55.243,0.635,106.731
Format Monthly Sheets,TEST v1.7.7 - Framework Timing Report.pdf,Format Monthly Sheets 05.26,Format Monthly Sheets,1,70,Wave 4 Raw Data filter removal skipped - no existing filter,Wave 4 Raw Data filter removal skipped - no existing filter,0.211,42.375,OK,55.243,0.292,106.731
Format Monthly Sheets,TEST v1.7.7 - Framework Timing Report.pdf,Format Monthly Sheets 05.26,Format Monthly Sheets,1,71,Wave 4 Raw Data filter creation complete | Rows: 5978; Columns:,Wave 4 Raw Data filter creation complete | Rows: 5978; Columns,0.464,42.839,OK,55.243,0.609,106.731
Format Monthly Sheets,TEST v1.7.7 - Framework Timing Report.pdf,Format Monthly Sheets 05.26,Format Monthly Sheets,1,72,"Wave 4 Raw Data in-place title/header/column work complete | Added columns: Notes, Safety - 2 Person, Wanderer, Interpreter Needed, Fall Risk, DPOA or Guardian Active, Palliative Care, Primary PMR Row","Wave 4 Raw Data in-place title/header/column work complete | Added columns: Notes, Safety - 2 Person, Wanderer, Interpreter Needed, Fall Risk, DPOA or Guardian Active, Palliative Care, Primary PMR Row",0.002,42.841,OK,55.243,0.004,106.731
Format Monthly Sheets,TEST v1.7.7 - Framework Timing Report.pdf,Format Monthly Sheets 05.26,Format Monthly Sheets,1,73,Wave 4 Raw Data approved-sync columns start,Wave 4 Raw Data approved-sync columns start,0.000,42.841,OK,55.243,0.000,106.731
Format Monthly Sheets,TEST v1.7.7 - Framework Timing Report.pdf,Format Monthly Sheets 05.26,Format Monthly Sheets,1,74,Wave 4 Raw Data approved-sync bulk read complete | Rows:,Wave 4 Raw Data approved-sync bulk read complete | Rows,3.792,46.633,OK,55.243,4.008,106.731
Format Monthly Sheets,TEST v1.7.7 - Framework Timing Report.pdf,Format Monthly Sheets 05.26,Format Monthly Sheets,1,75,Wave 4 Raw Data approved-sync guarded write complete | Changed column groups:,Wave 4 Raw Data approved-sync guarded write complete | Changed column groups,0.095,46.728,OK,55.243,0.077,106.731
Format Monthly Sheets,TEST v1.7.7 - Framework Timing Report.pdf,Format Monthly Sheets 05.26,Format Monthly Sheets,1,76,Wave 4 Raw Data approved-sync columns complete | Changed column groups:,Wave 4 Raw Data approved-sync columns complete | Changed column groups,0.005,46.733,OK,55.243,0.006,106.731
Format Monthly Sheets,TEST v1.7.7 - Framework Timing Report.pdf,Format Monthly Sheets 05.26,Format Monthly Sheets,1,77,Wave 4 Raw Data banner-column sync start,Wave 4 Raw Data banner-column sync start,0.000,46.733,OK,55.243,0.000,106.731
Format Monthly Sheets,TEST v1.7.7 - Framework Timing Report.pdf,Format Monthly Sheets 05.26,Format Monthly Sheets,1,78,Wave 4 Raw Data banner-sync bulk read complete | Rows:,Wave 4 Raw Data banner-sync bulk read complete | Rows,2.685,49.418,OK,55.243,4.399,106.731
Format Monthly Sheets,TEST v1.7.7 - Framework Timing Report.pdf,Format Monthly Sheets 05.26,Format Monthly Sheets,1,79,Wave 4 Raw Data banner-sync source map built | Keys:,Wave 4 Raw Data banner-sync source map built | Keys,1.494,50.912,OK,55.243,0.740,106.731
Format Monthly Sheets,TEST v1.7.7 - Framework Timing Report.pdf,Format Monthly Sheets 05.26,Format Monthly Sheets,1,80,Wave 4 Raw Data banner-sync guarded write complete | Changed column groups:,Wave 4 Raw Data banner-sync guarded write complete | Changed column groups,0.986,51.898,OK,55.243,1.222,106.731
Format Monthly Sheets,TEST v1.7.7 - Framework Timing Report.pdf,Format Monthly Sheets 05.26,Format Monthly Sheets,1,81,Wave 4 Raw Data banner-column sync complete | Rows updated:,Wave 4 Raw Data banner-column sync complete | Rows updated,0.011,51.909,OK,55.243,0.010,106.731
Format Monthly Sheets,TEST v1.7.7 - Framework Timing Report.pdf,Format Monthly Sheets 05.26,Format Monthly Sheets,1,82,Wave 4 Raw Data row-height lock start,Wave 4 Raw Data row-height lock start,0.000,51.909,OK,55.243,0.000,106.731
Format Monthly Sheets,TEST v1.7.7 - Framework Timing Report.pdf,Format Monthly Sheets 05.26,Format Monthly Sheets,1,83,Wave 4 Raw Data row-height lock complete,Wave 4 Raw Data row-height lock complete,0.599,52.508,OK,55.243,0.992,106.731
Format Monthly Sheets,TEST v1.7.7 - Framework Timing Report.pdf,Format Monthly Sheets 05.26,Format Monthly Sheets,1,84,Wave 4 Raw Data visibility policy start,Wave 4 Raw Data visibility policy start,0.000,52.508,OK,55.243,0.000,106.731
Format Monthly Sheets,TEST v1.7.7 - Framework Timing Report.pdf,Format Monthly Sheets 05.26,Format Monthly Sheets,1,85,Hide governed output sheet: Raw Data 05.,Hide governed output sheet: Raw Data,0.237,52.745,OK,55.243,0.288,106.731
Format Monthly Sheets,TEST v1.7.7 - Framework Timing Report.pdf,Format Monthly Sheets 05.26,Format Monthly Sheets,1,86,Wave 4 Raw Data visibility policy complete,Wave 4 Raw Data visibility policy complete,0.000,52.745,OK,55.243,0.000,106.731
Format Monthly Sheets,TEST v1.7.7 - Framework Timing Report.pdf,Format Monthly Sheets 05.26,Format Monthly Sheets,1,87,Formatted monthly Raw Data in place without deleting imported columns: Raw Data 05.,Formatted monthly Raw Data in place without deleting imported columns: Raw Data,2.409,55.154,OK,55.243,1.100,106.731
Format Monthly Sheets,TEST v1.7.7 - Framework Timing Report.pdf,Format Monthly Sheets 05.26,Format Monthly Sheets,1,88,Formatted monthly import tab: RD from RD May,Formatted monthly import tab: RD from RD,0.002,55.156,OK,55.243,0.002,106.731
Format Monthly Sheets,TEST v1.7.7 - Framework Timing Report.pdf,Format Monthly Sheets 05.26,Format Monthly Sheets,1,89,Complete,Complete,0.087,55.243,OK,55.243,0.105,106.731
Format Monthly Sheets,TEST v1.7.7 - Framework Timing Report.pdf,Format Monthly Sheets 06.26,Format Monthly Sheets,1,1,Start,Start,0.986,0.986,OK,70.332,0.331,106.731
Format Monthly Sheets,TEST v1.7.7 - Framework Timing Report.pdf,Format Monthly Sheets 06.26,Format Monthly Sheets,1,2,Banner output sheet shown: Banners 06.,Banner output sheet shown: Banners,4.931,5.917,OK,70.332,12.426,106.731
Format Monthly Sheets,TEST v1.7.7 - Framework Timing Report.pdf,Format Monthly Sheets 06.26,Format Monthly Sheets,1,3,Raw archive detail - archive workbook opened: Raw Data - Banners 06.,Raw archive detail - archive workbook opened: Raw Data - Banners,2.791,8.708,OK,70.332,2.180,106.731
Format Monthly Sheets,TEST v1.7.7 - Framework Timing Report.pdf,Format Monthly Sheets 06.26,Format Monthly Sheets,1,4,Raw archive detail - existing archive sheet deleted if present: Raw Data - Banners 06.,Raw archive detail - existing archive sheet deleted if present: Raw Data - Banners,0.013,8.721,OK,70.332,0.007,106.731
Format Monthly Sheets,TEST v1.7.7 - Framework Timing Report.pdf,Format Monthly Sheets 06.26,Format Monthly Sheets,1,5,Raw archive detail - source sheet copied to archive workbook: Raw Data - Banners 06.,Raw archive detail - source sheet copied to archive workbook: Raw Data - Banners,1.431,10.152,OK,70.332,1.343,106.731
Format Monthly Sheets,TEST v1.7.7 - Framework Timing Report.pdf,Format Monthly Sheets 06.26,Format Monthly Sheets,1,6,Raw archive detail - archive sheet renamed: Raw Data - Banners 06.,Raw archive detail - archive sheet renamed: Raw Data - Banners,0.639,10.791,OK,70.332,0.732,106.731
Format Monthly Sheets,TEST v1.7.7 - Framework Timing Report.pdf,Format Monthly Sheets 06.26,Format Monthly Sheets,1,7,Raw archive detail - archive sheet visibility enforced visible: Raw Data - Banners 06.,Raw archive detail - archive sheet visibility enforced visible: Raw Data - Banners,0.134,10.925,OK,70.332,0.111,106.731
Format Monthly Sheets,TEST v1.7.7 - Framework Timing Report.pdf,Format Monthly Sheets 06.26,Format Monthly Sheets,1,8,Raw data copied to archive: Raw Data - Banners,Raw data copied to archive: Raw Data - Banners,0.000,10.925,OK,70.332,0.000,106.731
Format Monthly Sheets,TEST v1.7.7 - Framework Timing Report.pdf,Format Monthly Sheets 06.26,Format Monthly Sheets,1,9,Local raw sheet deleted to preserve workbook speed,Local raw sheet deleted to preserve workbook speed,0.547,11.472,OK,70.332,0.752,106.731
Format Monthly Sheets,TEST v1.7.7 - Framework Timing Report.pdf,Format Monthly Sheets 06.26,Format Monthly Sheets,1,10,Hide governed output sheet: Banners 06.,Hide governed output sheet: Banners,1.657,13.129,OK,70.332,0.758,106.731
Format Monthly Sheets,TEST v1.7.7 - Framework Timing Report.pdf,Format Monthly Sheets 06.26,Format Monthly Sheets,1,11,Formatted monthly import tab: B from B June,Formatted monthly import tab: B from B,0.140,13.269,OK,70.332,0.168,106.731
Format Monthly Sheets,TEST v1.7.7 - Framework Timing Report.pdf,Format Monthly Sheets 06.26,Format Monthly Sheets,1,12,Prepared monthly dashboard source: CD June,Prepared monthly dashboard source: CD,0.810,14.079,OK,70.332,1.110,106.731
Format Monthly Sheets,TEST v1.7.7 - Framework Timing Report.pdf,Format Monthly Sheets 06.26,Format Monthly Sheets,1,13,Mapped monthly dashboard rows in memory:,Mapped monthly dashboard rows in memory,0.829,14.908,OK,70.332,0.762,106.731
Format Monthly Sheets,TEST v1.7.7 - Framework Timing Report.pdf,Format Monthly Sheets 06.26,Format Monthly Sheets,1,14,Monthly dashboard fast canvas - blank sheet inserted in configured creation order: CP Due 06.,Monthly dashboard fast canvas - blank sheet inserted in configured creation order: CP Due,6.284,21.192,OK,70.332,12.014,106.731
Format Monthly Sheets,TEST v1.7.7 - Framework Timing Report.pdf,Format Monthly Sheets 06.26,Format Monthly Sheets,1,15,Monthly dashboard fast canvas - grid resized to 340 rows x 5 cols: CP Due 06.,Monthly dashboard fast canvas - grid resized to 340 rows x 5 cols: CP Due,0.838,22.030,OK,70.332,0.844,106.731
Format Monthly Sheets,TEST v1.7.7 - Framework Timing Report.pdf,Format Monthly Sheets 06.26,Format Monthly Sheets,1,16,Monthly dashboard fast canvas - template column widths applied: CP Due 06.,Monthly dashboard fast canvas - template column widths applied: CP Due,0.730,22.760,OK,70.332,0.860,106.731
Format Monthly Sheets,TEST v1.7.7 - Framework Timing Report.pdf,Format Monthly Sheets 06.26,Format Monthly Sheets,1,17,Monthly dashboard fast canvas - raw values written | Rows: 336: CP Due 06.,Monthly dashboard fast canvas - raw values written | Rows: 336: CP Due,0.018,22.778,OK,70.332,0.017,106.731
Format Monthly Sheets,TEST v1.7.7 - Framework Timing Report.pdf,Format Monthly Sheets 06.26,Format Monthly Sheets,1,18,Monthly dashboard fast canvas - title rows copied from template: CP Due 06.,Monthly dashboard fast canvas - title rows copied from template: CP Due,0.007,22.785,OK,70.332,0.008,106.731
Format Monthly Sheets,TEST v1.7.7 - Framework Timing Report.pdf,Format Monthly Sheets 06.26,Format Monthly Sheets,1,19,Monthly dashboard fast canvas - header row copied from template: CP Due 06.,Monthly dashboard fast canvas - header row copied from template: CP Due,0.004,22.789,OK,70.332,0.006,106.731
Format Monthly Sheets,TEST v1.7.7 - Framework Timing Report.pdf,Format Monthly Sheets 06.26,Format Monthly Sheets,1,20,Monthly dashboard fast canvas - data-row format copied from template | Rows: 336: CP Due 06.,Monthly dashboard fast canvas - data-row format copied from template | Rows: 336: CP Due,0.005,22.794,OK,70.332,0.006,106.731
Format Monthly Sheets,TEST v1.7.7 - Framework Timing Report.pdf,Format Monthly Sheets 06.26,Format Monthly Sheets,1,21,Monthly dashboard fast canvas - title/date/header values stamped: CP Due 06.,Monthly dashboard fast canvas - title/date/header values stamped: CP Due,0.014,22.808,OK,70.332,0.018,106.731
Format Monthly Sheets,TEST v1.7.7 - Framework Timing Report.pdf,Format Monthly Sheets 06.26,Format Monthly Sheets,1,22,Monthly dashboard fast canvas - frozen rows/columns and tab color applied: CP Due 06.,Monthly dashboard fast canvas - frozen rows/columns and tab color applied: CP Due,0.817,23.625,OK,70.332,2.161,106.731
Format Monthly Sheets,TEST v1.7.7 - Framework Timing Report.pdf,Format Monthly Sheets 06.26,Format Monthly Sheets,1,23,Monthly dashboard fast canvas - filter created: CP Due 06.,Monthly dashboard fast canvas - filter created: CP Due,0.991,24.616,OK,70.332,0.915,106.731
Format Monthly Sheets,TEST v1.7.7 - Framework Timing Report.pdf,Format Monthly Sheets 06.26,Format Monthly Sheets,1,24,Monthly dashboard fast canvas - template-driven canvas wrap applied: CP Due 06.,Monthly dashboard fast canvas - template-driven canvas wrap applied: CP Due,0.439,25.055,OK,70.332,0.481,106.731
Format Monthly Sheets,TEST v1.7.7 - Framework Timing Report.pdf,Format Monthly Sheets 06.26,Format Monthly Sheets,1,25,Monthly dashboard fast canvas - runtime caches cleared: CP Due 06.,Monthly dashboard fast canvas - runtime caches cleared: CP Due,0.005,25.060,OK,70.332,0.004,106.731
Format Monthly Sheets,TEST v1.7.7 - Framework Timing Report.pdf,Format Monthly Sheets 06.26,Format Monthly Sheets,1,26,Created monthly dashboard fast canvas: CP Due,Created monthly dashboard fast canvas: CP Due,0.000,25.060,OK,70.332,0.000,106.731
Format Monthly Sheets,TEST v1.7.7 - Framework Timing Report.pdf,Format Monthly Sheets 06.26,Format Monthly Sheets,1,27,Locked monthly dashboard row heights: CP Due 06.,Locked monthly dashboard row heights: CP Due,1.420,26.480,OK,70.332,0.696,106.731
Format Monthly Sheets,TEST v1.7.7 - Framework Timing Report.pdf,Format Monthly Sheets 06.26,Format Monthly Sheets,1,28,Raw archive detail - archive workbook opened: Raw Data - CP Due 06.,Raw archive detail - archive workbook opened: Raw Data - CP Due,0.231,26.711,OK,70.332,0.167,106.731
Format Monthly Sheets,TEST v1.7.7 - Framework Timing Report.pdf,Format Monthly Sheets 06.26,Format Monthly Sheets,1,29,Raw archive detail - existing archive sheet deleted if present: Raw Data - CP Due 06.,Raw archive detail - existing archive sheet deleted if present: Raw Data - CP Due,0.001,26.712,OK,70.332,0.001,106.731
Format Monthly Sheets,TEST v1.7.7 - Framework Timing Report.pdf,Format Monthly Sheets 06.26,Format Monthly Sheets,1,30,Raw archive detail - source sheet copied to archive workbook: Raw Data - CP Due 06.,Raw archive detail - source sheet copied to archive workbook: Raw Data - CP Due,1.202,27.914,OK,70.332,1.065,106.731
Format Monthly Sheets,TEST v1.7.7 - Framework Timing Report.pdf,Format Monthly Sheets 06.26,Format Monthly Sheets,1,31,Raw archive detail - archive sheet renamed: Raw Data - CP Due 06.,Raw archive detail - archive sheet renamed: Raw Data - CP Due,0.201,28.115,OK,70.332,0.173,106.731
Format Monthly Sheets,TEST v1.7.7 - Framework Timing Report.pdf,Format Monthly Sheets 06.26,Format Monthly Sheets,1,32,Raw archive detail - archive sheet visibility enforced visible: Raw Data - CP Due 06.,Raw archive detail - archive sheet visibility enforced visible: Raw Data - CP Due,0.113,28.228,OK,70.332,0.112,106.731
Format Monthly Sheets,TEST v1.7.7 - Framework Timing Report.pdf,Format Monthly Sheets 06.26,Format Monthly Sheets,1,33,Raw data copied to archive: Raw Data - CP Due 06.,Raw data copied to archive: Raw Data - CP Due,0.001,28.229,OK,70.332,0.000,106.731
Format Monthly Sheets,TEST v1.7.7 - Framework Timing Report.pdf,Format Monthly Sheets 06.26,Format Monthly Sheets,1,34,Local raw sheet deleted to preserve workbook speed,Local raw sheet deleted to preserve workbook speed,0.591,28.820,OK,70.332,0.752,106.731
Format Monthly Sheets,TEST v1.7.7 - Framework Timing Report.pdf,Format Monthly Sheets 06.26,Format Monthly Sheets,1,35,Hide governed output sheet: CP Due 06.,Hide governed output sheet: CP Due,0.606,29.426,OK,70.332,0.703,106.731
Format Monthly Sheets,TEST v1.7.7 - Framework Timing Report.pdf,Format Monthly Sheets 06.26,Format Monthly Sheets,1,36,Formatted monthly import tab: CD from CD June,Formatted monthly import tab: CD from CD,0.124,29.550,OK,70.332,0.162,106.731
Format Monthly Sheets,TEST v1.7.7 - Framework Timing Report.pdf,Format Monthly Sheets 06.26,Format Monthly Sheets,1,37,Prepared monthly dashboard source: UC June,Prepared monthly dashboard source: UC,1.460,31.010,OK,70.332,0.774,106.731
Format Monthly Sheets,TEST v1.7.7 - Framework Timing Report.pdf,Format Monthly Sheets 06.26,Format Monthly Sheets,1,38,Mapped monthly dashboard rows in memory:,Mapped monthly dashboard rows in memory,0.849,31.859,OK,70.332,0.762,106.731
Format Monthly Sheets,TEST v1.7.7 - Framework Timing Report.pdf,Format Monthly Sheets 06.26,Format Monthly Sheets,1,39,Monthly dashboard fast canvas - blank sheet inserted in configured creation order: Unlock CP 06.,Monthly dashboard fast canvas - blank sheet inserted in configured creation order: Unlock CP,5.250,37.109,OK,70.332,11.441,106.731
Format Monthly Sheets,TEST v1.7.7 - Framework Timing Report.pdf,Format Monthly Sheets 06.26,Format Monthly Sheets,1,40,Monthly dashboard fast canvas - grid resized to 353 rows x 4 cols: Unlock CP 06.,Monthly dashboard fast canvas - grid resized to 353 rows x 4 cols: Unlock CP,1.067,38.176,OK,70.332,1.478,106.731
Format Monthly Sheets,TEST v1.7.7 - Framework Timing Report.pdf,Format Monthly Sheets 06.26,Format Monthly Sheets,1,41,Monthly dashboard fast canvas - template column widths applied: Unlock CP 06.,Monthly dashboard fast canvas - template column widths applied: Unlock CP,0.622,38.798,OK,70.332,0.559,106.731
Format Monthly Sheets,TEST v1.7.7 - Framework Timing Report.pdf,Format Monthly Sheets 06.26,Format Monthly Sheets,1,42,Monthly dashboard fast canvas - raw values written | Rows: 349: Unlock CP 06.,Monthly dashboard fast canvas - raw values written | Rows: 349: Unlock CP,0.012,38.810,OK,70.332,0.042,106.731
Format Monthly Sheets,TEST v1.7.7 - Framework Timing Report.pdf,Format Monthly Sheets 06.26,Format Monthly Sheets,1,43,Monthly dashboard fast canvas - title rows copied from template: Unlock CP 06.,Monthly dashboard fast canvas - title rows copied from template: Unlock CP,0.004,38.814,OK,70.332,0.015,106.731
Format Monthly Sheets,TEST v1.7.7 - Framework Timing Report.pdf,Format Monthly Sheets 06.26,Format Monthly Sheets,1,44,Monthly dashboard fast canvas - header row copied from template: Unlock CP 06.,Monthly dashboard fast canvas - header row copied from template: Unlock CP,0.004,38.818,OK,70.332,0.014,106.731
Format Monthly Sheets,TEST v1.7.7 - Framework Timing Report.pdf,Format Monthly Sheets 06.26,Format Monthly Sheets,1,45,Monthly dashboard fast canvas - data-row format copied from template | Rows: 349: Unlock CP 06.,Monthly dashboard fast canvas - data-row format copied from template | Rows: 349: Unlock CP,0.004,38.822,OK,70.332,0.021,106.731
Format Monthly Sheets,TEST v1.7.7 - Framework Timing Report.pdf,Format Monthly Sheets 06.26,Format Monthly Sheets,1,46,Monthly dashboard fast canvas - title/date/header values stamped: Unlock CP 06.,Monthly dashboard fast canvas - title/date/header values stamped: Unlock CP,0.009,38.831,OK,70.332,0.039,106.731
Format Monthly Sheets,TEST v1.7.7 - Framework Timing Report.pdf,Format Monthly Sheets 06.26,Format Monthly Sheets,1,47,Monthly dashboard fast canvas - frozen rows/columns and tab color applied: Unlock CP 06.,Monthly dashboard fast canvas - frozen rows/columns and tab color applied: Unlock CP,0.776,39.607,OK,70.332,1.001,106.731
Format Monthly Sheets,TEST v1.7.7 - Framework Timing Report.pdf,Format Monthly Sheets 06.26,Format Monthly Sheets,1,48,Monthly dashboard fast canvas - filter created: Unlock CP 06.,Monthly dashboard fast canvas - filter created: Unlock CP,1.053,40.660,OK,70.332,0.845,106.731
Format Monthly Sheets,TEST v1.7.7 - Framework Timing Report.pdf,Format Monthly Sheets 06.26,Format Monthly Sheets,1,49,Monthly dashboard fast canvas - template-driven canvas wrap applied: Unlock CP 06.,Monthly dashboard fast canvas - template-driven canvas wrap applied: Unlock CP,0.787,41.447,OK,70.332,0.465,106.731
Format Monthly Sheets,TEST v1.7.7 - Framework Timing Report.pdf,Format Monthly Sheets 06.26,Format Monthly Sheets,1,50,Monthly dashboard fast canvas - runtime caches cleared: Unlock CP 06.,Monthly dashboard fast canvas - runtime caches cleared: Unlock CP,0.001,41.448,OK,70.332,0.010,106.731
Format Monthly Sheets,TEST v1.7.7 - Framework Timing Report.pdf,Format Monthly Sheets 06.26,Format Monthly Sheets,1,51,Created monthly dashboard fast canvas: Unlock CP,Created monthly dashboard fast canvas: Unlock CP,0.000,41.448,OK,70.332,0.000,106.731
Format Monthly Sheets,TEST v1.7.7 - Framework Timing Report.pdf,Format Monthly Sheets 06.26,Format Monthly Sheets,1,52,Locked monthly dashboard row heights: Unlock CP 06.,Locked monthly dashboard row heights: Unlock CP,0.677,42.125,OK,70.332,0.941,106.731
Format Monthly Sheets,TEST v1.7.7 - Framework Timing Report.pdf,Format Monthly Sheets 06.26,Format Monthly Sheets,1,53,Raw archive detail - archive workbook opened: Raw Data - Unlocked CP 06.,Raw archive detail - archive workbook opened: Raw Data - Unlocked CP,0.193,42.318,OK,70.332,0.166,106.731
Format Monthly Sheets,TEST v1.7.7 - Framework Timing Report.pdf,Format Monthly Sheets 06.26,Format Monthly Sheets,1,54,Raw archive detail - existing archive sheet deleted if present: Raw Data - Unlocked CP 06.,Raw archive detail - existing archive sheet deleted if present: Raw Data - Unlocked CP,0.001,42.319,OK,70.332,0.002,106.731
Format Monthly Sheets,TEST v1.7.7 - Framework Timing Report.pdf,Format Monthly Sheets 06.26,Format Monthly Sheets,1,55,Raw archive detail - source sheet copied to archive workbook: Raw Data - Unlocked CP 06.,Raw archive detail - source sheet copied to archive workbook: Raw Data - Unlocked CP,1.137,43.456,OK,70.332,0.998,106.731
Format Monthly Sheets,TEST v1.7.7 - Framework Timing Report.pdf,Format Monthly Sheets 06.26,Format Monthly Sheets,1,56,Raw archive detail - archive sheet renamed: Raw Data - Unlocked CP 06.,Raw archive detail - archive sheet renamed: Raw Data - Unlocked CP,0.200,43.656,OK,70.332,0.178,106.731
Format Monthly Sheets,TEST v1.7.7 - Framework Timing Report.pdf,Format Monthly Sheets 06.26,Format Monthly Sheets,1,57,Raw archive detail - archive sheet visibility enforced visible: Raw Data - Unlocked CP 06.,Raw archive detail - archive sheet visibility enforced visible: Raw Data - Unlocked CP,0.120,43.776,OK,70.332,0.096,106.731
Format Monthly Sheets,TEST v1.7.7 - Framework Timing Report.pdf,Format Monthly Sheets 06.26,Format Monthly Sheets,1,58,Raw data copied to archive: Raw Data - Unlocked CP,Raw data copied to archive: Raw Data - Unlocked CP,0.000,43.776,OK,70.332,0.000,106.731
Format Monthly Sheets,TEST v1.7.7 - Framework Timing Report.pdf,Format Monthly Sheets 06.26,Format Monthly Sheets,1,59,Local raw sheet deleted to preserve workbook speed,Local raw sheet deleted to preserve workbook speed,0.615,44.391,OK,70.332,0.752,106.731
Format Monthly Sheets,TEST v1.7.7 - Framework Timing Report.pdf,Format Monthly Sheets 06.26,Format Monthly Sheets,1,60,Hide governed output sheet: Unlock CP 06.,Hide governed output sheet: Unlock CP,0.632,45.023,OK,70.332,1.091,106.731
Format Monthly Sheets,TEST v1.7.7 - Framework Timing Report.pdf,Format Monthly Sheets 06.26,Format Monthly Sheets,1,61,Formatted monthly import tab: UC from UC June,Formatted monthly import tab: UC from UC,0.141,45.164,OK,70.332,0.145,106.731
Format Monthly Sheets,TEST v1.7.7 - Framework Timing Report.pdf,Format Monthly Sheets 06.26,Format Monthly Sheets,1,62,Read Raw Data source in place without editing imported values | Rows:,Read Raw Data source in place without editing imported values | Rows,4.531,49.695,OK,70.332,5.920,106.731
Format Monthly Sheets,TEST v1.7.7 - Framework Timing Report.pdf,Format Monthly Sheets 06.26,Format Monthly Sheets,1,63,Rename Raw Data import sheet in place and place in configured creation order: RD June -> Raw Data 06.,Rename Raw Data import sheet in place and place in configured creation order: RD -> Raw Data,0.503,50.198,OK,70.332,7.021,106.731
Format Monthly Sheets,TEST v1.7.7 - Framework Timing Report.pdf,Format Monthly Sheets 06.26,Format Monthly Sheets,1,64,Wave 4 Raw Data header row detection complete | Header row:,Wave 4 Raw Data header row detection complete | Header row,0.864,51.062,OK,70.332,0.730,106.731
Format Monthly Sheets,TEST v1.7.7 - Framework Timing Report.pdf,Format Monthly Sheets 06.26,Format Monthly Sheets,1,65,Wave 4 Raw Data title-row insert complete | Rows inserted:,Wave 4 Raw Data title-row insert complete | Rows inserted,0.160,51.222,OK,70.332,0.998,106.731
Format Monthly Sheets,TEST v1.7.7 - Framework Timing Report.pdf,Format Monthly Sheets 06.26,Format Monthly Sheets,1,66,Wave 4 Raw Data approved-column append complete | Columns added:,Wave 4 Raw Data approved-column append complete | Columns added,0.781,52.003,OK,70.332,1.084,106.731
Format Monthly Sheets,TEST v1.7.7 - Framework Timing Report.pdf,Format Monthly Sheets 06.26,Format Monthly Sheets,1,67,Wave 4 Raw Data title/header formatting start | Width:,Wave 4 Raw Data title/header formatting start | Width,0.469,52.472,OK,70.332,0.545,106.731
Format Monthly Sheets,TEST v1.7.7 - Framework Timing Report.pdf,Format Monthly Sheets 06.26,Format Monthly Sheets,1,68,Wave 4 Raw Data title/header formatting complete,Wave 4 Raw Data title/header formatting complete,0.163,52.635,OK,70.332,0.271,106.731
Format Monthly Sheets,TEST v1.7.7 - Framework Timing Report.pdf,Format Monthly Sheets 06.26,Format Monthly Sheets,1,69,Wave 4 Raw Data frozen rows set,Wave 4 Raw Data frozen rows set,0.416,53.051,OK,70.332,0.635,106.731
Format Monthly Sheets,TEST v1.7.7 - Framework Timing Report.pdf,Format Monthly Sheets 06.26,Format Monthly Sheets,1,70,Wave 4 Raw Data filter removal skipped - no existing filter,Wave 4 Raw Data filter removal skipped - no existing filter,0.408,53.459,OK,70.332,0.292,106.731
Format Monthly Sheets,TEST v1.7.7 - Framework Timing Report.pdf,Format Monthly Sheets 06.26,Format Monthly Sheets,1,71,Wave 4 Raw Data filter creation complete | Rows: 5984; Columns:,Wave 4 Raw Data filter creation complete | Rows: 5984; Columns,1.094,54.553,OK,70.332,0.701,106.731
Format Monthly Sheets,TEST v1.7.7 - Framework Timing Report.pdf,Format Monthly Sheets 06.26,Format Monthly Sheets,1,72,"Wave 4 Raw Data in-place title/header/column work complete | Added columns: Notes, Safety - 2 Person, Wanderer, Interpreter Needed, Fall Risk, DPOA or Guardian Active, Palliative Care, Primary PMR Row","Wave 4 Raw Data in-place title/header/column work complete | Added columns: Notes, Safety - 2 Person, Wanderer, Interpreter Needed, Fall Risk, DPOA or Guardian Active, Palliative Care, Primary PMR Row",0.002,54.555,OK,70.332,0.004,106.731
Format Monthly Sheets,TEST v1.7.7 - Framework Timing Report.pdf,Format Monthly Sheets 06.26,Format Monthly Sheets,1,73,Wave 4 Raw Data approved-sync columns start,Wave 4 Raw Data approved-sync columns start,0.000,54.555,OK,70.332,0.000,106.731
Format Monthly Sheets,TEST v1.7.7 - Framework Timing Report.pdf,Format Monthly Sheets 06.26,Format Monthly Sheets,1,74,Wave 4 Raw Data approved-sync bulk read complete | Rows:,Wave 4 Raw Data approved-sync bulk read complete | Rows,3.790,58.345,OK,70.332,4.008,106.731
Format Monthly Sheets,TEST v1.7.7 - Framework Timing Report.pdf,Format Monthly Sheets 06.26,Format Monthly Sheets,1,75,Wave 4 Raw Data approved-sync guarded write complete | Changed column groups:,Wave 4 Raw Data approved-sync guarded write complete | Changed column groups,0.073,58.418,OK,70.332,0.077,106.731
Format Monthly Sheets,TEST v1.7.7 - Framework Timing Report.pdf,Format Monthly Sheets 06.26,Format Monthly Sheets,1,76,Wave 4 Raw Data approved-sync columns complete | Changed column groups:,Wave 4 Raw Data approved-sync columns complete | Changed column groups,0.004,58.422,OK,70.332,0.006,106.731
Format Monthly Sheets,TEST v1.7.7 - Framework Timing Report.pdf,Format Monthly Sheets 06.26,Format Monthly Sheets,1,77,Wave 4 Raw Data banner-column sync start,Wave 4 Raw Data banner-column sync start,0.000,58.422,OK,70.332,0.000,106.731
Format Monthly Sheets,TEST v1.7.7 - Framework Timing Report.pdf,Format Monthly Sheets 06.26,Format Monthly Sheets,1,78,Wave 4 Raw Data banner-sync bulk read complete | Rows:,Wave 4 Raw Data banner-sync bulk read complete | Rows,4.557,62.979,OK,70.332,4.399,106.731
Format Monthly Sheets,TEST v1.7.7 - Framework Timing Report.pdf,Format Monthly Sheets 06.26,Format Monthly Sheets,1,79,Wave 4 Raw Data banner-sync source map built | Keys:,Wave 4 Raw Data banner-sync source map built | Keys,1.371,64.350,OK,70.332,0.740,106.731
Format Monthly Sheets,TEST v1.7.7 - Framework Timing Report.pdf,Format Monthly Sheets 06.26,Format Monthly Sheets,1,80,Wave 4 Raw Data banner-sync guarded write complete | Changed column groups:,Wave 4 Raw Data banner-sync guarded write complete | Changed column groups,0.897,65.247,OK,70.332,1.222,106.731
Format Monthly Sheets,TEST v1.7.7 - Framework Timing Report.pdf,Format Monthly Sheets 06.26,Format Monthly Sheets,1,81,Wave 4 Raw Data banner-column sync complete | Rows updated:,Wave 4 Raw Data banner-column sync complete | Rows updated,0.010,65.257,OK,70.332,0.010,106.731
Format Monthly Sheets,TEST v1.7.7 - Framework Timing Report.pdf,Format Monthly Sheets 06.26,Format Monthly Sheets,1,82,Wave 4 Raw Data row-height lock start,Wave 4 Raw Data row-height lock start,0.000,65.257,OK,70.332,0.000,106.731
Format Monthly Sheets,TEST v1.7.7 - Framework Timing Report.pdf,Format Monthly Sheets 06.26,Format Monthly Sheets,1,83,Wave 4 Raw Data row-height lock complete,Wave 4 Raw Data row-height lock complete,0.835,66.092,OK,70.332,0.992,106.731
Format Monthly Sheets,TEST v1.7.7 - Framework Timing Report.pdf,Format Monthly Sheets 06.26,Format Monthly Sheets,1,84,Wave 4 Raw Data visibility policy start,Wave 4 Raw Data visibility policy start,0.000,66.092,OK,70.332,0.000,106.731
Format Monthly Sheets,TEST v1.7.7 - Framework Timing Report.pdf,Format Monthly Sheets 06.26,Format Monthly Sheets,1,85,Hide governed output sheet: Raw Data 06.,Hide governed output sheet: Raw Data,0.216,66.308,OK,70.332,0.288,106.731
Format Monthly Sheets,TEST v1.7.7 - Framework Timing Report.pdf,Format Monthly Sheets 06.26,Format Monthly Sheets,1,86,Wave 4 Raw Data visibility policy complete,Wave 4 Raw Data visibility policy complete,0.000,66.308,OK,70.332,0.000,106.731
Format Monthly Sheets,TEST v1.7.7 - Framework Timing Report.pdf,Format Monthly Sheets 06.26,Format Monthly Sheets,1,87,Formatted monthly Raw Data in place without deleting imported columns: Raw Data 06.,Formatted monthly Raw Data in place without deleting imported columns: Raw Data,3.901,70.209,OK,70.332,1.100,106.731
Format Monthly Sheets,TEST v1.7.7 - Framework Timing Report.pdf,Format Monthly Sheets 06.26,Format Monthly Sheets,1,88,Formatted monthly import tab: RD from RD June,Formatted monthly import tab: RD from RD,0.001,70.210,OK,70.332,0.002,106.731
Format Monthly Sheets,TEST v1.7.7 - Framework Timing Report.pdf,Format Monthly Sheets 06.26,Format Monthly Sheets,1,89,Complete,Complete,0.122,70.332,OK,70.332,0.105,106.731
Format Monthly Sheets,testv1.8.9.8 - Framework Timing Report.pdf,Format Monthly Sheets 04.26,Format Monthly Sheets,1,1,Start,Start,0.236,0.236,OK,38.339,0.331,106.731
Format Monthly Sheets,testv1.8.9.8 - Framework Timing Report.pdf,Format Monthly Sheets 04.26,Format Monthly Sheets,1,2,Archive connection opened once for batch processing,Archive connection opened once for batch processing,0.316,0.552,OK,38.339,0.729,106.731
Format Monthly Sheets,testv1.8.9.8 - Framework Timing Report.pdf,Format Monthly Sheets 04.26,Format Monthly Sheets,1,3,Banner output sheet shown: Banners 04.,Banner output sheet shown: Banners,3.766,4.318,OK,38.339,12.426,106.731
Format Monthly Sheets,testv1.8.9.8 - Framework Timing Report.pdf,Format Monthly Sheets 04.26,Format Monthly Sheets,1,4,Raw archive detail - reused pre-opened archive workbook connection: Source - Banners 04.,Raw archive detail - reused pre-opened archive workbook connection: Source - Banners,0.702,5.020,OK,38.339,1.056,106.731
Format Monthly Sheets,testv1.8.9.8 - Framework Timing Report.pdf,Format Monthly Sheets 04.26,Format Monthly Sheets,1,5,Raw archive detail - existing archive sheet deleted if present: Source - Banners 04.,Raw archive detail - existing archive sheet deleted if present: Source - Banners,0.326,5.346,OK,38.339,0.160,106.731
Format Monthly Sheets,testv1.8.9.8 - Framework Timing Report.pdf,Format Monthly Sheets 04.26,Format Monthly Sheets,1,6,Raw archive detail - source sheet copied to archive workbook: Source - Banners 04.,Raw archive detail - source sheet copied to archive workbook: Source - Banners,1.111,6.457,OK,38.339,1.544,106.731
Format Monthly Sheets,testv1.8.9.8 - Framework Timing Report.pdf,Format Monthly Sheets 04.26,Format Monthly Sheets,1,7,Raw archive detail - archive sheet renamed: Source - Banners 04.,Raw archive detail - archive sheet renamed: Source - Banners,0.127,6.584,OK,38.339,1.097,106.731
Format Monthly Sheets,testv1.8.9.8 - Framework Timing Report.pdf,Format Monthly Sheets 04.26,Format Monthly Sheets,1,8,Raw archive detail - archive sheet visibility enforced visible: Source - Banners 04.,Raw archive detail - archive sheet visibility enforced visible: Source - Banners,0.070,6.654,OK,38.339,0.095,106.731
Format Monthly Sheets,testv1.8.9.8 - Framework Timing Report.pdf,Format Monthly Sheets 04.26,Format Monthly Sheets,1,9,Raw data copied to archive: Source - Banners,Raw data copied to archive: Source - Banners,0.000,6.654,OK,38.339,0.000,106.731
Format Monthly Sheets,testv1.8.9.8 - Framework Timing Report.pdf,Format Monthly Sheets 04.26,Format Monthly Sheets,1,10,Local raw sheet deleted to preserve workbook speed,Local raw sheet deleted to preserve workbook speed,0.270,6.924,OK,38.339,0.752,106.731
Format Monthly Sheets,testv1.8.9.8 - Framework Timing Report.pdf,Format Monthly Sheets 04.26,Format Monthly Sheets,1,11,Hide governed output sheet: Banners 04.,Hide governed output sheet: Banners,0.126,7.050,OK,38.339,0.758,106.731
Format Monthly Sheets,testv1.8.9.8 - Framework Timing Report.pdf,Format Monthly Sheets 04.26,Format Monthly Sheets,1,12,Formatted monthly import tab: B from B April,Formatted monthly import tab: B from B,0.056,7.106,OK,38.339,0.168,106.731
Format Monthly Sheets,testv1.8.9.8 - Framework Timing Report.pdf,Format Monthly Sheets 04.26,Format Monthly Sheets,1,13,Prepared monthly dashboard source: CD April,Prepared monthly dashboard source: CD,0.630,7.736,OK,38.339,1.110,106.731
Format Monthly Sheets,testv1.8.9.8 - Framework Timing Report.pdf,Format Monthly Sheets 04.26,Format Monthly Sheets,1,14,Mapped monthly dashboard rows in memory:,Mapped monthly dashboard rows in memory,0.247,7.983,OK,38.339,0.762,106.731
Format Monthly Sheets,testv1.8.9.8 - Framework Timing Report.pdf,Format Monthly Sheets 04.26,Format Monthly Sheets,1,15,Monthly dashboard fast canvas - blank sheet inserted in configured creation order: CP Due 04.,Monthly dashboard fast canvas - blank sheet inserted in configured creation order: CP Due,1.844,9.827,OK,38.339,12.014,106.731
Format Monthly Sheets,testv1.8.9.8 - Framework Timing Report.pdf,Format Monthly Sheets 04.26,Format Monthly Sheets,1,16,Monthly dashboard fast canvas - grid resized to 343 rows x 5 cols: CP Due 04.,Monthly dashboard fast canvas - grid resized to 343 rows x 5 cols: CP Due,0.373,10.200,OK,38.339,1.299,106.731
Format Monthly Sheets,testv1.8.9.8 - Framework Timing Report.pdf,Format Monthly Sheets 04.26,Format Monthly Sheets,1,17,Monthly dashboard fast canvas - template column widths applied: CP Due 04.,Monthly dashboard fast canvas - template column widths applied: CP Due,0.585,10.785,OK,38.339,0.860,106.731
Format Monthly Sheets,testv1.8.9.8 - Framework Timing Report.pdf,Format Monthly Sheets 04.26,Format Monthly Sheets,1,18,Monthly dashboard fast canvas - raw values written | Rows: 339: CP Due 04.,Monthly dashboard fast canvas - raw values written | Rows: 339: CP Due,0.015,10.800,OK,38.339,0.021,106.731
Format Monthly Sheets,testv1.8.9.8 - Framework Timing Report.pdf,Format Monthly Sheets 04.26,Format Monthly Sheets,1,19,Monthly dashboard fast canvas - title rows copied from template: CP Due 04.,Monthly dashboard fast canvas - title rows copied from template: CP Due,0.005,10.805,OK,38.339,0.008,106.731
Format Monthly Sheets,testv1.8.9.8 - Framework Timing Report.pdf,Format Monthly Sheets 04.26,Format Monthly Sheets,1,20,Monthly dashboard fast canvas - header row copied from template: CP Due 04.,Monthly dashboard fast canvas - header row copied from template: CP Due,0.007,10.812,OK,38.339,0.006,106.731
Format Monthly Sheets,testv1.8.9.8 - Framework Timing Report.pdf,Format Monthly Sheets 04.26,Format Monthly Sheets,1,21,Monthly dashboard fast canvas - data-row format copied from template | Rows: 339: CP Due 04.,Monthly dashboard fast canvas - data-row format copied from template | Rows: 339: CP Due,0.006,10.818,OK,38.339,0.011,106.731
Format Monthly Sheets,testv1.8.9.8 - Framework Timing Report.pdf,Format Monthly Sheets 04.26,Format Monthly Sheets,1,22,Monthly dashboard fast canvas - output alternating colors applied: CP Due 04.,Monthly dashboard fast canvas - output alternating colors applied: CP Due,0.032,10.850,OK,38.339,0.046,106.731
Format Monthly Sheets,testv1.8.9.8 - Framework Timing Report.pdf,Format Monthly Sheets 04.26,Format Monthly Sheets,1,23,Monthly dashboard fast canvas - title/date/header values stamped: CP Due,Monthly dashboard fast canvas - title/date/header values stamped: CP Due,0.000,10.850,OK,38.339,0.018,106.731
Format Monthly Sheets,testv1.8.9.8 - Framework Timing Report.pdf,Format Monthly Sheets 04.26,Format Monthly Sheets,1,24,Monthly dashboard fast canvas - frozen rows/columns and tab color applied: CP Due 04.,Monthly dashboard fast canvas - frozen rows/columns and tab color applied: CP Due,1.458,12.308,OK,38.339,2.161,106.731
Format Monthly Sheets,testv1.8.9.8 - Framework Timing Report.pdf,Format Monthly Sheets 04.26,Format Monthly Sheets,1,25,Monthly dashboard fast canvas - filter created: CP Due 04.,Monthly dashboard fast canvas - filter created: CP Due,0.359,12.667,OK,38.339,0.915,106.731
Format Monthly Sheets,testv1.8.9.8 - Framework Timing Report.pdf,Format Monthly Sheets 04.26,Format Monthly Sheets,1,26,Monthly dashboard fast canvas - template-driven canvas wrap applied: CP Due 04.,Monthly dashboard fast canvas - template-driven canvas wrap applied: CP Due,0.148,12.815,OK,38.339,0.481,106.731
Format Monthly Sheets,testv1.8.9.8 - Framework Timing Report.pdf,Format Monthly Sheets 04.26,Format Monthly Sheets,1,27,Monthly dashboard fast canvas - runtime caches cleared: CP Due 04.,Monthly dashboard fast canvas - runtime caches cleared: CP Due,0.002,12.817,OK,38.339,0.004,106.731
Format Monthly Sheets,testv1.8.9.8 - Framework Timing Report.pdf,Format Monthly Sheets 04.26,Format Monthly Sheets,1,28,Created monthly dashboard fast canvas: CP Due,Created monthly dashboard fast canvas: CP Due,0.000,12.817,OK,38.339,0.000,106.731
Format Monthly Sheets,testv1.8.9.8 - Framework Timing Report.pdf,Format Monthly Sheets 04.26,Format Monthly Sheets,1,29,Locked monthly dashboard row heights: CP Due 04.,Locked monthly dashboard row heights: CP Due,0.270,13.087,OK,38.339,0.696,106.731
Format Monthly Sheets,testv1.8.9.8 - Framework Timing Report.pdf,Format Monthly Sheets 04.26,Format Monthly Sheets,1,30,Raw archive detail - reused pre-opened archive workbook connection: Source - CP Due,Raw archive detail - reused pre-opened archive workbook connection: Source - CP Due,0.000,13.087,OK,38.339,0.000,106.731
Format Monthly Sheets,testv1.8.9.8 - Framework Timing Report.pdf,Format Monthly Sheets 04.26,Format Monthly Sheets,1,31,Raw archive detail - existing archive sheet deleted if present: Source - CP Due 04.,Raw archive detail - existing archive sheet deleted if present: Source - CP Due,0.336,13.423,OK,38.339,0.098,106.731
Format Monthly Sheets,testv1.8.9.8 - Framework Timing Report.pdf,Format Monthly Sheets 04.26,Format Monthly Sheets,1,32,Raw archive detail - source sheet copied to archive workbook: Source - CP Due 04.,Raw archive detail - source sheet copied to archive workbook: Source - CP Due,0.750,14.173,OK,38.339,1.282,106.731
Format Monthly Sheets,testv1.8.9.8 - Framework Timing Report.pdf,Format Monthly Sheets 04.26,Format Monthly Sheets,1,33,Raw archive detail - archive sheet renamed: Source - CP Due 04.,Raw archive detail - archive sheet renamed: Source - CP Due,0.126,14.299,OK,38.339,0.163,106.731
Format Monthly Sheets,testv1.8.9.8 - Framework Timing Report.pdf,Format Monthly Sheets 04.26,Format Monthly Sheets,1,34,Raw archive detail - archive sheet visibility enforced visible: Source - CP Due 04.,Raw archive detail - archive sheet visibility enforced visible: Source - CP Due,0.065,14.364,OK,38.339,0.084,106.731
Format Monthly Sheets,testv1.8.9.8 - Framework Timing Report.pdf,Format Monthly Sheets 04.26,Format Monthly Sheets,1,35,Raw data copied to archive: Source - CP Due,Raw data copied to archive: Source - CP Due,0.000,14.364,OK,38.339,0.000,106.731
Format Monthly Sheets,testv1.8.9.8 - Framework Timing Report.pdf,Format Monthly Sheets 04.26,Format Monthly Sheets,1,36,Local raw sheet deleted to preserve workbook speed,Local raw sheet deleted to preserve workbook speed,0.268,14.632,OK,38.339,0.752,106.731
Format Monthly Sheets,testv1.8.9.8 - Framework Timing Report.pdf,Format Monthly Sheets 04.26,Format Monthly Sheets,1,37,Hide governed output sheet: CP Due 04.,Hide governed output sheet: CP Due,0.151,14.783,OK,38.339,0.703,106.731
Format Monthly Sheets,testv1.8.9.8 - Framework Timing Report.pdf,Format Monthly Sheets 04.26,Format Monthly Sheets,1,38,Formatted monthly import tab: CD from CD April,Formatted monthly import tab: CD from CD,0.054,14.837,OK,38.339,0.162,106.731
Format Monthly Sheets,testv1.8.9.8 - Framework Timing Report.pdf,Format Monthly Sheets 04.26,Format Monthly Sheets,1,39,Prepared monthly dashboard source: UC April,Prepared monthly dashboard source: UC,0.457,15.294,OK,38.339,0.774,106.731
Format Monthly Sheets,testv1.8.9.8 - Framework Timing Report.pdf,Format Monthly Sheets 04.26,Format Monthly Sheets,1,40,Mapped monthly dashboard rows in memory:,Mapped monthly dashboard rows in memory,0.210,15.504,OK,38.339,0.762,106.731
Format Monthly Sheets,testv1.8.9.8 - Framework Timing Report.pdf,Format Monthly Sheets 04.26,Format Monthly Sheets,1,41,Monthly dashboard fast canvas - blank sheet inserted in configured creation order: Unlock CP 04.,Monthly dashboard fast canvas - blank sheet inserted in configured creation order: Unlock CP,1.637,17.141,OK,38.339,11.441,106.731
Format Monthly Sheets,testv1.8.9.8 - Framework Timing Report.pdf,Format Monthly Sheets 04.26,Format Monthly Sheets,1,42,Monthly dashboard fast canvas - grid resized to 358 rows x 4 cols: Unlock CP 04.,Monthly dashboard fast canvas - grid resized to 358 rows x 4 cols: Unlock CP,0.347,17.488,OK,38.339,0.753,106.731
Format Monthly Sheets,testv1.8.9.8 - Framework Timing Report.pdf,Format Monthly Sheets 04.26,Format Monthly Sheets,1,43,Monthly dashboard fast canvas - template column widths applied: Unlock CP 04.,Monthly dashboard fast canvas - template column widths applied: Unlock CP,0.722,18.210,OK,38.339,0.559,106.731
Format Monthly Sheets,testv1.8.9.8 - Framework Timing Report.pdf,Format Monthly Sheets 04.26,Format Monthly Sheets,1,44,Monthly dashboard fast canvas - raw values written | Rows: 354: Unlock CP 04.,Monthly dashboard fast canvas - raw values written | Rows: 354: Unlock CP,0.017,18.227,OK,38.339,0.019,106.731
Format Monthly Sheets,testv1.8.9.8 - Framework Timing Report.pdf,Format Monthly Sheets 04.26,Format Monthly Sheets,1,45,Monthly dashboard fast canvas - title rows copied from template: Unlock CP 04.,Monthly dashboard fast canvas - title rows copied from template: Unlock CP,0.007,18.234,OK,38.339,0.015,106.731
Format Monthly Sheets,testv1.8.9.8 - Framework Timing Report.pdf,Format Monthly Sheets 04.26,Format Monthly Sheets,1,46,Monthly dashboard fast canvas - header row copied from template: Unlock CP 04.,Monthly dashboard fast canvas - header row copied from template: Unlock CP,0.008,18.242,OK,38.339,0.014,106.731
Format Monthly Sheets,testv1.8.9.8 - Framework Timing Report.pdf,Format Monthly Sheets 04.26,Format Monthly Sheets,1,47,Monthly dashboard fast canvas - data-row format copied from template | Rows: 354: Unlock CP 04.,Monthly dashboard fast canvas - data-row format copied from template | Rows: 354: Unlock CP,0.009,18.251,OK,38.339,0.012,106.731
Format Monthly Sheets,testv1.8.9.8 - Framework Timing Report.pdf,Format Monthly Sheets 04.26,Format Monthly Sheets,1,48,Monthly dashboard fast canvas - output alternating colors applied: Unlock CP 04.,Monthly dashboard fast canvas - output alternating colors applied: Unlock CP,0.047,18.298,OK,38.339,0.051,106.731
Format Monthly Sheets,testv1.8.9.8 - Framework Timing Report.pdf,Format Monthly Sheets 04.26,Format Monthly Sheets,1,49,Monthly dashboard fast canvas - title/date/header values stamped: Unlock CP,Monthly dashboard fast canvas - title/date/header values stamped: Unlock CP,0.000,18.298,OK,38.339,0.039,106.731
Format Monthly Sheets,testv1.8.9.8 - Framework Timing Report.pdf,Format Monthly Sheets 04.26,Format Monthly Sheets,1,50,Monthly dashboard fast canvas - frozen rows/columns and tab color applied: Unlock CP 04.,Monthly dashboard fast canvas - frozen rows/columns and tab color applied: Unlock CP,0.709,19.007,OK,38.339,1.001,106.731
Format Monthly Sheets,testv1.8.9.8 - Framework Timing Report.pdf,Format Monthly Sheets 04.26,Format Monthly Sheets,1,51,Monthly dashboard fast canvas - filter created: Unlock CP 04.,Monthly dashboard fast canvas - filter created: Unlock CP,0.300,19.307,OK,38.339,0.845,106.731
Format Monthly Sheets,testv1.8.9.8 - Framework Timing Report.pdf,Format Monthly Sheets 04.26,Format Monthly Sheets,1,52,Monthly dashboard fast canvas - template-driven canvas wrap applied: Unlock CP 04.,Monthly dashboard fast canvas - template-driven canvas wrap applied: Unlock CP,0.184,19.491,OK,38.339,0.465,106.731
Format Monthly Sheets,testv1.8.9.8 - Framework Timing Report.pdf,Format Monthly Sheets 04.26,Format Monthly Sheets,1,53,Monthly dashboard fast canvas - runtime caches cleared: Unlock CP 04.,Monthly dashboard fast canvas - runtime caches cleared: Unlock CP,0.004,19.495,OK,38.339,0.010,106.731
Format Monthly Sheets,testv1.8.9.8 - Framework Timing Report.pdf,Format Monthly Sheets 04.26,Format Monthly Sheets,1,54,Created monthly dashboard fast canvas: Unlock CP,Created monthly dashboard fast canvas: Unlock CP,0.000,19.495,OK,38.339,0.000,106.731
Format Monthly Sheets,testv1.8.9.8 - Framework Timing Report.pdf,Format Monthly Sheets 04.26,Format Monthly Sheets,1,55,Locked monthly dashboard row heights: Unlock CP 04.,Locked monthly dashboard row heights: Unlock CP,0.156,19.651,OK,38.339,0.941,106.731
Format Monthly Sheets,testv1.8.9.8 - Framework Timing Report.pdf,Format Monthly Sheets 04.26,Format Monthly Sheets,1,56,Raw archive detail - reused pre-opened archive workbook connection: Source - Unlocked CP,Raw archive detail - reused pre-opened archive workbook connection: Source - Unlocked CP,0.000,19.651,OK,38.339,0.000,106.731
Format Monthly Sheets,testv1.8.9.8 - Framework Timing Report.pdf,Format Monthly Sheets 04.26,Format Monthly Sheets,1,57,Raw archive detail - existing archive sheet deleted if present: Source - Unlocked CP 04.,Raw archive detail - existing archive sheet deleted if present: Source - Unlocked CP,0.226,19.877,OK,38.339,0.097,106.731
Format Monthly Sheets,testv1.8.9.8 - Framework Timing Report.pdf,Format Monthly Sheets 04.26,Format Monthly Sheets,1,58,Raw archive detail - source sheet copied to archive workbook: Source - Unlocked CP 04.,Raw archive detail - source sheet copied to archive workbook: Source - Unlocked CP,0.689,20.566,OK,38.339,1.249,106.731
Format Monthly Sheets,testv1.8.9.8 - Framework Timing Report.pdf,Format Monthly Sheets 04.26,Format Monthly Sheets,1,59,Raw archive detail - archive sheet renamed: Source - Unlocked CP 04.,Raw archive detail - archive sheet renamed: Source - Unlocked CP,0.143,20.709,OK,38.339,0.217,106.731
Format Monthly Sheets,testv1.8.9.8 - Framework Timing Report.pdf,Format Monthly Sheets 04.26,Format Monthly Sheets,1,60,Raw archive detail - archive sheet visibility enforced visible: Source - Unlocked CP 04.,Raw archive detail - archive sheet visibility enforced visible: Source - Unlocked CP,0.062,20.771,OK,38.339,0.099,106.731
Format Monthly Sheets,testv1.8.9.8 - Framework Timing Report.pdf,Format Monthly Sheets 04.26,Format Monthly Sheets,1,61,Raw data copied to archive: Source - Unlocked CP,Raw data copied to archive: Source - Unlocked CP,0.000,20.771,OK,38.339,0.000,106.731
Format Monthly Sheets,testv1.8.9.8 - Framework Timing Report.pdf,Format Monthly Sheets 04.26,Format Monthly Sheets,1,62,Local raw sheet deleted to preserve workbook speed,Local raw sheet deleted to preserve workbook speed,0.271,21.042,OK,38.339,0.752,106.731
Format Monthly Sheets,testv1.8.9.8 - Framework Timing Report.pdf,Format Monthly Sheets 04.26,Format Monthly Sheets,1,63,Hide governed output sheet: Unlock CP 04.,Hide governed output sheet: Unlock CP,0.134,21.176,OK,38.339,1.091,106.731
Format Monthly Sheets,testv1.8.9.8 - Framework Timing Report.pdf,Format Monthly Sheets 04.26,Format Monthly Sheets,1,64,Formatted monthly import tab: UC from UC April,Formatted monthly import tab: UC from UC,0.053,21.229,OK,38.339,0.145,106.731
Format Monthly Sheets,testv1.8.9.8 - Framework Timing Report.pdf,Format Monthly Sheets 04.26,Format Monthly Sheets,1,65,Read Raw Data source in place without editing imported values | Rows:,Read Raw Data source in place without editing imported values | Rows,3.365,24.594,OK,38.339,5.920,106.731
Format Monthly Sheets,testv1.8.9.8 - Framework Timing Report.pdf,Format Monthly Sheets 04.26,Format Monthly Sheets,1,66,Rename Raw Data import sheet in place and place in configured creation order: RD April -> Raw Data 04.,Rename Raw Data import sheet in place and place in configured creation order: RD -> Raw Data,0.542,25.136,OK,38.339,7.021,106.731
Format Monthly Sheets,testv1.8.9.8 - Framework Timing Report.pdf,Format Monthly Sheets 04.26,Format Monthly Sheets,1,67,Wave 4 Raw Data header row detection complete | Header row:,Wave 4 Raw Data header row detection complete | Header row,0.426,25.562,OK,38.339,0.730,106.731
Format Monthly Sheets,testv1.8.9.8 - Framework Timing Report.pdf,Format Monthly Sheets 04.26,Format Monthly Sheets,1,68,Wave 4 Raw Data title-row insert complete | Rows inserted:,Wave 4 Raw Data title-row insert complete | Rows inserted,0.102,25.664,OK,38.339,0.998,106.731
Format Monthly Sheets,testv1.8.9.8 - Framework Timing Report.pdf,Format Monthly Sheets 04.26,Format Monthly Sheets,1,69,Wave 4 Raw Data approved-column append complete | Columns added:,Wave 4 Raw Data approved-column append complete | Columns added,0.748,26.412,OK,38.339,1.084,106.731
Format Monthly Sheets,testv1.8.9.8 - Framework Timing Report.pdf,Format Monthly Sheets 04.26,Format Monthly Sheets,1,70,Wave 4 Raw Data title/header formatting start | Width:,Wave 4 Raw Data title/header formatting start | Width,0.391,26.803,OK,38.339,0.545,106.731
Format Monthly Sheets,testv1.8.9.8 - Framework Timing Report.pdf,Format Monthly Sheets 04.26,Format Monthly Sheets,1,71,Wave 4 Raw Data title/header formatting complete,Wave 4 Raw Data title/header formatting complete,0.199,27.002,OK,38.339,0.271,106.731
Format Monthly Sheets,testv1.8.9.8 - Framework Timing Report.pdf,Format Monthly Sheets 04.26,Format Monthly Sheets,1,72,Wave 4 Raw Data frozen rows set,Wave 4 Raw Data frozen rows set,0.526,27.528,OK,38.339,0.635,106.731
Format Monthly Sheets,testv1.8.9.8 - Framework Timing Report.pdf,Format Monthly Sheets 04.26,Format Monthly Sheets,1,73,Wave 4 Raw Data filter removal complete,Wave 4 Raw Data filter removal complete,0.307,27.835,OK,38.339,0.709,106.731
Format Monthly Sheets,testv1.8.9.8 - Framework Timing Report.pdf,Format Monthly Sheets 04.26,Format Monthly Sheets,1,74,Wave 4 Raw Data filter creation complete | Rows: 5932; Columns:,Wave 4 Raw Data filter creation complete | Rows: 5932; Columns,0.314,28.149,OK,38.339,0.775,106.731
Format Monthly Sheets,testv1.8.9.8 - Framework Timing Report.pdf,Format Monthly Sheets 04.26,Format Monthly Sheets,1,75,"Wave 4 Raw Data in-place title/header/column work complete | Added columns: Safety - 2 Person, Wanderer, Interpreter Needed, Fall Risk, DPOA or Guardian Active, Palliative Care, Primary PMR Row","Wave 4 Raw Data in-place title/header/column work complete | Added columns: Safety - 2 Person, Wanderer, Interpreter Needed, Fall Risk, DPOA or Guardian Active, Palliative Care, Primary PMR Row",0.006,28.155,OK,38.339,0.005,106.731
Format Monthly Sheets,testv1.8.9.8 - Framework Timing Report.pdf,Format Monthly Sheets 04.26,Format Monthly Sheets,1,76,Wave 4 Raw Data approved-sync columns start,Wave 4 Raw Data approved-sync columns start,0.000,28.155,OK,38.339,0.000,106.731
Format Monthly Sheets,testv1.8.9.8 - Framework Timing Report.pdf,Format Monthly Sheets 04.26,Format Monthly Sheets,1,77,Wave 4 Raw Data approved-sync bulk read complete | Rows:,Wave 4 Raw Data approved-sync bulk read complete | Rows,3.179,31.334,OK,38.339,4.008,106.731
Format Monthly Sheets,testv1.8.9.8 - Framework Timing Report.pdf,Format Monthly Sheets 04.26,Format Monthly Sheets,1,78,Wave 4 Raw Data approved-sync guarded write complete | Changed column groups:,Wave 4 Raw Data approved-sync guarded write complete | Changed column groups,0.085,31.419,OK,38.339,0.077,106.731
Format Monthly Sheets,testv1.8.9.8 - Framework Timing Report.pdf,Format Monthly Sheets 04.26,Format Monthly Sheets,1,79,Wave 4 Raw Data approved-sync columns complete | Changed column groups:,Wave 4 Raw Data approved-sync columns complete | Changed column groups,0.007,31.426,OK,38.339,0.006,106.731
Format Monthly Sheets,testv1.8.9.8 - Framework Timing Report.pdf,Format Monthly Sheets 04.26,Format Monthly Sheets,1,80,Wave 4 Raw Data banner-column sync start,Wave 4 Raw Data banner-column sync start,0.000,31.426,OK,38.339,0.000,106.731
Format Monthly Sheets,testv1.8.9.8 - Framework Timing Report.pdf,Format Monthly Sheets 04.26,Format Monthly Sheets,1,81,Wave 4 Raw Data banner-sync bulk read complete | Rows:,Wave 4 Raw Data banner-sync bulk read complete | Rows,3.475,34.901,OK,38.339,4.399,106.731
Format Monthly Sheets,testv1.8.9.8 - Framework Timing Report.pdf,Format Monthly Sheets 04.26,Format Monthly Sheets,1,82,Wave 4 Raw Data banner-sync source map built | Keys:,Wave 4 Raw Data banner-sync source map built | Keys,0.353,35.254,OK,38.339,0.740,106.731
Format Monthly Sheets,testv1.8.9.8 - Framework Timing Report.pdf,Format Monthly Sheets 04.26,Format Monthly Sheets,1,83,Wave 4 Raw Data banner-sync guarded write complete | Changed column groups:,Wave 4 Raw Data banner-sync guarded write complete | Changed column groups,0.842,36.096,OK,38.339,1.222,106.731
Format Monthly Sheets,testv1.8.9.8 - Framework Timing Report.pdf,Format Monthly Sheets 04.26,Format Monthly Sheets,1,84,Wave 4 Raw Data banner-column sync complete | Rows updated:,Wave 4 Raw Data banner-column sync complete | Rows updated,0.009,36.105,OK,38.339,0.010,106.731
Format Monthly Sheets,testv1.8.9.8 - Framework Timing Report.pdf,Format Monthly Sheets 04.26,Format Monthly Sheets,1,85,Wave 4 Raw Data row-height lock start,Wave 4 Raw Data row-height lock start,0.000,36.105,OK,38.339,0.000,106.731
Format Monthly Sheets,testv1.8.9.8 - Framework Timing Report.pdf,Format Monthly Sheets 04.26,Format Monthly Sheets,1,86,Wave 4 Raw Data row-height lock complete,Wave 4 Raw Data row-height lock complete,0.688,36.793,OK,38.339,0.992,106.731
Format Monthly Sheets,testv1.8.9.8 - Framework Timing Report.pdf,Format Monthly Sheets 04.26,Format Monthly Sheets,1,87,Wave 4 Raw Data visibility policy start,Wave 4 Raw Data visibility policy start,0.000,36.793,OK,38.339,0.000,106.731
Format Monthly Sheets,testv1.8.9.8 - Framework Timing Report.pdf,Format Monthly Sheets 04.26,Format Monthly Sheets,1,88,Hide governed output sheet: Raw Data 04.,Hide governed output sheet: Raw Data,0.223,37.016,OK,38.339,0.288,106.731
Format Monthly Sheets,testv1.8.9.8 - Framework Timing Report.pdf,Format Monthly Sheets 04.26,Format Monthly Sheets,1,89,Wave 4 Raw Data visibility policy complete,Wave 4 Raw Data visibility policy complete,0.000,37.016,OK,38.339,0.000,106.731
Format Monthly Sheets,testv1.8.9.8 - Framework Timing Report.pdf,Format Monthly Sheets 04.26,Format Monthly Sheets,1,90,Raw Data Index refresh deferred,Raw Data Index refresh deferred,0.002,37.018,OK,38.339,0.005,106.731
Format Monthly Sheets,testv1.8.9.8 - Framework Timing Report.pdf,Format Monthly Sheets 04.26,Format Monthly Sheets,1,91,Formatted monthly Raw Data in place without deleting imported columns: Raw Data 04.,Formatted monthly Raw Data in place without deleting imported columns: Raw Data,0.050,37.068,OK,38.339,1.100,106.731
Format Monthly Sheets,testv1.8.9.8 - Framework Timing Report.pdf,Format Monthly Sheets 04.26,Format Monthly Sheets,1,92,Formatted monthly import tab: RD from RD April,Formatted monthly import tab: RD from RD,0.002,37.070,OK,38.339,0.002,106.731
Format Monthly Sheets,testv1.8.9.8 - Framework Timing Report.pdf,Format Monthly Sheets 04.26,Format Monthly Sheets,1,93,Index explicitly refreshed once using shared connection,Index explicitly refreshed once using shared connection,1.218,38.288,OK,38.339,1.240,106.731
Format Monthly Sheets,testv1.8.9.8 - Framework Timing Report.pdf,Format Monthly Sheets 04.26,Format Monthly Sheets,1,94,Complete,Complete,0.051,38.339,OK,38.339,0.105,106.731
Format Monthly Sheets,testv1.8.9.8 - Framework Timing Report.pdf,Format Monthly Sheets 05.26,Format Monthly Sheets,1,1,Start,Start,0.227,0.227,OK,34.696,0.331,106.731
Format Monthly Sheets,testv1.8.9.8 - Framework Timing Report.pdf,Format Monthly Sheets 05.26,Format Monthly Sheets,1,2,Archive connection opened once for batch processing,Archive connection opened once for batch processing,0.296,0.523,OK,34.696,0.729,106.731
Format Monthly Sheets,testv1.8.9.8 - Framework Timing Report.pdf,Format Monthly Sheets 05.26,Format Monthly Sheets,1,3,Banner output sheet shown: Banners 05.,Banner output sheet shown: Banners,3.771,4.294,OK,34.696,12.426,106.731
Format Monthly Sheets,testv1.8.9.8 - Framework Timing Report.pdf,Format Monthly Sheets 05.26,Format Monthly Sheets,1,4,Raw archive detail - reused pre-opened archive workbook connection: Source - Banners 05.,Raw archive detail - reused pre-opened archive workbook connection: Source - Banners,0.638,4.932,OK,34.696,1.056,106.731
Format Monthly Sheets,testv1.8.9.8 - Framework Timing Report.pdf,Format Monthly Sheets 05.26,Format Monthly Sheets,1,5,Raw archive detail - existing archive sheet deleted if present: Source - Banners 05.,Raw archive detail - existing archive sheet deleted if present: Source - Banners,0.144,5.076,OK,34.696,0.160,106.731
Format Monthly Sheets,testv1.8.9.8 - Framework Timing Report.pdf,Format Monthly Sheets 05.26,Format Monthly Sheets,1,6,Raw archive detail - source sheet copied to archive workbook: Source - Banners 05.,Raw archive detail - source sheet copied to archive workbook: Source - Banners,1.235,6.311,OK,34.696,1.544,106.731
Format Monthly Sheets,testv1.8.9.8 - Framework Timing Report.pdf,Format Monthly Sheets 05.26,Format Monthly Sheets,1,7,Raw archive detail - archive sheet renamed: Source - Banners 05.,Raw archive detail - archive sheet renamed: Source - Banners,0.151,6.462,OK,34.696,1.097,106.731
Format Monthly Sheets,testv1.8.9.8 - Framework Timing Report.pdf,Format Monthly Sheets 05.26,Format Monthly Sheets,1,8,Raw archive detail - archive sheet visibility enforced visible: Source - Banners 05.,Raw archive detail - archive sheet visibility enforced visible: Source - Banners,0.070,6.532,OK,34.696,0.095,106.731
Format Monthly Sheets,testv1.8.9.8 - Framework Timing Report.pdf,Format Monthly Sheets 05.26,Format Monthly Sheets,1,9,Raw data copied to archive: Source - Banners,Raw data copied to archive: Source - Banners,0.000,6.532,OK,34.696,0.000,106.731
Format Monthly Sheets,testv1.8.9.8 - Framework Timing Report.pdf,Format Monthly Sheets 05.26,Format Monthly Sheets,1,10,Local raw sheet deleted to preserve workbook speed,Local raw sheet deleted to preserve workbook speed,0.332,6.864,OK,34.696,0.752,106.731
Format Monthly Sheets,testv1.8.9.8 - Framework Timing Report.pdf,Format Monthly Sheets 05.26,Format Monthly Sheets,1,11,Hide governed output sheet: Banners 05.,Hide governed output sheet: Banners,0.169,7.033,OK,34.696,0.758,106.731
Format Monthly Sheets,testv1.8.9.8 - Framework Timing Report.pdf,Format Monthly Sheets 05.26,Format Monthly Sheets,1,12,Formatted monthly import tab: B from B May,Formatted monthly import tab: B from B,0.051,7.084,OK,34.696,0.168,106.731
Format Monthly Sheets,testv1.8.9.8 - Framework Timing Report.pdf,Format Monthly Sheets 05.26,Format Monthly Sheets,1,13,Prepared monthly dashboard source: CD May,Prepared monthly dashboard source: CD,0.372,7.456,OK,34.696,1.110,106.731
Format Monthly Sheets,testv1.8.9.8 - Framework Timing Report.pdf,Format Monthly Sheets 05.26,Format Monthly Sheets,1,14,Mapped monthly dashboard rows in memory:,Mapped monthly dashboard rows in memory,0.271,7.727,OK,34.696,0.762,106.731
Format Monthly Sheets,testv1.8.9.8 - Framework Timing Report.pdf,Format Monthly Sheets 05.26,Format Monthly Sheets,1,15,Monthly dashboard fast canvas - blank sheet inserted in configured creation order: CP Due 05.,Monthly dashboard fast canvas - blank sheet inserted in configured creation order: CP Due,2.361,10.088,OK,34.696,12.014,106.731
Format Monthly Sheets,testv1.8.9.8 - Framework Timing Report.pdf,Format Monthly Sheets 05.26,Format Monthly Sheets,1,16,Monthly dashboard fast canvas - grid resized to 339 rows x 5 cols: CP Due 05.,Monthly dashboard fast canvas - grid resized to 339 rows x 5 cols: CP Due,0.630,10.718,OK,34.696,1.136,106.731
Format Monthly Sheets,testv1.8.9.8 - Framework Timing Report.pdf,Format Monthly Sheets 05.26,Format Monthly Sheets,1,17,Monthly dashboard fast canvas - template column widths applied: CP Due 05.,Monthly dashboard fast canvas - template column widths applied: CP Due,0.335,11.053,OK,34.696,0.860,106.731
Format Monthly Sheets,testv1.8.9.8 - Framework Timing Report.pdf,Format Monthly Sheets 05.26,Format Monthly Sheets,1,18,Monthly dashboard fast canvas - raw values written | Rows: 335: CP Due 05.,Monthly dashboard fast canvas - raw values written | Rows: 335: CP Due,0.018,11.071,OK,34.696,0.018,106.731
Format Monthly Sheets,testv1.8.9.8 - Framework Timing Report.pdf,Format Monthly Sheets 05.26,Format Monthly Sheets,1,19,Monthly dashboard fast canvas - title rows copied from template: CP Due 05.,Monthly dashboard fast canvas - title rows copied from template: CP Due,0.007,11.078,OK,34.696,0.008,106.731
Format Monthly Sheets,testv1.8.9.8 - Framework Timing Report.pdf,Format Monthly Sheets 05.26,Format Monthly Sheets,1,20,Monthly dashboard fast canvas - header row copied from template: CP Due 05.,Monthly dashboard fast canvas - header row copied from template: CP Due,0.006,11.084,OK,34.696,0.006,106.731
Format Monthly Sheets,testv1.8.9.8 - Framework Timing Report.pdf,Format Monthly Sheets 05.26,Format Monthly Sheets,1,21,Monthly dashboard fast canvas - data-row format copied from template | Rows: 335: CP Due 05.,Monthly dashboard fast canvas - data-row format copied from template | Rows: 335: CP Due,0.007,11.091,OK,34.696,0.010,106.731
Format Monthly Sheets,testv1.8.9.8 - Framework Timing Report.pdf,Format Monthly Sheets 05.26,Format Monthly Sheets,1,22,Monthly dashboard fast canvas - output alternating colors applied: CP Due 05.,Monthly dashboard fast canvas - output alternating colors applied: CP Due,0.038,11.129,OK,34.696,0.046,106.731
Format Monthly Sheets,testv1.8.9.8 - Framework Timing Report.pdf,Format Monthly Sheets 05.26,Format Monthly Sheets,1,23,Monthly dashboard fast canvas - title/date/header values stamped: CP Due,Monthly dashboard fast canvas - title/date/header values stamped: CP Due,0.000,11.129,OK,34.696,0.018,106.731
Format Monthly Sheets,testv1.8.9.8 - Framework Timing Report.pdf,Format Monthly Sheets 05.26,Format Monthly Sheets,1,24,Monthly dashboard fast canvas - frozen rows/columns and tab color applied: CP Due 05.,Monthly dashboard fast canvas - frozen rows/columns and tab color applied: CP Due,0.818,11.947,OK,34.696,2.161,106.731
Format Monthly Sheets,testv1.8.9.8 - Framework Timing Report.pdf,Format Monthly Sheets 05.26,Format Monthly Sheets,1,25,Monthly dashboard fast canvas - filter created: CP Due 05.,Monthly dashboard fast canvas - filter created: CP Due,0.601,12.548,OK,34.696,0.915,106.731
Format Monthly Sheets,testv1.8.9.8 - Framework Timing Report.pdf,Format Monthly Sheets 05.26,Format Monthly Sheets,1,26,Monthly dashboard fast canvas - template-driven canvas wrap applied: CP Due 05.,Monthly dashboard fast canvas - template-driven canvas wrap applied: CP Due,0.161,12.709,OK,34.696,0.481,106.731
Format Monthly Sheets,testv1.8.9.8 - Framework Timing Report.pdf,Format Monthly Sheets 05.26,Format Monthly Sheets,1,27,Monthly dashboard fast canvas - runtime caches cleared: CP Due 05.,Monthly dashboard fast canvas - runtime caches cleared: CP Due,0.002,12.711,OK,34.696,0.004,106.731
Format Monthly Sheets,testv1.8.9.8 - Framework Timing Report.pdf,Format Monthly Sheets 05.26,Format Monthly Sheets,1,28,Created monthly dashboard fast canvas: CP Due,Created monthly dashboard fast canvas: CP Due,0.000,12.711,OK,34.696,0.000,106.731
Format Monthly Sheets,testv1.8.9.8 - Framework Timing Report.pdf,Format Monthly Sheets 05.26,Format Monthly Sheets,1,29,Locked monthly dashboard row heights: CP Due 05.,Locked monthly dashboard row heights: CP Due,0.171,12.882,OK,34.696,0.696,106.731
Format Monthly Sheets,testv1.8.9.8 - Framework Timing Report.pdf,Format Monthly Sheets 05.26,Format Monthly Sheets,1,30,Raw archive detail - reused pre-opened archive workbook connection: Source - CP Due,Raw archive detail - reused pre-opened archive workbook connection: Source - CP Due,0.000,12.882,OK,34.696,0.000,106.731
Format Monthly Sheets,testv1.8.9.8 - Framework Timing Report.pdf,Format Monthly Sheets 05.26,Format Monthly Sheets,1,31,Raw archive detail - existing archive sheet deleted if present: Source - CP Due 05.,Raw archive detail - existing archive sheet deleted if present: Source - CP Due,0.091,12.973,OK,34.696,0.098,106.731
Format Monthly Sheets,testv1.8.9.8 - Framework Timing Report.pdf,Format Monthly Sheets 05.26,Format Monthly Sheets,1,32,Raw archive detail - source sheet copied to archive workbook: Source - CP Due 05.,Raw archive detail - source sheet copied to archive workbook: Source - CP Due,0.797,13.770,OK,34.696,1.282,106.731
Format Monthly Sheets,testv1.8.9.8 - Framework Timing Report.pdf,Format Monthly Sheets 05.26,Format Monthly Sheets,1,33,Raw archive detail - archive sheet renamed: Source - CP Due 05.,Raw archive detail - archive sheet renamed: Source - CP Due,0.136,13.906,OK,34.696,0.163,106.731
Format Monthly Sheets,testv1.8.9.8 - Framework Timing Report.pdf,Format Monthly Sheets 05.26,Format Monthly Sheets,1,34,Raw archive detail - archive sheet visibility enforced visible: Source - CP Due 05.,Raw archive detail - archive sheet visibility enforced visible: Source - CP Due,0.063,13.969,OK,34.696,0.084,106.731
Format Monthly Sheets,testv1.8.9.8 - Framework Timing Report.pdf,Format Monthly Sheets 05.26,Format Monthly Sheets,1,35,Raw data copied to archive: Source - CP Due,Raw data copied to archive: Source - CP Due,0.000,13.969,OK,34.696,0.000,106.731
Format Monthly Sheets,testv1.8.9.8 - Framework Timing Report.pdf,Format Monthly Sheets 05.26,Format Monthly Sheets,1,36,Local raw sheet deleted to preserve workbook speed,Local raw sheet deleted to preserve workbook speed,0.572,14.541,OK,34.696,0.752,106.731
Format Monthly Sheets,testv1.8.9.8 - Framework Timing Report.pdf,Format Monthly Sheets 05.26,Format Monthly Sheets,1,37,Hide governed output sheet: CP Due 05.,Hide governed output sheet: CP Due,0.145,14.686,OK,34.696,0.703,106.731
Format Monthly Sheets,testv1.8.9.8 - Framework Timing Report.pdf,Format Monthly Sheets 05.26,Format Monthly Sheets,1,38,Formatted monthly import tab: CD from CD May,Formatted monthly import tab: CD from CD,0.066,14.752,OK,34.696,0.162,106.731
Format Monthly Sheets,testv1.8.9.8 - Framework Timing Report.pdf,Format Monthly Sheets 05.26,Format Monthly Sheets,1,39,Prepared monthly dashboard source: UC May,Prepared monthly dashboard source: UC,0.410,15.162,OK,34.696,0.774,106.731
Format Monthly Sheets,testv1.8.9.8 - Framework Timing Report.pdf,Format Monthly Sheets 05.26,Format Monthly Sheets,1,40,Mapped monthly dashboard rows in memory:,Mapped monthly dashboard rows in memory,0.303,15.465,OK,34.696,0.762,106.731
Format Monthly Sheets,testv1.8.9.8 - Framework Timing Report.pdf,Format Monthly Sheets 05.26,Format Monthly Sheets,1,41,Monthly dashboard fast canvas - blank sheet inserted in configured creation order: Unlock CP 05.,Monthly dashboard fast canvas - blank sheet inserted in configured creation order: Unlock CP,2.207,17.672,OK,34.696,11.441,106.731
Format Monthly Sheets,testv1.8.9.8 - Framework Timing Report.pdf,Format Monthly Sheets 05.26,Format Monthly Sheets,1,42,Monthly dashboard fast canvas - grid resized to 351 rows x 4 cols: Unlock CP 05.,Monthly dashboard fast canvas - grid resized to 351 rows x 4 cols: Unlock CP,0.413,18.085,OK,34.696,0.885,106.731
Format Monthly Sheets,testv1.8.9.8 - Framework Timing Report.pdf,Format Monthly Sheets 05.26,Format Monthly Sheets,1,43,Monthly dashboard fast canvas - template column widths applied: Unlock CP 05.,Monthly dashboard fast canvas - template column widths applied: Unlock CP,0.297,18.382,OK,34.696,0.559,106.731
Format Monthly Sheets,testv1.8.9.8 - Framework Timing Report.pdf,Format Monthly Sheets 05.26,Format Monthly Sheets,1,44,Monthly dashboard fast canvas - raw values written | Rows: 347: Unlock CP 05.,Monthly dashboard fast canvas - raw values written | Rows: 347: Unlock CP,0.021,18.403,OK,34.696,0.015,106.731
Format Monthly Sheets,testv1.8.9.8 - Framework Timing Report.pdf,Format Monthly Sheets 05.26,Format Monthly Sheets,1,45,Monthly dashboard fast canvas - title rows copied from template: Unlock CP 05.,Monthly dashboard fast canvas - title rows copied from template: Unlock CP,0.009,18.412,OK,34.696,0.015,106.731
Format Monthly Sheets,testv1.8.9.8 - Framework Timing Report.pdf,Format Monthly Sheets 05.26,Format Monthly Sheets,1,46,Monthly dashboard fast canvas - header row copied from template: Unlock CP 05.,Monthly dashboard fast canvas - header row copied from template: Unlock CP,0.009,18.421,OK,34.696,0.014,106.731
Format Monthly Sheets,testv1.8.9.8 - Framework Timing Report.pdf,Format Monthly Sheets 05.26,Format Monthly Sheets,1,47,Monthly dashboard fast canvas - data-row format copied from template | Rows: 347: Unlock CP 05.,Monthly dashboard fast canvas - data-row format copied from template | Rows: 347: Unlock CP,0.008,18.429,OK,34.696,0.007,106.731
Format Monthly Sheets,testv1.8.9.8 - Framework Timing Report.pdf,Format Monthly Sheets 05.26,Format Monthly Sheets,1,48,Monthly dashboard fast canvas - output alternating colors applied: Unlock CP 05.,Monthly dashboard fast canvas - output alternating colors applied: Unlock CP,0.056,18.485,OK,34.696,0.051,106.731
Format Monthly Sheets,testv1.8.9.8 - Framework Timing Report.pdf,Format Monthly Sheets 05.26,Format Monthly Sheets,1,49,Monthly dashboard fast canvas - title/date/header values stamped: Unlock CP,Monthly dashboard fast canvas - title/date/header values stamped: Unlock CP,0.000,18.485,OK,34.696,0.039,106.731
Format Monthly Sheets,testv1.8.9.8 - Framework Timing Report.pdf,Format Monthly Sheets 05.26,Format Monthly Sheets,1,50,Monthly dashboard fast canvas - frozen rows/columns and tab color applied: Unlock CP 05.,Monthly dashboard fast canvas - frozen rows/columns and tab color applied: Unlock CP,0.714,19.199,OK,34.696,1.001,106.731
Format Monthly Sheets,testv1.8.9.8 - Framework Timing Report.pdf,Format Monthly Sheets 05.26,Format Monthly Sheets,1,51,Monthly dashboard fast canvas - filter created: Unlock CP 05.,Monthly dashboard fast canvas - filter created: Unlock CP,0.323,19.522,OK,34.696,0.845,106.731
Format Monthly Sheets,testv1.8.9.8 - Framework Timing Report.pdf,Format Monthly Sheets 05.26,Format Monthly Sheets,1,52,Monthly dashboard fast canvas - template-driven canvas wrap applied: Unlock CP 05.,Monthly dashboard fast canvas - template-driven canvas wrap applied: Unlock CP,0.183,19.705,OK,34.696,0.465,106.731
Format Monthly Sheets,testv1.8.9.8 - Framework Timing Report.pdf,Format Monthly Sheets 05.26,Format Monthly Sheets,1,53,Monthly dashboard fast canvas - runtime caches cleared: Unlock CP 05.,Monthly dashboard fast canvas - runtime caches cleared: Unlock CP,0.002,19.707,OK,34.696,0.010,106.731
Format Monthly Sheets,testv1.8.9.8 - Framework Timing Report.pdf,Format Monthly Sheets 05.26,Format Monthly Sheets,1,54,Created monthly dashboard fast canvas: Unlock CP,Created monthly dashboard fast canvas: Unlock CP,0.000,19.707,OK,34.696,0.000,106.731
Format Monthly Sheets,testv1.8.9.8 - Framework Timing Report.pdf,Format Monthly Sheets 05.26,Format Monthly Sheets,1,55,Locked monthly dashboard row heights: Unlock CP 05.,Locked monthly dashboard row heights: Unlock CP,0.232,19.939,OK,34.696,0.941,106.731
Format Monthly Sheets,testv1.8.9.8 - Framework Timing Report.pdf,Format Monthly Sheets 05.26,Format Monthly Sheets,1,56,Raw archive detail - reused pre-opened archive workbook connection: Source - Unlocked CP,Raw archive detail - reused pre-opened archive workbook connection: Source - Unlocked CP,0.000,19.939,OK,34.696,0.000,106.731
Format Monthly Sheets,testv1.8.9.8 - Framework Timing Report.pdf,Format Monthly Sheets 05.26,Format Monthly Sheets,1,57,Raw archive detail - existing archive sheet deleted if present: Source - Unlocked CP 05.,Raw archive detail - existing archive sheet deleted if present: Source - Unlocked CP,0.063,20.002,OK,34.696,0.097,106.731
Format Monthly Sheets,testv1.8.9.8 - Framework Timing Report.pdf,Format Monthly Sheets 05.26,Format Monthly Sheets,1,58,Raw archive detail - source sheet copied to archive workbook: Source - Unlocked CP 05.,Raw archive detail - source sheet copied to archive workbook: Source - Unlocked CP,0.742,20.744,OK,34.696,1.249,106.731
Format Monthly Sheets,testv1.8.9.8 - Framework Timing Report.pdf,Format Monthly Sheets 05.26,Format Monthly Sheets,1,59,Raw archive detail - archive sheet renamed: Source - Unlocked CP 05.,Raw archive detail - archive sheet renamed: Source - Unlocked CP,0.137,20.881,OK,34.696,0.217,106.731
Format Monthly Sheets,testv1.8.9.8 - Framework Timing Report.pdf,Format Monthly Sheets 05.26,Format Monthly Sheets,1,60,Raw archive detail - archive sheet visibility enforced visible: Source - Unlocked CP 05.,Raw archive detail - archive sheet visibility enforced visible: Source - Unlocked CP,0.059,20.940,OK,34.696,0.099,106.731
Format Monthly Sheets,testv1.8.9.8 - Framework Timing Report.pdf,Format Monthly Sheets 05.26,Format Monthly Sheets,1,61,Raw data copied to archive: Source - Unlocked CP,Raw data copied to archive: Source - Unlocked CP,0.000,20.940,OK,34.696,0.000,106.731
Format Monthly Sheets,testv1.8.9.8 - Framework Timing Report.pdf,Format Monthly Sheets 05.26,Format Monthly Sheets,1,62,Local raw sheet deleted to preserve workbook speed,Local raw sheet deleted to preserve workbook speed,0.302,21.242,OK,34.696,0.752,106.731
Format Monthly Sheets,testv1.8.9.8 - Framework Timing Report.pdf,Format Monthly Sheets 05.26,Format Monthly Sheets,1,63,Hide governed output sheet: Unlock CP 05.,Hide governed output sheet: Unlock CP,0.143,21.385,OK,34.696,1.091,106.731
Format Monthly Sheets,testv1.8.9.8 - Framework Timing Report.pdf,Format Monthly Sheets 05.26,Format Monthly Sheets,1,64,Formatted monthly import tab: UC from UC May,Formatted monthly import tab: UC from UC,0.059,21.444,OK,34.696,0.145,106.731
Format Monthly Sheets,testv1.8.9.8 - Framework Timing Report.pdf,Format Monthly Sheets 05.26,Format Monthly Sheets,1,65,Read Raw Data source in place without editing imported values | Rows:,Read Raw Data source in place without editing imported values | Rows,2.609,24.053,OK,34.696,5.920,106.731
Format Monthly Sheets,testv1.8.9.8 - Framework Timing Report.pdf,Format Monthly Sheets 05.26,Format Monthly Sheets,1,66,Rename Raw Data import sheet in place and place in configured creation order: RD May -> Raw Data 05.,Rename Raw Data import sheet in place and place in configured creation order: RD -> Raw Data,0.345,24.398,OK,34.696,7.021,106.731
Format Monthly Sheets,testv1.8.9.8 - Framework Timing Report.pdf,Format Monthly Sheets 05.26,Format Monthly Sheets,1,67,Wave 4 Raw Data header row detection complete | Header row:,Wave 4 Raw Data header row detection complete | Header row,0.279,24.677,OK,34.696,0.730,106.731
Format Monthly Sheets,testv1.8.9.8 - Framework Timing Report.pdf,Format Monthly Sheets 05.26,Format Monthly Sheets,1,68,Wave 4 Raw Data title-row insert complete | Rows inserted:,Wave 4 Raw Data title-row insert complete | Rows inserted,0.112,24.789,OK,34.696,0.998,106.731
Format Monthly Sheets,testv1.8.9.8 - Framework Timing Report.pdf,Format Monthly Sheets 05.26,Format Monthly Sheets,1,69,Wave 4 Raw Data approved-column append complete | Columns added:,Wave 4 Raw Data approved-column append complete | Columns added,0.437,25.226,OK,34.696,1.084,106.731
Format Monthly Sheets,testv1.8.9.8 - Framework Timing Report.pdf,Format Monthly Sheets 05.26,Format Monthly Sheets,1,70,Wave 4 Raw Data title/header formatting start | Width:,Wave 4 Raw Data title/header formatting start | Width,0.227,25.453,OK,34.696,0.545,106.731
Format Monthly Sheets,testv1.8.9.8 - Framework Timing Report.pdf,Format Monthly Sheets 05.26,Format Monthly Sheets,1,71,Wave 4 Raw Data title/header formatting complete,Wave 4 Raw Data title/header formatting complete,0.169,25.622,OK,34.696,0.271,106.731
Format Monthly Sheets,testv1.8.9.8 - Framework Timing Report.pdf,Format Monthly Sheets 05.26,Format Monthly Sheets,1,72,Wave 4 Raw Data frozen rows set,Wave 4 Raw Data frozen rows set,0.280,25.902,OK,34.696,0.635,106.731
Format Monthly Sheets,testv1.8.9.8 - Framework Timing Report.pdf,Format Monthly Sheets 05.26,Format Monthly Sheets,1,73,Wave 4 Raw Data filter removal skipped - no existing filter,Wave 4 Raw Data filter removal skipped - no existing filter,0.118,26.020,OK,34.696,0.292,106.731
Format Monthly Sheets,testv1.8.9.8 - Framework Timing Report.pdf,Format Monthly Sheets 05.26,Format Monthly Sheets,1,74,Wave 4 Raw Data filter creation complete | Rows: 5978; Columns:,Wave 4 Raw Data filter creation complete | Rows: 5978; Columns,0.209,26.229,OK,34.696,0.609,106.731
Format Monthly Sheets,testv1.8.9.8 - Framework Timing Report.pdf,Format Monthly Sheets 05.26,Format Monthly Sheets,1,75,"Wave 4 Raw Data in-place title/header/column work complete | Added columns: Notes, Safety - 2 Person, Wanderer, Interpreter Needed, Fall Risk, DPOA or Guardian Active, Palliative Care, Primary PMR Row","Wave 4 Raw Data in-place title/header/column work complete | Added columns: Notes, Safety - 2 Person, Wanderer, Interpreter Needed, Fall Risk, DPOA or Guardian Active, Palliative Care, Primary PMR Row",0.001,26.230,OK,34.696,0.004,106.731
Format Monthly Sheets,testv1.8.9.8 - Framework Timing Report.pdf,Format Monthly Sheets 05.26,Format Monthly Sheets,1,76,Wave 4 Raw Data approved-sync columns start,Wave 4 Raw Data approved-sync columns start,0.000,26.230,OK,34.696,0.000,106.731
Format Monthly Sheets,testv1.8.9.8 - Framework Timing Report.pdf,Format Monthly Sheets 05.26,Format Monthly Sheets,1,77,Wave 4 Raw Data approved-sync bulk read complete | Rows:,Wave 4 Raw Data approved-sync bulk read complete | Rows,2.308,28.538,OK,34.696,4.008,106.731
Format Monthly Sheets,testv1.8.9.8 - Framework Timing Report.pdf,Format Monthly Sheets 05.26,Format Monthly Sheets,1,78,Wave 4 Raw Data approved-sync guarded write complete | Changed column groups:,Wave 4 Raw Data approved-sync guarded write complete | Changed column groups,0.072,28.610,OK,34.696,0.077,106.731
Format Monthly Sheets,testv1.8.9.8 - Framework Timing Report.pdf,Format Monthly Sheets 05.26,Format Monthly Sheets,1,79,Wave 4 Raw Data approved-sync columns complete | Changed column groups:,Wave 4 Raw Data approved-sync columns complete | Changed column groups,0.006,28.616,OK,34.696,0.006,106.731
Format Monthly Sheets,testv1.8.9.8 - Framework Timing Report.pdf,Format Monthly Sheets 05.26,Format Monthly Sheets,1,80,Wave 4 Raw Data banner-column sync start,Wave 4 Raw Data banner-column sync start,0.000,28.616,OK,34.696,0.000,106.731
Format Monthly Sheets,testv1.8.9.8 - Framework Timing Report.pdf,Format Monthly Sheets 05.26,Format Monthly Sheets,1,81,Wave 4 Raw Data banner-sync bulk read complete | Rows:,Wave 4 Raw Data banner-sync bulk read complete | Rows,3.080,31.696,OK,34.696,4.399,106.731
Format Monthly Sheets,testv1.8.9.8 - Framework Timing Report.pdf,Format Monthly Sheets 05.26,Format Monthly Sheets,1,82,Wave 4 Raw Data banner-sync source map built | Keys:,Wave 4 Raw Data banner-sync source map built | Keys,0.309,32.005,OK,34.696,0.740,106.731
Format Monthly Sheets,testv1.8.9.8 - Framework Timing Report.pdf,Format Monthly Sheets 05.26,Format Monthly Sheets,1,83,Wave 4 Raw Data banner-sync guarded write complete | Changed column groups:,Wave 4 Raw Data banner-sync guarded write complete | Changed column groups,0.832,32.837,OK,34.696,1.222,106.731
Format Monthly Sheets,testv1.8.9.8 - Framework Timing Report.pdf,Format Monthly Sheets 05.26,Format Monthly Sheets,1,84,Wave 4 Raw Data banner-column sync complete | Rows updated:,Wave 4 Raw Data banner-column sync complete | Rows updated,0.008,32.845,OK,34.696,0.010,106.731
Format Monthly Sheets,testv1.8.9.8 - Framework Timing Report.pdf,Format Monthly Sheets 05.26,Format Monthly Sheets,1,85,Wave 4 Raw Data row-height lock start,Wave 4 Raw Data row-height lock start,0.000,32.845,OK,34.696,0.000,106.731
Format Monthly Sheets,testv1.8.9.8 - Framework Timing Report.pdf,Format Monthly Sheets 05.26,Format Monthly Sheets,1,86,Wave 4 Raw Data row-height lock complete,Wave 4 Raw Data row-height lock complete,0.445,33.290,OK,34.696,0.992,106.731
Format Monthly Sheets,testv1.8.9.8 - Framework Timing Report.pdf,Format Monthly Sheets 05.26,Format Monthly Sheets,1,87,Wave 4 Raw Data visibility policy start,Wave 4 Raw Data visibility policy start,0.000,33.290,OK,34.696,0.000,106.731
Format Monthly Sheets,testv1.8.9.8 - Framework Timing Report.pdf,Format Monthly Sheets 05.26,Format Monthly Sheets,1,88,Hide governed output sheet: Raw Data 05.,Hide governed output sheet: Raw Data,0.200,33.490,OK,34.696,0.288,106.731
Format Monthly Sheets,testv1.8.9.8 - Framework Timing Report.pdf,Format Monthly Sheets 05.26,Format Monthly Sheets,1,89,Wave 4 Raw Data visibility policy complete,Wave 4 Raw Data visibility policy complete,0.000,33.490,OK,34.696,0.000,106.731
Format Monthly Sheets,testv1.8.9.8 - Framework Timing Report.pdf,Format Monthly Sheets 05.26,Format Monthly Sheets,1,90,Raw Data Index refresh deferred,Raw Data Index refresh deferred,0.002,33.492,OK,34.696,0.005,106.731
Format Monthly Sheets,testv1.8.9.8 - Framework Timing Report.pdf,Format Monthly Sheets 05.26,Format Monthly Sheets,1,91,Formatted monthly Raw Data in place without deleting imported columns: Raw Data 05.,Formatted monthly Raw Data in place without deleting imported columns: Raw Data,0.066,33.558,OK,34.696,1.100,106.731
Format Monthly Sheets,testv1.8.9.8 - Framework Timing Report.pdf,Format Monthly Sheets 05.26,Format Monthly Sheets,1,92,Formatted monthly import tab: RD from RD May,Formatted monthly import tab: RD from RD,0.002,33.560,OK,34.696,0.002,106.731
Format Monthly Sheets,testv1.8.9.8 - Framework Timing Report.pdf,Format Monthly Sheets 05.26,Format Monthly Sheets,1,93,Index explicitly refreshed once using shared connection,Index explicitly refreshed once using shared connection,1.090,34.650,OK,34.696,1.240,106.731
Format Monthly Sheets,testv1.8.9.8 - Framework Timing Report.pdf,Format Monthly Sheets 05.26,Format Monthly Sheets,1,94,Complete,Complete,0.046,34.696,OK,34.696,0.105,106.731
Format Monthly Sheets,testv1.8.9.8 - Framework Timing Report.pdf,Format Monthly Sheets 06.26,Format Monthly Sheets,1,1,Start,Start,0.314,0.314,OK,39.312,0.331,106.731
Format Monthly Sheets,testv1.8.9.8 - Framework Timing Report.pdf,Format Monthly Sheets 06.26,Format Monthly Sheets,1,2,Archive connection opened once for batch processing,Archive connection opened once for batch processing,0.255,0.569,OK,39.312,0.729,106.731
Format Monthly Sheets,testv1.8.9.8 - Framework Timing Report.pdf,Format Monthly Sheets 06.26,Format Monthly Sheets,1,3,Banner output sheet shown: Banners 06.,Banner output sheet shown: Banners,3.812,4.381,OK,39.312,12.426,106.731
Format Monthly Sheets,testv1.8.9.8 - Framework Timing Report.pdf,Format Monthly Sheets 06.26,Format Monthly Sheets,1,4,Raw archive detail - reused pre-opened archive workbook connection: Source - Banners 06.,Raw archive detail - reused pre-opened archive workbook connection: Source - Banners,0.924,5.305,OK,39.312,1.056,106.731
Format Monthly Sheets,testv1.8.9.8 - Framework Timing Report.pdf,Format Monthly Sheets 06.26,Format Monthly Sheets,1,5,Raw archive detail - existing archive sheet deleted if present: Source - Banners 06.,Raw archive detail - existing archive sheet deleted if present: Source - Banners,0.184,5.489,OK,39.312,0.160,106.731
Format Monthly Sheets,testv1.8.9.8 - Framework Timing Report.pdf,Format Monthly Sheets 06.26,Format Monthly Sheets,1,6,Raw archive detail - source sheet copied to archive workbook: Source - Banners 06.,Raw archive detail - source sheet copied to archive workbook: Source - Banners,1.110,6.599,OK,39.312,1.544,106.731
Format Monthly Sheets,testv1.8.9.8 - Framework Timing Report.pdf,Format Monthly Sheets 06.26,Format Monthly Sheets,1,7,Raw archive detail - archive sheet renamed: Source - Banners 06.,Raw archive detail - archive sheet renamed: Source - Banners,0.159,6.758,OK,39.312,1.097,106.731
Format Monthly Sheets,testv1.8.9.8 - Framework Timing Report.pdf,Format Monthly Sheets 06.26,Format Monthly Sheets,1,8,Raw archive detail - archive sheet visibility enforced visible: Source - Banners 06.,Raw archive detail - archive sheet visibility enforced visible: Source - Banners,0.114,6.872,OK,39.312,0.095,106.731
Format Monthly Sheets,testv1.8.9.8 - Framework Timing Report.pdf,Format Monthly Sheets 06.26,Format Monthly Sheets,1,9,Raw data copied to archive: Source - Banners,Raw data copied to archive: Source - Banners,0.000,6.872,OK,39.312,0.000,106.731
Format Monthly Sheets,testv1.8.9.8 - Framework Timing Report.pdf,Format Monthly Sheets 06.26,Format Monthly Sheets,1,10,Local raw sheet deleted to preserve workbook speed,Local raw sheet deleted to preserve workbook speed,0.531,7.403,OK,39.312,0.752,106.731
Format Monthly Sheets,testv1.8.9.8 - Framework Timing Report.pdf,Format Monthly Sheets 06.26,Format Monthly Sheets,1,11,Hide governed output sheet: Banners 06.,Hide governed output sheet: Banners,0.215,7.618,OK,39.312,0.758,106.731
Format Monthly Sheets,testv1.8.9.8 - Framework Timing Report.pdf,Format Monthly Sheets 06.26,Format Monthly Sheets,1,12,Formatted monthly import tab: B from B June,Formatted monthly import tab: B from B,0.074,7.692,OK,39.312,0.168,106.731
Format Monthly Sheets,testv1.8.9.8 - Framework Timing Report.pdf,Format Monthly Sheets 06.26,Format Monthly Sheets,1,13,Prepared monthly dashboard source: CD June,Prepared monthly dashboard source: CD,1.460,9.152,OK,39.312,1.110,106.731
Format Monthly Sheets,testv1.8.9.8 - Framework Timing Report.pdf,Format Monthly Sheets 06.26,Format Monthly Sheets,1,14,Mapped monthly dashboard rows in memory:,Mapped monthly dashboard rows in memory,0.353,9.505,OK,39.312,0.762,106.731
Format Monthly Sheets,testv1.8.9.8 - Framework Timing Report.pdf,Format Monthly Sheets 06.26,Format Monthly Sheets,1,15,Monthly dashboard fast canvas - blank sheet inserted in configured creation order: CP Due 06.,Monthly dashboard fast canvas - blank sheet inserted in configured creation order: CP Due,2.671,12.176,OK,39.312,12.014,106.731
Format Monthly Sheets,testv1.8.9.8 - Framework Timing Report.pdf,Format Monthly Sheets 06.26,Format Monthly Sheets,1,16,Monthly dashboard fast canvas - grid resized to 340 rows x 5 cols: CP Due 06.,Monthly dashboard fast canvas - grid resized to 340 rows x 5 cols: CP Due,0.468,12.644,OK,39.312,0.844,106.731
Format Monthly Sheets,testv1.8.9.8 - Framework Timing Report.pdf,Format Monthly Sheets 06.26,Format Monthly Sheets,1,17,Monthly dashboard fast canvas - template column widths applied: CP Due 06.,Monthly dashboard fast canvas - template column widths applied: CP Due,0.372,13.016,OK,39.312,0.860,106.731
Format Monthly Sheets,testv1.8.9.8 - Framework Timing Report.pdf,Format Monthly Sheets 06.26,Format Monthly Sheets,1,18,Monthly dashboard fast canvas - raw values written | Rows: 336: CP Due 06.,Monthly dashboard fast canvas - raw values written | Rows: 336: CP Due,0.021,13.037,OK,39.312,0.017,106.731
Format Monthly Sheets,testv1.8.9.8 - Framework Timing Report.pdf,Format Monthly Sheets 06.26,Format Monthly Sheets,1,19,Monthly dashboard fast canvas - title rows copied from template: CP Due 06.,Monthly dashboard fast canvas - title rows copied from template: CP Due,0.013,13.050,OK,39.312,0.008,106.731
Format Monthly Sheets,testv1.8.9.8 - Framework Timing Report.pdf,Format Monthly Sheets 06.26,Format Monthly Sheets,1,20,Monthly dashboard fast canvas - header row copied from template: CP Due 06.,Monthly dashboard fast canvas - header row copied from template: CP Due,0.007,13.057,OK,39.312,0.006,106.731
Format Monthly Sheets,testv1.8.9.8 - Framework Timing Report.pdf,Format Monthly Sheets 06.26,Format Monthly Sheets,1,21,Monthly dashboard fast canvas - data-row format copied from template | Rows: 336: CP Due 06.,Monthly dashboard fast canvas - data-row format copied from template | Rows: 336: CP Due,0.008,13.065,OK,39.312,0.006,106.731
Format Monthly Sheets,testv1.8.9.8 - Framework Timing Report.pdf,Format Monthly Sheets 06.26,Format Monthly Sheets,1,22,Monthly dashboard fast canvas - output alternating colors applied: CP Due 06.,Monthly dashboard fast canvas - output alternating colors applied: CP Due,0.067,13.132,OK,39.312,0.046,106.731
Format Monthly Sheets,testv1.8.9.8 - Framework Timing Report.pdf,Format Monthly Sheets 06.26,Format Monthly Sheets,1,23,Monthly dashboard fast canvas - title/date/header values stamped: CP Due,Monthly dashboard fast canvas - title/date/header values stamped: CP Due,0.000,13.132,OK,39.312,0.018,106.731
Format Monthly Sheets,testv1.8.9.8 - Framework Timing Report.pdf,Format Monthly Sheets 06.26,Format Monthly Sheets,1,24,Monthly dashboard fast canvas - frozen rows/columns and tab color applied: CP Due 06.,Monthly dashboard fast canvas - frozen rows/columns and tab color applied: CP Due,1.021,14.153,OK,39.312,2.161,106.731
Format Monthly Sheets,testv1.8.9.8 - Framework Timing Report.pdf,Format Monthly Sheets 06.26,Format Monthly Sheets,1,25,Monthly dashboard fast canvas - filter created: CP Due 06.,Monthly dashboard fast canvas - filter created: CP Due,0.348,14.501,OK,39.312,0.915,106.731
Format Monthly Sheets,testv1.8.9.8 - Framework Timing Report.pdf,Format Monthly Sheets 06.26,Format Monthly Sheets,1,26,Monthly dashboard fast canvas - template-driven canvas wrap applied: CP Due 06.,Monthly dashboard fast canvas - template-driven canvas wrap applied: CP Due,0.210,14.711,OK,39.312,0.481,106.731
Format Monthly Sheets,testv1.8.9.8 - Framework Timing Report.pdf,Format Monthly Sheets 06.26,Format Monthly Sheets,1,27,Monthly dashboard fast canvas - runtime caches cleared: CP Due 06.,Monthly dashboard fast canvas - runtime caches cleared: CP Due,0.011,14.722,OK,39.312,0.004,106.731
Format Monthly Sheets,testv1.8.9.8 - Framework Timing Report.pdf,Format Monthly Sheets 06.26,Format Monthly Sheets,1,28,Created monthly dashboard fast canvas: CP Due,Created monthly dashboard fast canvas: CP Due,0.000,14.722,OK,39.312,0.000,106.731
Format Monthly Sheets,testv1.8.9.8 - Framework Timing Report.pdf,Format Monthly Sheets 06.26,Format Monthly Sheets,1,29,Locked monthly dashboard row heights: CP Due 06.,Locked monthly dashboard row heights: CP Due,0.213,14.935,OK,39.312,0.696,106.731
Format Monthly Sheets,testv1.8.9.8 - Framework Timing Report.pdf,Format Monthly Sheets 06.26,Format Monthly Sheets,1,30,Raw archive detail - reused pre-opened archive workbook connection: Source - CP Due,Raw archive detail - reused pre-opened archive workbook connection: Source - CP Due,0.000,14.935,OK,39.312,0.000,106.731
Format Monthly Sheets,testv1.8.9.8 - Framework Timing Report.pdf,Format Monthly Sheets 06.26,Format Monthly Sheets,1,31,Raw archive detail - existing archive sheet deleted if present: Source - CP Due 06.,Raw archive detail - existing archive sheet deleted if present: Source - CP Due,0.076,15.011,OK,39.312,0.098,106.731
Format Monthly Sheets,testv1.8.9.8 - Framework Timing Report.pdf,Format Monthly Sheets 06.26,Format Monthly Sheets,1,32,Raw archive detail - source sheet copied to archive workbook: Source - CP Due 06.,Raw archive detail - source sheet copied to archive workbook: Source - CP Due,0.770,15.781,OK,39.312,1.282,106.731
Format Monthly Sheets,testv1.8.9.8 - Framework Timing Report.pdf,Format Monthly Sheets 06.26,Format Monthly Sheets,1,33,Raw archive detail - archive sheet renamed: Source - CP Due 06.,Raw archive detail - archive sheet renamed: Source - CP Due,0.248,16.029,OK,39.312,0.163,106.731
Format Monthly Sheets,testv1.8.9.8 - Framework Timing Report.pdf,Format Monthly Sheets 06.26,Format Monthly Sheets,1,34,Raw archive detail - archive sheet visibility enforced visible: Source - CP Due 06.,Raw archive detail - archive sheet visibility enforced visible: Source - CP Due,0.084,16.113,OK,39.312,0.084,106.731
Format Monthly Sheets,testv1.8.9.8 - Framework Timing Report.pdf,Format Monthly Sheets 06.26,Format Monthly Sheets,1,35,Raw data copied to archive: Source - CP Due,Raw data copied to archive: Source - CP Due,0.000,16.113,OK,39.312,0.000,106.731
Format Monthly Sheets,testv1.8.9.8 - Framework Timing Report.pdf,Format Monthly Sheets 06.26,Format Monthly Sheets,1,36,Local raw sheet deleted to preserve workbook speed,Local raw sheet deleted to preserve workbook speed,0.443,16.556,OK,39.312,0.752,106.731
Format Monthly Sheets,testv1.8.9.8 - Framework Timing Report.pdf,Format Monthly Sheets 06.26,Format Monthly Sheets,1,37,Hide governed output sheet: CP Due 06.,Hide governed output sheet: CP Due,0.188,16.744,OK,39.312,0.703,106.731
Format Monthly Sheets,testv1.8.9.8 - Framework Timing Report.pdf,Format Monthly Sheets 06.26,Format Monthly Sheets,1,38,Formatted monthly import tab: CD from CD June,Formatted monthly import tab: CD from CD,0.054,16.798,OK,39.312,0.162,106.731
Format Monthly Sheets,testv1.8.9.8 - Framework Timing Report.pdf,Format Monthly Sheets 06.26,Format Monthly Sheets,1,39,Prepared monthly dashboard source: UC June,Prepared monthly dashboard source: UC,0.447,17.245,OK,39.312,0.774,106.731
Format Monthly Sheets,testv1.8.9.8 - Framework Timing Report.pdf,Format Monthly Sheets 06.26,Format Monthly Sheets,1,40,Mapped monthly dashboard rows in memory:,Mapped monthly dashboard rows in memory,0.282,17.527,OK,39.312,0.762,106.731
Format Monthly Sheets,testv1.8.9.8 - Framework Timing Report.pdf,Format Monthly Sheets 06.26,Format Monthly Sheets,1,41,Monthly dashboard fast canvas - blank sheet inserted in configured creation order: Unlock CP 06.,Monthly dashboard fast canvas - blank sheet inserted in configured creation order: Unlock CP,2.841,20.368,OK,39.312,11.441,106.731
Format Monthly Sheets,testv1.8.9.8 - Framework Timing Report.pdf,Format Monthly Sheets 06.26,Format Monthly Sheets,1,42,Monthly dashboard fast canvas - grid resized to 353 rows x 4 cols: Unlock CP 06.,Monthly dashboard fast canvas - grid resized to 353 rows x 4 cols: Unlock CP,1.344,21.712,OK,39.312,1.478,106.731
Format Monthly Sheets,testv1.8.9.8 - Framework Timing Report.pdf,Format Monthly Sheets 06.26,Format Monthly Sheets,1,43,Monthly dashboard fast canvas - template column widths applied: Unlock CP 06.,Monthly dashboard fast canvas - template column widths applied: Unlock CP,0.388,22.100,OK,39.312,0.559,106.731
Format Monthly Sheets,testv1.8.9.8 - Framework Timing Report.pdf,Format Monthly Sheets 06.26,Format Monthly Sheets,1,44,Monthly dashboard fast canvas - raw values written | Rows: 349: Unlock CP 06.,Monthly dashboard fast canvas - raw values written | Rows: 349: Unlock CP,0.020,22.120,OK,39.312,0.042,106.731
Format Monthly Sheets,testv1.8.9.8 - Framework Timing Report.pdf,Format Monthly Sheets 06.26,Format Monthly Sheets,1,45,Monthly dashboard fast canvas - title rows copied from template: Unlock CP 06.,Monthly dashboard fast canvas - title rows copied from template: Unlock CP,0.008,22.128,OK,39.312,0.015,106.731
Format Monthly Sheets,testv1.8.9.8 - Framework Timing Report.pdf,Format Monthly Sheets 06.26,Format Monthly Sheets,1,46,Monthly dashboard fast canvas - header row copied from template: Unlock CP 06.,Monthly dashboard fast canvas - header row copied from template: Unlock CP,0.007,22.135,OK,39.312,0.014,106.731
Format Monthly Sheets,testv1.8.9.8 - Framework Timing Report.pdf,Format Monthly Sheets 06.26,Format Monthly Sheets,1,47,Monthly dashboard fast canvas - data-row format copied from template | Rows: 349: Unlock CP 06.,Monthly dashboard fast canvas - data-row format copied from template | Rows: 349: Unlock CP,0.006,22.141,OK,39.312,0.021,106.731
Format Monthly Sheets,testv1.8.9.8 - Framework Timing Report.pdf,Format Monthly Sheets 06.26,Format Monthly Sheets,1,48,Monthly dashboard fast canvas - output alternating colors applied: Unlock CP 06.,Monthly dashboard fast canvas - output alternating colors applied: Unlock CP,0.049,22.190,OK,39.312,0.051,106.731
Format Monthly Sheets,testv1.8.9.8 - Framework Timing Report.pdf,Format Monthly Sheets 06.26,Format Monthly Sheets,1,49,Monthly dashboard fast canvas - title/date/header values stamped: Unlock CP,Monthly dashboard fast canvas - title/date/header values stamped: Unlock CP,0.000,22.190,OK,39.312,0.039,106.731
Format Monthly Sheets,testv1.8.9.8 - Framework Timing Report.pdf,Format Monthly Sheets 06.26,Format Monthly Sheets,1,50,Monthly dashboard fast canvas - frozen rows/columns and tab color applied: Unlock CP 06.,Monthly dashboard fast canvas - frozen rows/columns and tab color applied: Unlock CP,0.878,23.068,OK,39.312,1.001,106.731
Format Monthly Sheets,testv1.8.9.8 - Framework Timing Report.pdf,Format Monthly Sheets 06.26,Format Monthly Sheets,1,51,Monthly dashboard fast canvas - filter created: Unlock CP 06.,Monthly dashboard fast canvas - filter created: Unlock CP,0.338,23.406,OK,39.312,0.845,106.731
Format Monthly Sheets,testv1.8.9.8 - Framework Timing Report.pdf,Format Monthly Sheets 06.26,Format Monthly Sheets,1,52,Monthly dashboard fast canvas - template-driven canvas wrap applied: Unlock CP 06.,Monthly dashboard fast canvas - template-driven canvas wrap applied: Unlock CP,0.192,23.598,OK,39.312,0.465,106.731
Format Monthly Sheets,testv1.8.9.8 - Framework Timing Report.pdf,Format Monthly Sheets 06.26,Format Monthly Sheets,1,53,Monthly dashboard fast canvas - runtime caches cleared: Unlock CP 06.,Monthly dashboard fast canvas - runtime caches cleared: Unlock CP,0.005,23.603,OK,39.312,0.010,106.731
Format Monthly Sheets,testv1.8.9.8 - Framework Timing Report.pdf,Format Monthly Sheets 06.26,Format Monthly Sheets,1,54,Created monthly dashboard fast canvas: Unlock CP,Created monthly dashboard fast canvas: Unlock CP,0.000,23.603,OK,39.312,0.000,106.731
Format Monthly Sheets,testv1.8.9.8 - Framework Timing Report.pdf,Format Monthly Sheets 06.26,Format Monthly Sheets,1,55,Locked monthly dashboard row heights: Unlock CP 06.,Locked monthly dashboard row heights: Unlock CP,0.178,23.781,OK,39.312,0.941,106.731
Format Monthly Sheets,testv1.8.9.8 - Framework Timing Report.pdf,Format Monthly Sheets 06.26,Format Monthly Sheets,1,56,Raw archive detail - reused pre-opened archive workbook connection: Source - Unlocked CP,Raw archive detail - reused pre-opened archive workbook connection: Source - Unlocked CP,0.000,23.781,OK,39.312,0.000,106.731
Format Monthly Sheets,testv1.8.9.8 - Framework Timing Report.pdf,Format Monthly Sheets 06.26,Format Monthly Sheets,1,57,Raw archive detail - existing archive sheet deleted if present: Source - Unlocked CP 06.,Raw archive detail - existing archive sheet deleted if present: Source - Unlocked CP,0.069,23.850,OK,39.312,0.097,106.731
Format Monthly Sheets,testv1.8.9.8 - Framework Timing Report.pdf,Format Monthly Sheets 06.26,Format Monthly Sheets,1,58,Raw archive detail - source sheet copied to archive workbook: Source - Unlocked CP 06.,Raw archive detail - source sheet copied to archive workbook: Source - Unlocked CP,0.832,24.682,OK,39.312,1.249,106.731
Format Monthly Sheets,testv1.8.9.8 - Framework Timing Report.pdf,Format Monthly Sheets 06.26,Format Monthly Sheets,1,59,Raw archive detail - archive sheet renamed: Source - Unlocked CP 06.,Raw archive detail - archive sheet renamed: Source - Unlocked CP,0.148,24.830,OK,39.312,0.217,106.731
Format Monthly Sheets,testv1.8.9.8 - Framework Timing Report.pdf,Format Monthly Sheets 06.26,Format Monthly Sheets,1,60,Raw archive detail - archive sheet visibility enforced visible: Source - Unlocked CP 06.,Raw archive detail - archive sheet visibility enforced visible: Source - Unlocked CP,0.060,24.890,OK,39.312,0.099,106.731
Format Monthly Sheets,testv1.8.9.8 - Framework Timing Report.pdf,Format Monthly Sheets 06.26,Format Monthly Sheets,1,61,Raw data copied to archive: Source - Unlocked CP,Raw data copied to archive: Source - Unlocked CP,0.000,24.890,OK,39.312,0.000,106.731
Format Monthly Sheets,testv1.8.9.8 - Framework Timing Report.pdf,Format Monthly Sheets 06.26,Format Monthly Sheets,1,62,Local raw sheet deleted to preserve workbook speed,Local raw sheet deleted to preserve workbook speed,0.352,25.242,OK,39.312,0.752,106.731
Format Monthly Sheets,testv1.8.9.8 - Framework Timing Report.pdf,Format Monthly Sheets 06.26,Format Monthly Sheets,1,63,Hide governed output sheet: Unlock CP 06.,Hide governed output sheet: Unlock CP,0.163,25.405,OK,39.312,1.091,106.731
Format Monthly Sheets,testv1.8.9.8 - Framework Timing Report.pdf,Format Monthly Sheets 06.26,Format Monthly Sheets,1,64,Formatted monthly import tab: UC from UC June,Formatted monthly import tab: UC from UC,0.062,25.467,OK,39.312,0.145,106.731
Format Monthly Sheets,testv1.8.9.8 - Framework Timing Report.pdf,Format Monthly Sheets 06.26,Format Monthly Sheets,1,65,Read Raw Data source in place without editing imported values | Rows:,Read Raw Data source in place without editing imported values | Rows,3.000,28.467,OK,39.312,5.920,106.731
Format Monthly Sheets,testv1.8.9.8 - Framework Timing Report.pdf,Format Monthly Sheets 06.26,Format Monthly Sheets,1,66,Rename Raw Data import sheet in place and place in configured creation order: RD June -> Raw Data 06.,Rename Raw Data import sheet in place and place in configured creation order: RD -> Raw Data,0.325,28.792,OK,39.312,7.021,106.731
Format Monthly Sheets,testv1.8.9.8 - Framework Timing Report.pdf,Format Monthly Sheets 06.26,Format Monthly Sheets,1,67,Wave 4 Raw Data header row detection complete | Header row:,Wave 4 Raw Data header row detection complete | Header row,0.341,29.133,OK,39.312,0.730,106.731
Format Monthly Sheets,testv1.8.9.8 - Framework Timing Report.pdf,Format Monthly Sheets 06.26,Format Monthly Sheets,1,68,Wave 4 Raw Data title-row insert complete | Rows inserted:,Wave 4 Raw Data title-row insert complete | Rows inserted,0.124,29.257,OK,39.312,0.998,106.731
Format Monthly Sheets,testv1.8.9.8 - Framework Timing Report.pdf,Format Monthly Sheets 06.26,Format Monthly Sheets,1,69,Wave 4 Raw Data approved-column append complete | Columns added:,Wave 4 Raw Data approved-column append complete | Columns added,0.426,29.683,OK,39.312,1.084,106.731
Format Monthly Sheets,testv1.8.9.8 - Framework Timing Report.pdf,Format Monthly Sheets 06.26,Format Monthly Sheets,1,70,Wave 4 Raw Data title/header formatting start | Width:,Wave 4 Raw Data title/header formatting start | Width,0.256,29.939,OK,39.312,0.545,106.731
Format Monthly Sheets,testv1.8.9.8 - Framework Timing Report.pdf,Format Monthly Sheets 06.26,Format Monthly Sheets,1,71,Wave 4 Raw Data title/header formatting complete,Wave 4 Raw Data title/header formatting complete,0.303,30.242,OK,39.312,0.271,106.731
Format Monthly Sheets,testv1.8.9.8 - Framework Timing Report.pdf,Format Monthly Sheets 06.26,Format Monthly Sheets,1,72,Wave 4 Raw Data frozen rows set,Wave 4 Raw Data frozen rows set,0.294,30.536,OK,39.312,0.635,106.731
Format Monthly Sheets,testv1.8.9.8 - Framework Timing Report.pdf,Format Monthly Sheets 06.26,Format Monthly Sheets,1,73,Wave 4 Raw Data filter removal skipped - no existing filter,Wave 4 Raw Data filter removal skipped - no existing filter,0.100,30.636,OK,39.312,0.292,106.731
Format Monthly Sheets,testv1.8.9.8 - Framework Timing Report.pdf,Format Monthly Sheets 06.26,Format Monthly Sheets,1,74,Wave 4 Raw Data filter creation complete | Rows: 5984; Columns:,Wave 4 Raw Data filter creation complete | Rows: 5984; Columns,0.197,30.833,OK,39.312,0.701,106.731
Format Monthly Sheets,testv1.8.9.8 - Framework Timing Report.pdf,Format Monthly Sheets 06.26,Format Monthly Sheets,1,75,"Wave 4 Raw Data in-place title/header/column work complete | Added columns: Notes, Safety - 2 Person, Wanderer, Interpreter Needed, Fall Risk, DPOA or Guardian Active, Palliative Care, Primary PMR Row","Wave 4 Raw Data in-place title/header/column work complete | Added columns: Notes, Safety - 2 Person, Wanderer, Interpreter Needed, Fall Risk, DPOA or Guardian Active, Palliative Care, Primary PMR Row",0.002,30.835,OK,39.312,0.004,106.731
Format Monthly Sheets,testv1.8.9.8 - Framework Timing Report.pdf,Format Monthly Sheets 06.26,Format Monthly Sheets,1,76,Wave 4 Raw Data approved-sync columns start,Wave 4 Raw Data approved-sync columns start,0.000,30.835,OK,39.312,0.000,106.731
Format Monthly Sheets,testv1.8.9.8 - Framework Timing Report.pdf,Format Monthly Sheets 06.26,Format Monthly Sheets,1,77,Wave 4 Raw Data approved-sync bulk read complete | Rows:,Wave 4 Raw Data approved-sync bulk read complete | Rows,2.385,33.220,OK,39.312,4.008,106.731
Format Monthly Sheets,testv1.8.9.8 - Framework Timing Report.pdf,Format Monthly Sheets 06.26,Format Monthly Sheets,1,78,Wave 4 Raw Data approved-sync guarded write complete | Changed column groups:,Wave 4 Raw Data approved-sync guarded write complete | Changed column groups,0.087,33.307,OK,39.312,0.077,106.731
Format Monthly Sheets,testv1.8.9.8 - Framework Timing Report.pdf,Format Monthly Sheets 06.26,Format Monthly Sheets,1,79,Wave 4 Raw Data approved-sync columns complete | Changed column groups:,Wave 4 Raw Data approved-sync columns complete | Changed column groups,0.005,33.312,OK,39.312,0.006,106.731
Format Monthly Sheets,testv1.8.9.8 - Framework Timing Report.pdf,Format Monthly Sheets 06.26,Format Monthly Sheets,1,80,Wave 4 Raw Data banner-column sync start,Wave 4 Raw Data banner-column sync start,0.000,33.312,OK,39.312,0.000,106.731
Format Monthly Sheets,testv1.8.9.8 - Framework Timing Report.pdf,Format Monthly Sheets 06.26,Format Monthly Sheets,1,81,Wave 4 Raw Data banner-sync bulk read complete | Rows:,Wave 4 Raw Data banner-sync bulk read complete | Rows,2.521,35.833,OK,39.312,4.399,106.731
Format Monthly Sheets,testv1.8.9.8 - Framework Timing Report.pdf,Format Monthly Sheets 06.26,Format Monthly Sheets,1,82,Wave 4 Raw Data banner-sync source map built | Keys:,Wave 4 Raw Data banner-sync source map built | Keys,0.307,36.140,OK,39.312,0.740,106.731
Format Monthly Sheets,testv1.8.9.8 - Framework Timing Report.pdf,Format Monthly Sheets 06.26,Format Monthly Sheets,1,83,Wave 4 Raw Data banner-sync guarded write complete | Changed column groups:,Wave 4 Raw Data banner-sync guarded write complete | Changed column groups,1.089,37.229,OK,39.312,1.222,106.731
Format Monthly Sheets,testv1.8.9.8 - Framework Timing Report.pdf,Format Monthly Sheets 06.26,Format Monthly Sheets,1,84,Wave 4 Raw Data banner-column sync complete | Rows updated:,Wave 4 Raw Data banner-column sync complete | Rows updated,0.007,37.236,OK,39.312,0.010,106.731
Format Monthly Sheets,testv1.8.9.8 - Framework Timing Report.pdf,Format Monthly Sheets 06.26,Format Monthly Sheets,1,85,Wave 4 Raw Data row-height lock start,Wave 4 Raw Data row-height lock start,0.000,37.236,OK,39.312,0.000,106.731
Format Monthly Sheets,testv1.8.9.8 - Framework Timing Report.pdf,Format Monthly Sheets 06.26,Format Monthly Sheets,1,86,Wave 4 Raw Data row-height lock complete,Wave 4 Raw Data row-height lock complete,0.271,37.507,OK,39.312,0.992,106.731
Format Monthly Sheets,testv1.8.9.8 - Framework Timing Report.pdf,Format Monthly Sheets 06.26,Format Monthly Sheets,1,87,Wave 4 Raw Data visibility policy start,Wave 4 Raw Data visibility policy start,0.000,37.507,OK,39.312,0.000,106.731
Format Monthly Sheets,testv1.8.9.8 - Framework Timing Report.pdf,Format Monthly Sheets 06.26,Format Monthly Sheets,1,88,Hide governed output sheet: Raw Data 06.,Hide governed output sheet: Raw Data,0.275,37.782,OK,39.312,0.288,106.731
Format Monthly Sheets,testv1.8.9.8 - Framework Timing Report.pdf,Format Monthly Sheets 06.26,Format Monthly Sheets,1,89,Wave 4 Raw Data visibility policy complete,Wave 4 Raw Data visibility policy complete,0.000,37.782,OK,39.312,0.000,106.731
Format Monthly Sheets,testv1.8.9.8 - Framework Timing Report.pdf,Format Monthly Sheets 06.26,Format Monthly Sheets,1,90,Raw Data Index refresh deferred,Raw Data Index refresh deferred,0.002,37.784,OK,39.312,0.005,106.731
Format Monthly Sheets,testv1.8.9.8 - Framework Timing Report.pdf,Format Monthly Sheets 06.26,Format Monthly Sheets,1,91,Formatted monthly Raw Data in place without deleting imported columns: Raw Data 06.,Formatted monthly Raw Data in place without deleting imported columns: Raw Data,0.062,37.846,OK,39.312,1.100,106.731
Format Monthly Sheets,testv1.8.9.8 - Framework Timing Report.pdf,Format Monthly Sheets 06.26,Format Monthly Sheets,1,92,Formatted monthly import tab: RD from RD June,Formatted monthly import tab: RD from RD,0.001,37.847,OK,39.312,0.002,106.731
Format Monthly Sheets,testv1.8.9.8 - Framework Timing Report.pdf,Format Monthly Sheets 06.26,Format Monthly Sheets,1,93,Index explicitly refreshed once using shared connection,Index explicitly refreshed once using shared connection,1.411,39.258,OK,39.312,1.240,106.731
Format Monthly Sheets,testv1.8.9.8 - Framework Timing Report.pdf,Format Monthly Sheets 06.26,Format Monthly Sheets,1,94,Complete,Complete,0.054,39.312,OK,39.312,0.105,106.731
Format Monthly Sheets,v1.8.6 - Framework Timing Report.pdf,Format Monthly Sheets 04.26,Format Monthly Sheets,1,1,Raw archive detail - archive sheet renamed: Source - Banners 04.,Raw archive detail - archive sheet renamed: Source - Banners,15.400,15.400,OK,114.400,1.097,106.731
Format Monthly Sheets,v1.8.6 - Framework Timing Report.pdf,Format Monthly Sheets 04.26,Format Monthly Sheets,1,2,Raw archive detail - archive sheet visibility enforced visible: Source - Banners 04.,Raw archive detail - archive sheet visibility enforced visible: Source - Banners,0.088,15.488,OK,114.400,0.095,106.731
Format Monthly Sheets,v1.8.6 - Framework Timing Report.pdf,Format Monthly Sheets 04.26,Format Monthly Sheets,1,3,Raw data copied to archive: Source - Banners,Raw data copied to archive: Source - Banners,0.000,15.488,OK,114.400,0.000,106.731
Format Monthly Sheets,v1.8.6 - Framework Timing Report.pdf,Format Monthly Sheets 04.26,Format Monthly Sheets,1,4,Local raw sheet deleted to preserve workbook speed,Local raw sheet deleted to preserve workbook speed,0.549,16.037,OK,114.400,0.752,106.731
Format Monthly Sheets,v1.8.6 - Framework Timing Report.pdf,Format Monthly Sheets 04.26,Format Monthly Sheets,1,5,Hide governed output sheet: Banners 04.,Hide governed output sheet: Banners,0.877,16.914,OK,114.400,0.758,106.731
Format Monthly Sheets,v1.8.6 - Framework Timing Report.pdf,Format Monthly Sheets 04.26,Format Monthly Sheets,1,6,Formatted monthly import tab: B from B April,Formatted monthly import tab: B from B,0.145,17.059,OK,114.400,0.168,106.731
Format Monthly Sheets,v1.8.6 - Framework Timing Report.pdf,Format Monthly Sheets 04.26,Format Monthly Sheets,1,7,Prepared monthly dashboard source: CD April,Prepared monthly dashboard source: CD,1.222,18.281,OK,114.400,1.110,106.731
Format Monthly Sheets,v1.8.6 - Framework Timing Report.pdf,Format Monthly Sheets 04.26,Format Monthly Sheets,1,8,Mapped monthly dashboard rows in memory:,Mapped monthly dashboard rows in memory,0.881,19.162,OK,114.400,0.762,106.731
Format Monthly Sheets,v1.8.6 - Framework Timing Report.pdf,Format Monthly Sheets 04.26,Format Monthly Sheets,1,9,Monthly dashboard fast canvas - blank sheet inserted in configured creation order: CP Due 04.,Monthly dashboard fast canvas - blank sheet inserted in configured creation order: CP Due,13.617,32.779,SLOW,114.400,12.014,106.731
Format Monthly Sheets,v1.8.6 - Framework Timing Report.pdf,Format Monthly Sheets 04.26,Format Monthly Sheets,1,10,Monthly dashboard fast canvas - grid resized to 343 rows x 5 cols: CP Due 04.,Monthly dashboard fast canvas - grid resized to 343 rows x 5 cols: CP Due,2.836,35.615,OK,114.400,1.299,106.731
Format Monthly Sheets,v1.8.6 - Framework Timing Report.pdf,Format Monthly Sheets 04.26,Format Monthly Sheets,1,11,Monthly dashboard fast canvas - template column widths applied: CP Due 04.,Monthly dashboard fast canvas - template column widths applied: CP Due,2.065,37.680,OK,114.400,0.860,106.731
Format Monthly Sheets,v1.8.6 - Framework Timing Report.pdf,Format Monthly Sheets 04.26,Format Monthly Sheets,1,12,Monthly dashboard fast canvas - raw values written | Rows: 339: CP Due 04.,Monthly dashboard fast canvas - raw values written | Rows: 339: CP Due,0.021,37.701,OK,114.400,0.021,106.731
Format Monthly Sheets,v1.8.6 - Framework Timing Report.pdf,Format Monthly Sheets 04.26,Format Monthly Sheets,1,13,Monthly dashboard fast canvas - title rows copied from template: CP Due 04.,Monthly dashboard fast canvas - title rows copied from template: CP Due,0.008,37.709,OK,114.400,0.008,106.731
Format Monthly Sheets,v1.8.6 - Framework Timing Report.pdf,Format Monthly Sheets 04.26,Format Monthly Sheets,1,14,Monthly dashboard fast canvas - header row copied from template: CP Due 04.,Monthly dashboard fast canvas - header row copied from template: CP Due,0.008,37.717,OK,114.400,0.006,106.731
Format Monthly Sheets,v1.8.6 - Framework Timing Report.pdf,Format Monthly Sheets 04.26,Format Monthly Sheets,1,15,Monthly dashboard fast canvas - data-row format copied from template | Rows: 339: CP Due 04.,Monthly dashboard fast canvas - data-row format copied from template | Rows: 339: CP Due,0.011,37.728,OK,114.400,0.011,106.731
Format Monthly Sheets,v1.8.6 - Framework Timing Report.pdf,Format Monthly Sheets 04.26,Format Monthly Sheets,1,16,Monthly dashboard fast canvas - title/date/header values stamped: CP Due 04.,Monthly dashboard fast canvas - title/date/header values stamped: CP Due,0.023,37.751,OK,114.400,0.018,106.731
Format Monthly Sheets,v1.8.6 - Framework Timing Report.pdf,Format Monthly Sheets 04.26,Format Monthly Sheets,1,17,Monthly dashboard fast canvas - frozen rows/columns and tab color applied: CP Due 04.,Monthly dashboard fast canvas - frozen rows/columns and tab color applied: CP Due,1.408,39.159,OK,114.400,2.161,106.731
Format Monthly Sheets,v1.8.6 - Framework Timing Report.pdf,Format Monthly Sheets 04.26,Format Monthly Sheets,1,18,Monthly dashboard fast canvas - filter created: CP Due 04.,Monthly dashboard fast canvas - filter created: CP Due,1.071,40.230,OK,114.400,0.915,106.731
Format Monthly Sheets,v1.8.6 - Framework Timing Report.pdf,Format Monthly Sheets 04.26,Format Monthly Sheets,1,19,Monthly dashboard fast canvas - template-driven canvas wrap applied: CP Due 04.,Monthly dashboard fast canvas - template-driven canvas wrap applied: CP Due,0.278,40.508,OK,114.400,0.481,106.731
Format Monthly Sheets,v1.8.6 - Framework Timing Report.pdf,Format Monthly Sheets 04.26,Format Monthly Sheets,1,20,Monthly dashboard fast canvas - runtime caches cleared: CP Due 04.,Monthly dashboard fast canvas - runtime caches cleared: CP Due,0.009,40.517,OK,114.400,0.004,106.731
Format Monthly Sheets,v1.8.6 - Framework Timing Report.pdf,Format Monthly Sheets 04.26,Format Monthly Sheets,1,21,Created monthly dashboard fast canvas: CP Due,Created monthly dashboard fast canvas: CP Due,0.000,40.517,OK,114.400,0.000,106.731
Format Monthly Sheets,v1.8.6 - Framework Timing Report.pdf,Format Monthly Sheets 04.26,Format Monthly Sheets,1,22,Locked monthly dashboard row heights: CP Due 04.,Locked monthly dashboard row heights: CP Due,0.563,41.080,OK,114.400,0.696,106.731
Format Monthly Sheets,v1.8.6 - Framework Timing Report.pdf,Format Monthly Sheets 04.26,Format Monthly Sheets,1,23,Raw archive detail - archive workbook opened: Source - CP Due 04.,Raw archive detail - archive workbook opened: Source - CP Due,0.109,41.189,OK,114.400,0.180,106.731
Format Monthly Sheets,v1.8.6 - Framework Timing Report.pdf,Format Monthly Sheets 04.26,Format Monthly Sheets,1,24,Raw archive detail - existing archive sheet deleted if present: Source - CP Due 04.,Raw archive detail - existing archive sheet deleted if present: Source - CP Due,0.002,41.191,OK,114.400,0.098,106.731
Format Monthly Sheets,v1.8.6 - Framework Timing Report.pdf,Format Monthly Sheets 04.26,Format Monthly Sheets,1,25,Raw archive detail - source sheet copied to archive workbook: Source - CP Due 04.,Raw archive detail - source sheet copied to archive workbook: Source - CP Due,1.412,42.603,OK,114.400,1.282,106.731
Format Monthly Sheets,v1.8.6 - Framework Timing Report.pdf,Format Monthly Sheets 04.26,Format Monthly Sheets,1,26,Raw archive detail - archive sheet renamed: Source - CP Due 04.,Raw archive detail - archive sheet renamed: Source - CP Due,0.263,42.866,OK,114.400,0.163,106.731
Format Monthly Sheets,v1.8.6 - Framework Timing Report.pdf,Format Monthly Sheets 04.26,Format Monthly Sheets,1,27,Raw archive detail - archive sheet visibility enforced visible: Source - CP Due 04.,Raw archive detail - archive sheet visibility enforced visible: Source - CP Due,0.144,43.010,OK,114.400,0.084,106.731
Format Monthly Sheets,v1.8.6 - Framework Timing Report.pdf,Format Monthly Sheets 04.26,Format Monthly Sheets,1,28,Raw data copied to archive: Source - CP Due,Raw data copied to archive: Source - CP Due,0.000,43.010,OK,114.400,0.000,106.731
Format Monthly Sheets,v1.8.6 - Framework Timing Report.pdf,Format Monthly Sheets 04.26,Format Monthly Sheets,1,29,Local raw sheet deleted to preserve workbook speed,Local raw sheet deleted to preserve workbook speed,0.763,43.773,OK,114.400,0.752,106.731
Format Monthly Sheets,v1.8.6 - Framework Timing Report.pdf,Format Monthly Sheets 04.26,Format Monthly Sheets,1,30,Hide governed output sheet: CP Due 04.,Hide governed output sheet: CP Due,0.495,44.268,OK,114.400,0.703,106.731
Format Monthly Sheets,v1.8.6 - Framework Timing Report.pdf,Format Monthly Sheets 04.26,Format Monthly Sheets,1,31,Formatted monthly import tab: CD from CD April,Formatted monthly import tab: CD from CD,0.101,44.369,OK,114.400,0.162,106.731
Format Monthly Sheets,v1.8.6 - Framework Timing Report.pdf,Format Monthly Sheets 04.26,Format Monthly Sheets,1,32,Prepared monthly dashboard source: UC April,Prepared monthly dashboard source: UC,0.540,44.909,OK,114.400,0.774,106.731
Format Monthly Sheets,v1.8.6 - Framework Timing Report.pdf,Format Monthly Sheets 04.26,Format Monthly Sheets,1,33,Mapped monthly dashboard rows in memory:,Mapped monthly dashboard rows in memory,0.678,45.587,OK,114.400,0.762,106.731
Format Monthly Sheets,v1.8.6 - Framework Timing Report.pdf,Format Monthly Sheets 04.26,Format Monthly Sheets,1,34,Monthly dashboard fast canvas - blank sheet inserted in configured creation order: Unlock CP 04.,Monthly dashboard fast canvas - blank sheet inserted in configured creation order: Unlock CP,8.705,54.292,OK,114.400,11.441,106.731
Format Monthly Sheets,v1.8.6 - Framework Timing Report.pdf,Format Monthly Sheets 04.26,Format Monthly Sheets,1,35,Monthly dashboard fast canvas - grid resized to 358 rows x 4 cols: Unlock CP 04.,Monthly dashboard fast canvas - grid resized to 358 rows x 4 cols: Unlock CP,0.682,54.974,OK,114.400,0.753,106.731
Format Monthly Sheets,v1.8.6 - Framework Timing Report.pdf,Format Monthly Sheets 04.26,Format Monthly Sheets,1,36,Monthly dashboard fast canvas - template column widths applied: Unlock CP 04.,Monthly dashboard fast canvas - template column widths applied: Unlock CP,0.475,55.449,OK,114.400,0.559,106.731
Format Monthly Sheets,v1.8.6 - Framework Timing Report.pdf,Format Monthly Sheets 04.26,Format Monthly Sheets,1,37,Monthly dashboard fast canvas - raw values written | Rows: 354: Unlock CP 04.,Monthly dashboard fast canvas - raw values written | Rows: 354: Unlock CP,0.020,55.469,OK,114.400,0.019,106.731
Format Monthly Sheets,v1.8.6 - Framework Timing Report.pdf,Format Monthly Sheets 04.26,Format Monthly Sheets,1,38,Monthly dashboard fast canvas - title rows copied from template: Unlock CP 04.,Monthly dashboard fast canvas - title rows copied from template: Unlock CP,0.021,55.490,OK,114.400,0.015,106.731
Format Monthly Sheets,v1.8.6 - Framework Timing Report.pdf,Format Monthly Sheets 04.26,Format Monthly Sheets,1,39,Monthly dashboard fast canvas - header row copied from template: Unlock CP 04.,Monthly dashboard fast canvas - header row copied from template: Unlock CP,0.081,55.571,OK,114.400,0.014,106.731
Format Monthly Sheets,v1.8.6 - Framework Timing Report.pdf,Format Monthly Sheets 04.26,Format Monthly Sheets,1,40,Monthly dashboard fast canvas - data-row format copied from template | Rows: 354: Unlock CP 04.,Monthly dashboard fast canvas - data-row format copied from template | Rows: 354: Unlock CP,0.040,55.611,OK,114.400,0.012,106.731
Format Monthly Sheets,v1.8.6 - Framework Timing Report.pdf,Format Monthly Sheets 04.26,Format Monthly Sheets,1,41,Monthly dashboard fast canvas - title/date/header values stamped: Unlock CP 04.,Monthly dashboard fast canvas - title/date/header values stamped: Unlock CP,0.172,55.783,OK,114.400,0.039,106.731
Format Monthly Sheets,v1.8.6 - Framework Timing Report.pdf,Format Monthly Sheets 04.26,Format Monthly Sheets,1,42,Monthly dashboard fast canvas - frozen rows/columns and tab color applied: Unlock CP 04.,Monthly dashboard fast canvas - frozen rows/columns and tab color applied: Unlock CP,0.857,56.640,OK,114.400,1.001,106.731
Format Monthly Sheets,v1.8.6 - Framework Timing Report.pdf,Format Monthly Sheets 04.26,Format Monthly Sheets,1,43,Monthly dashboard fast canvas - filter created: Unlock CP 04.,Monthly dashboard fast canvas - filter created: Unlock CP,0.581,57.221,OK,114.400,0.845,106.731
Format Monthly Sheets,v1.8.6 - Framework Timing Report.pdf,Format Monthly Sheets 04.26,Format Monthly Sheets,1,44,Monthly dashboard fast canvas - template-driven canvas wrap applied: Unlock CP 04.,Monthly dashboard fast canvas - template-driven canvas wrap applied: Unlock CP,0.429,57.650,OK,114.400,0.465,106.731
Format Monthly Sheets,v1.8.6 - Framework Timing Report.pdf,Format Monthly Sheets 04.26,Format Monthly Sheets,1,45,Monthly dashboard fast canvas - runtime caches cleared: Unlock CP 04.,Monthly dashboard fast canvas - runtime caches cleared: Unlock CP,0.086,57.736,OK,114.400,0.010,106.731
Format Monthly Sheets,v1.8.6 - Framework Timing Report.pdf,Format Monthly Sheets 04.26,Format Monthly Sheets,1,46,Created monthly dashboard fast canvas: Unlock CP,Created monthly dashboard fast canvas: Unlock CP,0.000,57.736,OK,114.400,0.000,106.731
Format Monthly Sheets,v1.8.6 - Framework Timing Report.pdf,Format Monthly Sheets 04.26,Format Monthly Sheets,1,47,Locked monthly dashboard row heights: Unlock CP 04.,Locked monthly dashboard row heights: Unlock CP,0.786,58.522,OK,114.400,0.941,106.731
Format Monthly Sheets,v1.8.6 - Framework Timing Report.pdf,Format Monthly Sheets 04.26,Format Monthly Sheets,1,48,Raw archive detail - archive workbook opened: Source - Unlocked CP 04.,Raw archive detail - archive workbook opened: Source - Unlocked CP,0.125,58.647,OK,114.400,0.172,106.731
Format Monthly Sheets,v1.8.6 - Framework Timing Report.pdf,Format Monthly Sheets 04.26,Format Monthly Sheets,1,49,Raw archive detail - existing archive sheet deleted if present: Source - Unlocked CP 04.,Raw archive detail - existing archive sheet deleted if present: Source - Unlocked CP,0.002,58.649,OK,114.400,0.097,106.731
Format Monthly Sheets,v1.8.6 - Framework Timing Report.pdf,Format Monthly Sheets 04.26,Format Monthly Sheets,1,50,Raw archive detail - source sheet copied to archive workbook: Source - Unlocked CP 04.,Raw archive detail - source sheet copied to archive workbook: Source - Unlocked CP,0.988,59.637,OK,114.400,1.249,106.731
Format Monthly Sheets,v1.8.6 - Framework Timing Report.pdf,Format Monthly Sheets 04.26,Format Monthly Sheets,1,51,Raw archive detail - archive sheet renamed: Source - Unlocked CP 04.,Raw archive detail - archive sheet renamed: Source - Unlocked CP,0.261,59.898,OK,114.400,0.217,106.731
Format Monthly Sheets,v1.8.6 - Framework Timing Report.pdf,Format Monthly Sheets 04.26,Format Monthly Sheets,1,52,Raw archive detail - archive sheet visibility enforced visible: Source - Unlocked CP 04.,Raw archive detail - archive sheet visibility enforced visible: Source - Unlocked CP,0.121,60.019,OK,114.400,0.099,106.731
Format Monthly Sheets,v1.8.6 - Framework Timing Report.pdf,Format Monthly Sheets 04.26,Format Monthly Sheets,1,53,Raw data copied to archive: Source - Unlocked CP,Raw data copied to archive: Source - Unlocked CP,0.000,60.019,OK,114.400,0.000,106.731
Format Monthly Sheets,v1.8.6 - Framework Timing Report.pdf,Format Monthly Sheets 04.26,Format Monthly Sheets,1,54,Local raw sheet deleted to preserve workbook speed,Local raw sheet deleted to preserve workbook speed,0.783,60.802,OK,114.400,0.752,106.731
Format Monthly Sheets,v1.8.6 - Framework Timing Report.pdf,Format Monthly Sheets 04.26,Format Monthly Sheets,1,55,Hide governed output sheet: Unlock CP 04.,Hide governed output sheet: Unlock CP,0.497,61.299,OK,114.400,1.091,106.731
Format Monthly Sheets,v1.8.6 - Framework Timing Report.pdf,Format Monthly Sheets 04.26,Format Monthly Sheets,1,56,Formatted monthly import tab: UC from UC April,Formatted monthly import tab: UC from UC,0.121,61.420,OK,114.400,0.145,106.731
Format Monthly Sheets,v1.8.6 - Framework Timing Report.pdf,Format Monthly Sheets 04.26,Format Monthly Sheets,1,57,Read Raw Data source in place without editing imported values | Rows:,Read Raw Data source in place without editing imported values | Rows,5.863,67.283,OK,114.400,5.920,106.731
Format Monthly Sheets,v1.8.6 - Framework Timing Report.pdf,Format Monthly Sheets 04.26,Format Monthly Sheets,1,58,Rename Raw Data import sheet in place and place in configured creation order: RD April -> Raw Data 04.,Rename Raw Data import sheet in place and place in configured creation order: RD -> Raw Data,7.976,75.259,OK,114.400,7.021,106.731
Format Monthly Sheets,v1.8.6 - Framework Timing Report.pdf,Format Monthly Sheets 04.26,Format Monthly Sheets,1,59,Wave 4 Raw Data header row detection complete | Header row:,Wave 4 Raw Data header row detection complete | Header row,0.528,75.787,OK,114.400,0.730,106.731
Format Monthly Sheets,v1.8.6 - Framework Timing Report.pdf,Format Monthly Sheets 04.26,Format Monthly Sheets,1,60,Wave 4 Raw Data title-row insert complete | Rows inserted:,Wave 4 Raw Data title-row insert complete | Rows inserted,0.172,75.959,OK,114.400,0.998,106.731
Format Monthly Sheets,v1.8.6 - Framework Timing Report.pdf,Format Monthly Sheets 04.26,Format Monthly Sheets,1,61,Wave 4 Raw Data approved-column append complete | Columns added:,Wave 4 Raw Data approved-column append complete | Columns added,1.500,77.459,OK,114.400,1.084,106.731
Format Monthly Sheets,v1.8.6 - Framework Timing Report.pdf,Format Monthly Sheets 04.26,Format Monthly Sheets,1,62,Wave 4 Raw Data title/header formatting start | Width:,Wave 4 Raw Data title/header formatting start | Width,0.730,78.189,OK,114.400,0.545,106.731
Format Monthly Sheets,v1.8.6 - Framework Timing Report.pdf,Format Monthly Sheets 04.26,Format Monthly Sheets,1,63,Wave 4 Raw Data title/header formatting complete,Wave 4 Raw Data title/header formatting complete,1.454,79.643,OK,114.400,0.271,106.731
Format Monthly Sheets,v1.8.6 - Framework Timing Report.pdf,Format Monthly Sheets 04.26,Format Monthly Sheets,1,64,Wave 4 Raw Data frozen rows set,Wave 4 Raw Data frozen rows set,1.015,80.658,OK,114.400,0.635,106.731
Format Monthly Sheets,v1.8.6 - Framework Timing Report.pdf,Format Monthly Sheets 04.26,Format Monthly Sheets,1,65,Wave 4 Raw Data filter removal complete,Wave 4 Raw Data filter removal complete,1.137,81.795,OK,114.400,0.709,106.731
Format Monthly Sheets,v1.8.6 - Framework Timing Report.pdf,Format Monthly Sheets 04.26,Format Monthly Sheets,1,66,Wave 4 Raw Data filter creation complete | Rows: 5932; Columns:,Wave 4 Raw Data filter creation complete | Rows: 5932; Columns,0.679,82.474,OK,114.400,0.775,106.731
Format Monthly Sheets,v1.8.6 - Framework Timing Report.pdf,Format Monthly Sheets 04.26,Format Monthly Sheets,1,67,"Wave 4 Raw Data in-place title/header/column work complete | Added columns: Safety - 2 Person, Wanderer, Interpreter Needed, Fall Risk, DPOA or Guardian Active, Palliative Care, Primary PMR Row","Wave 4 Raw Data in-place title/header/column work complete | Added columns: Safety - 2 Person, Wanderer, Interpreter Needed, Fall Risk, DPOA or Guardian Active, Palliative Care, Primary PMR Row",0.003,82.477,OK,114.400,0.005,106.731
Format Monthly Sheets,v1.8.6 - Framework Timing Report.pdf,Format Monthly Sheets 04.26,Format Monthly Sheets,1,68,Wave 4 Raw Data approved-sync columns start,Wave 4 Raw Data approved-sync columns start,0.000,82.477,OK,114.400,0.000,106.731
Format Monthly Sheets,v1.8.6 - Framework Timing Report.pdf,Format Monthly Sheets 04.26,Format Monthly Sheets,1,69,Wave 4 Raw Data approved-sync bulk read complete | Rows:,Wave 4 Raw Data approved-sync bulk read complete | Rows,4.213,86.690,OK,114.400,4.008,106.731
Format Monthly Sheets,v1.8.6 - Framework Timing Report.pdf,Format Monthly Sheets 04.26,Format Monthly Sheets,1,70,Wave 4 Raw Data approved-sync guarded write complete | Changed column groups:,Wave 4 Raw Data approved-sync guarded write complete | Changed column groups,0.090,86.780,OK,114.400,0.077,106.731
Format Monthly Sheets,v1.8.6 - Framework Timing Report.pdf,Format Monthly Sheets 04.26,Format Monthly Sheets,1,71,Wave 4 Raw Data approved-sync columns complete | Changed column groups:,Wave 4 Raw Data approved-sync columns complete | Changed column groups,0.008,86.788,OK,114.400,0.006,106.731
Format Monthly Sheets,v1.8.6 - Framework Timing Report.pdf,Format Monthly Sheets 04.26,Format Monthly Sheets,1,72,Wave 4 Raw Data banner-column sync start,Wave 4 Raw Data banner-column sync start,0.000,86.788,OK,114.400,0.000,106.731
Format Monthly Sheets,v1.8.6 - Framework Timing Report.pdf,Format Monthly Sheets 04.26,Format Monthly Sheets,1,73,Wave 4 Raw Data banner-sync bulk read complete | Rows:,Wave 4 Raw Data banner-sync bulk read complete | Rows,4.562,91.350,OK,114.400,4.399,106.731
Format Monthly Sheets,v1.8.6 - Framework Timing Report.pdf,Format Monthly Sheets 04.26,Format Monthly Sheets,1,74,Wave 4 Raw Data banner-sync source map built | Keys:,Wave 4 Raw Data banner-sync source map built | Keys,1.256,92.606,OK,114.400,0.740,106.731
Format Monthly Sheets,v1.8.6 - Framework Timing Report.pdf,Format Monthly Sheets 04.26,Format Monthly Sheets,1,75,Wave 4 Raw Data banner-sync guarded write complete | Changed column groups:,Wave 4 Raw Data banner-sync guarded write complete | Changed column groups,1.813,94.419,OK,114.400,1.222,106.731
Format Monthly Sheets,v1.8.6 - Framework Timing Report.pdf,Format Monthly Sheets 04.26,Format Monthly Sheets,1,76,Wave 4 Raw Data banner-column sync complete | Rows updated:,Wave 4 Raw Data banner-column sync complete | Rows updated,0.011,94.430,OK,114.400,0.010,106.731
Format Monthly Sheets,v1.8.6 - Framework Timing Report.pdf,Format Monthly Sheets 04.26,Format Monthly Sheets,1,77,Wave 4 Raw Data row-height lock start,Wave 4 Raw Data row-height lock start,0.000,94.430,OK,114.400,0.000,106.731
Format Monthly Sheets,v1.8.6 - Framework Timing Report.pdf,Format Monthly Sheets 04.26,Format Monthly Sheets,1,78,Wave 4 Raw Data row-height lock complete,Wave 4 Raw Data row-height lock complete,1.812,96.242,OK,114.400,0.992,106.731
Format Monthly Sheets,v1.8.6 - Framework Timing Report.pdf,Format Monthly Sheets 04.26,Format Monthly Sheets,1,79,Wave 4 Raw Data visibility policy start,Wave 4 Raw Data visibility policy start,0.000,96.242,OK,114.400,0.000,106.731
Format Monthly Sheets,v1.8.6 - Framework Timing Report.pdf,Format Monthly Sheets 04.26,Format Monthly Sheets,1,80,Hide governed output sheet: Raw Data 04.,Hide governed output sheet: Raw Data,0.498,96.740,OK,114.400,0.288,106.731
Format Monthly Sheets,v1.8.6 - Framework Timing Report.pdf,Format Monthly Sheets 04.26,Format Monthly Sheets,1,81,Wave 4 Raw Data visibility policy complete,Wave 4 Raw Data visibility policy complete,0.000,96.740,OK,114.400,0.000,106.731
Format Monthly Sheets,v1.8.6 - Framework Timing Report.pdf,Format Monthly Sheets 04.26,Format Monthly Sheets,1,82,Formatted monthly Raw Data in place without deleting imported columns: Raw Data 04.,Formatted monthly Raw Data in place without deleting imported columns: Raw Data,17.660,114.400,OK,114.400,1.100,106.731
Format Monthly Sheets,v1.8.6 - Framework Timing Report.pdf,Format Monthly Sheets 05.26,Format Monthly Sheets,1,1,Start,Start,0.303,0.303,OK,84.066,0.331,106.731
Format Monthly Sheets,v1.8.6 - Framework Timing Report.pdf,Format Monthly Sheets 05.26,Format Monthly Sheets,1,2,Banner output sheet shown: Banners 05.,Banner output sheet shown: Banners,9.776,10.079,OK,84.066,12.426,106.731
Format Monthly Sheets,v1.8.6 - Framework Timing Report.pdf,Format Monthly Sheets 05.26,Format Monthly Sheets,1,3,Raw archive detail - archive workbook opened: Source - Banners 05.,Raw archive detail - archive workbook opened: Source - Banners,1.282,11.361,OK,84.066,2.285,106.731
Format Monthly Sheets,v1.8.6 - Framework Timing Report.pdf,Format Monthly Sheets 05.26,Format Monthly Sheets,1,4,Raw archive detail - existing archive sheet deleted if present: Source - Banners 05.,Raw archive detail - existing archive sheet deleted if present: Source - Banners,0.001,11.362,OK,84.066,0.160,106.731
Format Monthly Sheets,v1.8.6 - Framework Timing Report.pdf,Format Monthly Sheets 05.26,Format Monthly Sheets,1,5,Raw archive detail - source sheet copied to archive workbook: Source - Banners 05.,Raw archive detail - source sheet copied to archive workbook: Source - Banners,1.707,13.069,OK,84.066,1.544,106.731
Format Monthly Sheets,v1.8.6 - Framework Timing Report.pdf,Format Monthly Sheets 05.26,Format Monthly Sheets,1,6,Raw archive detail - archive sheet renamed: Source - Banners 05.,Raw archive detail - archive sheet renamed: Source - Banners,0.443,13.512,OK,84.066,1.097,106.731
Format Monthly Sheets,v1.8.6 - Framework Timing Report.pdf,Format Monthly Sheets 05.26,Format Monthly Sheets,1,7,Raw archive detail - archive sheet visibility enforced visible: Source - Banners 05.,Raw archive detail - archive sheet visibility enforced visible: Source - Banners,0.079,13.591,OK,84.066,0.095,106.731
Format Monthly Sheets,v1.8.6 - Framework Timing Report.pdf,Format Monthly Sheets 05.26,Format Monthly Sheets,1,8,Raw data copied to archive: Source - Banners,Raw data copied to archive: Source - Banners,0.000,13.591,OK,84.066,0.000,106.731
Format Monthly Sheets,v1.8.6 - Framework Timing Report.pdf,Format Monthly Sheets 05.26,Format Monthly Sheets,1,9,Local raw sheet deleted to preserve workbook speed,Local raw sheet deleted to preserve workbook speed,0.514,14.105,OK,84.066,0.752,106.731
Format Monthly Sheets,v1.8.6 - Framework Timing Report.pdf,Format Monthly Sheets 05.26,Format Monthly Sheets,1,10,Hide governed output sheet: Banners 05.,Hide governed output sheet: Banners,0.464,14.569,OK,84.066,0.758,106.731
Format Monthly Sheets,v1.8.6 - Framework Timing Report.pdf,Format Monthly Sheets 05.26,Format Monthly Sheets,1,11,Formatted monthly import tab: B from B May,Formatted monthly import tab: B from B,0.139,14.708,OK,84.066,0.168,106.731
Format Monthly Sheets,v1.8.6 - Framework Timing Report.pdf,Format Monthly Sheets 05.26,Format Monthly Sheets,1,12,Prepared monthly dashboard source: CD May,Prepared monthly dashboard source: CD,0.549,15.257,OK,84.066,1.110,106.731
Format Monthly Sheets,v1.8.6 - Framework Timing Report.pdf,Format Monthly Sheets 05.26,Format Monthly Sheets,1,13,Mapped monthly dashboard rows in memory:,Mapped monthly dashboard rows in memory,0.557,15.814,OK,84.066,0.762,106.731
Format Monthly Sheets,v1.8.6 - Framework Timing Report.pdf,Format Monthly Sheets 05.26,Format Monthly Sheets,1,14,Monthly dashboard fast canvas - blank sheet inserted in configured creation order: CP Due 05.,Monthly dashboard fast canvas - blank sheet inserted in configured creation order: CP Due,11.267,27.081,SLOW,84.066,12.014,106.731
Format Monthly Sheets,v1.8.6 - Framework Timing Report.pdf,Format Monthly Sheets 05.26,Format Monthly Sheets,1,15,Monthly dashboard fast canvas - grid resized to 339 rows x 5 cols: CP Due 05.,Monthly dashboard fast canvas - grid resized to 339 rows x 5 cols: CP Due,1.025,28.106,OK,84.066,1.136,106.731
Format Monthly Sheets,v1.8.6 - Framework Timing Report.pdf,Format Monthly Sheets 05.26,Format Monthly Sheets,1,16,Monthly dashboard fast canvas - template column widths applied: CP Due 05.,Monthly dashboard fast canvas - template column widths applied: CP Due,0.554,28.660,OK,84.066,0.860,106.731
Format Monthly Sheets,v1.8.6 - Framework Timing Report.pdf,Format Monthly Sheets 05.26,Format Monthly Sheets,1,17,Monthly dashboard fast canvas - raw values written | Rows: 335: CP Due 05.,Monthly dashboard fast canvas - raw values written | Rows: 335: CP Due,0.018,28.678,OK,84.066,0.018,106.731
Format Monthly Sheets,v1.8.6 - Framework Timing Report.pdf,Format Monthly Sheets 05.26,Format Monthly Sheets,1,18,Monthly dashboard fast canvas - title rows copied from template: CP Due 05.,Monthly dashboard fast canvas - title rows copied from template: CP Due,0.007,28.685,OK,84.066,0.008,106.731
Format Monthly Sheets,v1.8.6 - Framework Timing Report.pdf,Format Monthly Sheets 05.26,Format Monthly Sheets,1,19,Monthly dashboard fast canvas - header row copied from template: CP Due 05.,Monthly dashboard fast canvas - header row copied from template: CP Due,0.006,28.691,OK,84.066,0.006,106.731
Format Monthly Sheets,v1.8.6 - Framework Timing Report.pdf,Format Monthly Sheets 05.26,Format Monthly Sheets,1,20,Monthly dashboard fast canvas - data-row format copied from template | Rows: 335: CP Due 05.,Monthly dashboard fast canvas - data-row format copied from template | Rows: 335: CP Due,0.006,28.697,OK,84.066,0.010,106.731
Format Monthly Sheets,v1.8.6 - Framework Timing Report.pdf,Format Monthly Sheets 05.26,Format Monthly Sheets,1,21,Monthly dashboard fast canvas - title/date/header values stamped: CP Due 05.,Monthly dashboard fast canvas - title/date/header values stamped: CP Due,0.017,28.714,OK,84.066,0.018,106.731
Format Monthly Sheets,v1.8.6 - Framework Timing Report.pdf,Format Monthly Sheets 05.26,Format Monthly Sheets,1,22,Monthly dashboard fast canvas - frozen rows/columns and tab color applied: CP Due 05.,Monthly dashboard fast canvas - frozen rows/columns and tab color applied: CP Due,0.751,29.465,OK,84.066,2.161,106.731
Format Monthly Sheets,v1.8.6 - Framework Timing Report.pdf,Format Monthly Sheets 05.26,Format Monthly Sheets,1,23,Monthly dashboard fast canvas - filter created: CP Due 05.,Monthly dashboard fast canvas - filter created: CP Due,0.946,30.411,OK,84.066,0.915,106.731
Format Monthly Sheets,v1.8.6 - Framework Timing Report.pdf,Format Monthly Sheets 05.26,Format Monthly Sheets,1,24,Monthly dashboard fast canvas - template-driven canvas wrap applied: CP Due 05.,Monthly dashboard fast canvas - template-driven canvas wrap applied: CP Due,0.381,30.792,OK,84.066,0.481,106.731
Format Monthly Sheets,v1.8.6 - Framework Timing Report.pdf,Format Monthly Sheets 05.26,Format Monthly Sheets,1,25,Monthly dashboard fast canvas - runtime caches cleared: CP Due 05.,Monthly dashboard fast canvas - runtime caches cleared: CP Due,0.003,30.795,OK,84.066,0.004,106.731
Format Monthly Sheets,v1.8.6 - Framework Timing Report.pdf,Format Monthly Sheets 05.26,Format Monthly Sheets,1,26,Created monthly dashboard fast canvas: CP Due,Created monthly dashboard fast canvas: CP Due,0.000,30.795,OK,84.066,0.000,106.731
Format Monthly Sheets,v1.8.6 - Framework Timing Report.pdf,Format Monthly Sheets 05.26,Format Monthly Sheets,1,27,Locked monthly dashboard row heights: CP Due 05.,Locked monthly dashboard row heights: CP Due,0.504,31.299,OK,84.066,0.696,106.731
Format Monthly Sheets,v1.8.6 - Framework Timing Report.pdf,Format Monthly Sheets 05.26,Format Monthly Sheets,1,28,Raw archive detail - archive workbook opened: Source - CP Due 05.,Raw archive detail - archive workbook opened: Source - CP Due,0.117,31.416,OK,84.066,0.180,106.731
Format Monthly Sheets,v1.8.6 - Framework Timing Report.pdf,Format Monthly Sheets 05.26,Format Monthly Sheets,1,29,Raw archive detail - existing archive sheet deleted if present: Source - CP Due 05.,Raw archive detail - existing archive sheet deleted if present: Source - CP Due,0.001,31.417,OK,84.066,0.098,106.731
Format Monthly Sheets,v1.8.6 - Framework Timing Report.pdf,Format Monthly Sheets 05.26,Format Monthly Sheets,1,30,Raw archive detail - source sheet copied to archive workbook: Source - CP Due 05.,Raw archive detail - source sheet copied to archive workbook: Source - CP Due,1.342,32.759,OK,84.066,1.282,106.731
Format Monthly Sheets,v1.8.6 - Framework Timing Report.pdf,Format Monthly Sheets 05.26,Format Monthly Sheets,1,31,Raw archive detail - archive sheet renamed: Source - CP Due 05.,Raw archive detail - archive sheet renamed: Source - CP Due,0.153,32.912,OK,84.066,0.163,106.731
Format Monthly Sheets,v1.8.6 - Framework Timing Report.pdf,Format Monthly Sheets 05.26,Format Monthly Sheets,1,32,Raw archive detail - archive sheet visibility enforced visible: Source - CP Due 05.,Raw archive detail - archive sheet visibility enforced visible: Source - CP Due,0.087,32.999,OK,84.066,0.084,106.731
Format Monthly Sheets,v1.8.6 - Framework Timing Report.pdf,Format Monthly Sheets 05.26,Format Monthly Sheets,1,33,Raw data copied to archive: Source - CP Due,Raw data copied to archive: Source - CP Due,0.000,32.999,OK,84.066,0.000,106.731
Format Monthly Sheets,v1.8.6 - Framework Timing Report.pdf,Format Monthly Sheets 05.26,Format Monthly Sheets,1,34,Local raw sheet deleted to preserve workbook speed,Local raw sheet deleted to preserve workbook speed,0.491,33.490,OK,84.066,0.752,106.731
Format Monthly Sheets,v1.8.6 - Framework Timing Report.pdf,Format Monthly Sheets 05.26,Format Monthly Sheets,1,35,Hide governed output sheet: CP Due 05.,Hide governed output sheet: CP Due,0.484,33.974,OK,84.066,0.703,106.731
Format Monthly Sheets,v1.8.6 - Framework Timing Report.pdf,Format Monthly Sheets 05.26,Format Monthly Sheets,1,36,Formatted monthly import tab: CD from CD May,Formatted monthly import tab: CD from CD,0.287,34.261,OK,84.066,0.162,106.731
Format Monthly Sheets,v1.8.6 - Framework Timing Report.pdf,Format Monthly Sheets 05.26,Format Monthly Sheets,1,37,Prepared monthly dashboard source: UC May,Prepared monthly dashboard source: UC,0.526,34.787,OK,84.066,0.774,106.731
Format Monthly Sheets,v1.8.6 - Framework Timing Report.pdf,Format Monthly Sheets 05.26,Format Monthly Sheets,1,38,Mapped monthly dashboard rows in memory:,Mapped monthly dashboard rows in memory,0.609,35.396,OK,84.066,0.762,106.731
Format Monthly Sheets,v1.8.6 - Framework Timing Report.pdf,Format Monthly Sheets 05.26,Format Monthly Sheets,1,39,Monthly dashboard fast canvas - blank sheet inserted in configured creation order: Unlock CP 05.,Monthly dashboard fast canvas - blank sheet inserted in configured creation order: Unlock CP,9.326,44.722,OK,84.066,11.441,106.731
Format Monthly Sheets,v1.8.6 - Framework Timing Report.pdf,Format Monthly Sheets 05.26,Format Monthly Sheets,1,40,Monthly dashboard fast canvas - grid resized to 351 rows x 4 cols: Unlock CP 05.,Monthly dashboard fast canvas - grid resized to 351 rows x 4 cols: Unlock CP,0.523,45.245,OK,84.066,0.885,106.731
Format Monthly Sheets,v1.8.6 - Framework Timing Report.pdf,Format Monthly Sheets 05.26,Format Monthly Sheets,1,41,Monthly dashboard fast canvas - template column widths applied: Unlock CP 05.,Monthly dashboard fast canvas - template column widths applied: Unlock CP,0.545,45.790,OK,84.066,0.559,106.731
Format Monthly Sheets,v1.8.6 - Framework Timing Report.pdf,Format Monthly Sheets 05.26,Format Monthly Sheets,1,42,Monthly dashboard fast canvas - raw values written | Rows: 347: Unlock CP 05.,Monthly dashboard fast canvas - raw values written | Rows: 347: Unlock CP,0.014,45.804,OK,84.066,0.015,106.731
Format Monthly Sheets,v1.8.6 - Framework Timing Report.pdf,Format Monthly Sheets 05.26,Format Monthly Sheets,1,43,Monthly dashboard fast canvas - title rows copied from template: Unlock CP 05.,Monthly dashboard fast canvas - title rows copied from template: Unlock CP,0.005,45.809,OK,84.066,0.015,106.731
Format Monthly Sheets,v1.8.6 - Framework Timing Report.pdf,Format Monthly Sheets 05.26,Format Monthly Sheets,1,44,Monthly dashboard fast canvas - header row copied from template: Unlock CP 05.,Monthly dashboard fast canvas - header row copied from template: Unlock CP,0.004,45.813,OK,84.066,0.014,106.731
Format Monthly Sheets,v1.8.6 - Framework Timing Report.pdf,Format Monthly Sheets 05.26,Format Monthly Sheets,1,45,Monthly dashboard fast canvas - data-row format copied from template | Rows: 347: Unlock CP 05.,Monthly dashboard fast canvas - data-row format copied from template | Rows: 347: Unlock CP,0.005,45.818,OK,84.066,0.007,106.731
Format Monthly Sheets,v1.8.6 - Framework Timing Report.pdf,Format Monthly Sheets 05.26,Format Monthly Sheets,1,46,Monthly dashboard fast canvas - title/date/header values stamped: Unlock CP 05.,Monthly dashboard fast canvas - title/date/header values stamped: Unlock CP,0.016,45.834,OK,84.066,0.039,106.731
Format Monthly Sheets,v1.8.6 - Framework Timing Report.pdf,Format Monthly Sheets 05.26,Format Monthly Sheets,1,47,Monthly dashboard fast canvas - frozen rows/columns and tab color applied: Unlock CP 05.,Monthly dashboard fast canvas - frozen rows/columns and tab color applied: Unlock CP,0.787,46.621,OK,84.066,1.001,106.731
Format Monthly Sheets,v1.8.6 - Framework Timing Report.pdf,Format Monthly Sheets 05.26,Format Monthly Sheets,1,48,Monthly dashboard fast canvas - filter created: Unlock CP 05.,Monthly dashboard fast canvas - filter created: Unlock CP,0.667,47.288,OK,84.066,0.845,106.731
Format Monthly Sheets,v1.8.6 - Framework Timing Report.pdf,Format Monthly Sheets 05.26,Format Monthly Sheets,1,49,Monthly dashboard fast canvas - template-driven canvas wrap applied: Unlock CP 05.,Monthly dashboard fast canvas - template-driven canvas wrap applied: Unlock CP,0.334,47.622,OK,84.066,0.465,106.731
Format Monthly Sheets,v1.8.6 - Framework Timing Report.pdf,Format Monthly Sheets 05.26,Format Monthly Sheets,1,50,Monthly dashboard fast canvas - runtime caches cleared: Unlock CP 05.,Monthly dashboard fast canvas - runtime caches cleared: Unlock CP,0.001,47.623,OK,84.066,0.010,106.731
Format Monthly Sheets,v1.8.6 - Framework Timing Report.pdf,Format Monthly Sheets 05.26,Format Monthly Sheets,1,51,Created monthly dashboard fast canvas: Unlock CP,Created monthly dashboard fast canvas: Unlock CP,0.000,47.623,OK,84.066,0.000,106.731
Format Monthly Sheets,v1.8.6 - Framework Timing Report.pdf,Format Monthly Sheets 05.26,Format Monthly Sheets,1,52,Locked monthly dashboard row heights: Unlock CP 05.,Locked monthly dashboard row heights: Unlock CP,0.750,48.373,OK,84.066,0.941,106.731
Format Monthly Sheets,v1.8.6 - Framework Timing Report.pdf,Format Monthly Sheets 05.26,Format Monthly Sheets,1,53,Raw archive detail - archive workbook opened: Source - Unlocked CP 05.,Raw archive detail - archive workbook opened: Source - Unlocked CP,0.117,48.490,OK,84.066,0.172,106.731
Format Monthly Sheets,v1.8.6 - Framework Timing Report.pdf,Format Monthly Sheets 05.26,Format Monthly Sheets,1,54,Raw archive detail - existing archive sheet deleted if present: Source - Unlocked CP 05.,Raw archive detail - existing archive sheet deleted if present: Source - Unlocked CP,0.001,48.491,OK,84.066,0.097,106.731
Format Monthly Sheets,v1.8.6 - Framework Timing Report.pdf,Format Monthly Sheets 05.26,Format Monthly Sheets,1,55,Raw archive detail - source sheet copied to archive workbook: Source - Unlocked CP 05.,Raw archive detail - source sheet copied to archive workbook: Source - Unlocked CP,1.276,49.767,OK,84.066,1.249,106.731
Format Monthly Sheets,v1.8.6 - Framework Timing Report.pdf,Format Monthly Sheets 05.26,Format Monthly Sheets,1,56,Raw archive detail - archive sheet renamed: Source - Unlocked CP 05.,Raw archive detail - archive sheet renamed: Source - Unlocked CP,0.147,49.914,OK,84.066,0.217,106.731
Format Monthly Sheets,v1.8.6 - Framework Timing Report.pdf,Format Monthly Sheets 05.26,Format Monthly Sheets,1,57,Raw archive detail - archive sheet visibility enforced visible: Source - Unlocked CP 05.,Raw archive detail - archive sheet visibility enforced visible: Source - Unlocked CP,0.076,49.990,OK,84.066,0.099,106.731
Format Monthly Sheets,v1.8.6 - Framework Timing Report.pdf,Format Monthly Sheets 05.26,Format Monthly Sheets,1,58,Raw data copied to archive: Source - Unlocked CP,Raw data copied to archive: Source - Unlocked CP,0.000,49.990,OK,84.066,0.000,106.731
Format Monthly Sheets,v1.8.6 - Framework Timing Report.pdf,Format Monthly Sheets 05.26,Format Monthly Sheets,1,59,Local raw sheet deleted to preserve workbook speed,Local raw sheet deleted to preserve workbook speed,0.456,50.446,OK,84.066,0.752,106.731
Format Monthly Sheets,v1.8.6 - Framework Timing Report.pdf,Format Monthly Sheets 05.26,Format Monthly Sheets,1,60,Hide governed output sheet: Unlock CP 05.,Hide governed output sheet: Unlock CP,0.479,50.925,OK,84.066,1.091,106.731
Format Monthly Sheets,v1.8.6 - Framework Timing Report.pdf,Format Monthly Sheets 05.26,Format Monthly Sheets,1,61,Formatted monthly import tab: UC from UC May,Formatted monthly import tab: UC from UC,0.112,51.037,OK,84.066,0.145,106.731
Format Monthly Sheets,v1.8.6 - Framework Timing Report.pdf,Format Monthly Sheets 05.26,Format Monthly Sheets,1,62,Read Raw Data source in place without editing imported values | Rows:,Read Raw Data source in place without editing imported values | Rows,4.027,55.064,OK,84.066,5.920,106.731
Format Monthly Sheets,v1.8.6 - Framework Timing Report.pdf,Format Monthly Sheets 05.26,Format Monthly Sheets,1,63,Rename Raw Data import sheet in place and place in configured creation order: RD May -> Raw Data 05.,Rename Raw Data import sheet in place and place in configured creation order: RD -> Raw Data,5.893,60.957,OK,84.066,7.021,106.731
Format Monthly Sheets,v1.8.6 - Framework Timing Report.pdf,Format Monthly Sheets 05.26,Format Monthly Sheets,1,64,Wave 4 Raw Data header row detection complete | Header row:,Wave 4 Raw Data header row detection complete | Header row,0.440,61.397,OK,84.066,0.730,106.731
Format Monthly Sheets,v1.8.6 - Framework Timing Report.pdf,Format Monthly Sheets 05.26,Format Monthly Sheets,1,65,Wave 4 Raw Data title-row insert complete | Rows inserted:,Wave 4 Raw Data title-row insert complete | Rows inserted,0.137,61.534,OK,84.066,0.998,106.731
Format Monthly Sheets,v1.8.6 - Framework Timing Report.pdf,Format Monthly Sheets 05.26,Format Monthly Sheets,1,66,Wave 4 Raw Data approved-column append complete | Columns added:,Wave 4 Raw Data approved-column append complete | Columns added,0.639,62.173,OK,84.066,1.084,106.731
Format Monthly Sheets,v1.8.6 - Framework Timing Report.pdf,Format Monthly Sheets 05.26,Format Monthly Sheets,1,67,Wave 4 Raw Data title/header formatting start | Width:,Wave 4 Raw Data title/header formatting start | Width,0.330,62.503,OK,84.066,0.545,106.731
Format Monthly Sheets,v1.8.6 - Framework Timing Report.pdf,Format Monthly Sheets 05.26,Format Monthly Sheets,1,68,Wave 4 Raw Data title/header formatting complete,Wave 4 Raw Data title/header formatting complete,0.286,62.789,OK,84.066,0.271,106.731
Format Monthly Sheets,v1.8.6 - Framework Timing Report.pdf,Format Monthly Sheets 05.26,Format Monthly Sheets,1,69,Wave 4 Raw Data frozen rows set,Wave 4 Raw Data frozen rows set,0.387,63.176,OK,84.066,0.635,106.731
Format Monthly Sheets,v1.8.6 - Framework Timing Report.pdf,Format Monthly Sheets 05.26,Format Monthly Sheets,1,70,Wave 4 Raw Data filter removal skipped - no existing filter,Wave 4 Raw Data filter removal skipped - no existing filter,0.168,63.344,OK,84.066,0.292,106.731
Format Monthly Sheets,v1.8.6 - Framework Timing Report.pdf,Format Monthly Sheets 05.26,Format Monthly Sheets,1,71,Wave 4 Raw Data filter creation complete | Rows: 5978; Columns:,Wave 4 Raw Data filter creation complete | Rows: 5978; Columns,0.584,63.928,OK,84.066,0.609,106.731
Format Monthly Sheets,v1.8.6 - Framework Timing Report.pdf,Format Monthly Sheets 05.26,Format Monthly Sheets,1,72,"Wave 4 Raw Data in-place title/header/column work complete | Added columns: Notes, Safety - 2 Person, Wanderer, Interpreter Needed, Fall Risk, DPOA or Guardian Active, Palliative Care, Primary PMR Row","Wave 4 Raw Data in-place title/header/column work complete | Added columns: Notes, Safety - 2 Person, Wanderer, Interpreter Needed, Fall Risk, DPOA or Guardian Active, Palliative Care, Primary PMR Row",0.003,63.931,OK,84.066,0.004,106.731
Format Monthly Sheets,v1.8.6 - Framework Timing Report.pdf,Format Monthly Sheets 05.26,Format Monthly Sheets,1,73,Wave 4 Raw Data approved-sync columns start,Wave 4 Raw Data approved-sync columns start,0.000,63.931,OK,84.066,0.000,106.731
Format Monthly Sheets,v1.8.6 - Framework Timing Report.pdf,Format Monthly Sheets 05.26,Format Monthly Sheets,1,74,Wave 4 Raw Data approved-sync bulk read complete | Rows:,Wave 4 Raw Data approved-sync bulk read complete | Rows,2.815,66.746,OK,84.066,4.008,106.731
Format Monthly Sheets,v1.8.6 - Framework Timing Report.pdf,Format Monthly Sheets 05.26,Format Monthly Sheets,1,75,Wave 4 Raw Data approved-sync guarded write complete | Changed column groups:,Wave 4 Raw Data approved-sync guarded write complete | Changed column groups,0.083,66.829,OK,84.066,0.077,106.731
Format Monthly Sheets,v1.8.6 - Framework Timing Report.pdf,Format Monthly Sheets 05.26,Format Monthly Sheets,1,76,Wave 4 Raw Data approved-sync columns complete | Changed column groups:,Wave 4 Raw Data approved-sync columns complete | Changed column groups,0.009,66.838,OK,84.066,0.006,106.731
Format Monthly Sheets,v1.8.6 - Framework Timing Report.pdf,Format Monthly Sheets 05.26,Format Monthly Sheets,1,77,Wave 4 Raw Data banner-column sync start,Wave 4 Raw Data banner-column sync start,0.000,66.838,OK,84.066,0.000,106.731
Format Monthly Sheets,v1.8.6 - Framework Timing Report.pdf,Format Monthly Sheets 05.26,Format Monthly Sheets,1,78,Wave 4 Raw Data banner-sync bulk read complete | Rows:,Wave 4 Raw Data banner-sync bulk read complete | Rows,3.599,70.437,OK,84.066,4.399,106.731
Format Monthly Sheets,v1.8.6 - Framework Timing Report.pdf,Format Monthly Sheets 05.26,Format Monthly Sheets,1,79,Wave 4 Raw Data banner-sync source map built | Keys:,Wave 4 Raw Data banner-sync source map built | Keys,0.631,71.068,OK,84.066,0.740,106.731
Format Monthly Sheets,v1.8.6 - Framework Timing Report.pdf,Format Monthly Sheets 05.26,Format Monthly Sheets,1,80,Wave 4 Raw Data banner-sync guarded write complete | Changed column groups:,Wave 4 Raw Data banner-sync guarded write complete | Changed column groups,0.910,71.978,OK,84.066,1.222,106.731
Format Monthly Sheets,v1.8.6 - Framework Timing Report.pdf,Format Monthly Sheets 05.26,Format Monthly Sheets,1,81,Wave 4 Raw Data banner-column sync complete | Rows updated:,Wave 4 Raw Data banner-column sync complete | Rows updated,0.014,71.992,OK,84.066,0.010,106.731
Format Monthly Sheets,v1.8.6 - Framework Timing Report.pdf,Format Monthly Sheets 05.26,Format Monthly Sheets,1,82,Wave 4 Raw Data row-height lock start,Wave 4 Raw Data row-height lock start,0.000,71.992,OK,84.066,0.000,106.731
Format Monthly Sheets,v1.8.6 - Framework Timing Report.pdf,Format Monthly Sheets 05.26,Format Monthly Sheets,1,83,Wave 4 Raw Data row-height lock complete,Wave 4 Raw Data row-height lock complete,0.629,72.621,OK,84.066,0.992,106.731
Format Monthly Sheets,v1.8.6 - Framework Timing Report.pdf,Format Monthly Sheets 05.26,Format Monthly Sheets,1,84,Wave 4 Raw Data visibility policy start,Wave 4 Raw Data visibility policy start,0.000,72.621,OK,84.066,0.000,106.731
Format Monthly Sheets,v1.8.6 - Framework Timing Report.pdf,Format Monthly Sheets 05.26,Format Monthly Sheets,1,85,Hide governed output sheet: Raw Data 05.,Hide governed output sheet: Raw Data,0.196,72.817,OK,84.066,0.288,106.731
Format Monthly Sheets,v1.8.6 - Framework Timing Report.pdf,Format Monthly Sheets 05.26,Format Monthly Sheets,1,86,Wave 4 Raw Data visibility policy complete,Wave 4 Raw Data visibility policy complete,0.000,72.817,OK,84.066,0.000,106.731
Format Monthly Sheets,v1.8.6 - Framework Timing Report.pdf,Format Monthly Sheets 05.26,Format Monthly Sheets,1,87,Raw Data final visibility policy enforced after Index refresh,Raw Data final visibility policy enforced after Index refresh,11.158,83.975,SLOW,84.066,25.414,106.731
Format Monthly Sheets,v1.8.6 - Framework Timing Report.pdf,Format Monthly Sheets 05.26,Format Monthly Sheets,1,88,Formatted monthly Raw Data in place without deleting imported columns: Raw Data 05.,Formatted monthly Raw Data in place without deleting imported columns: Raw Data,0.002,83.977,OK,84.066,1.100,106.731
Format Monthly Sheets,v1.8.6 - Framework Timing Report.pdf,Format Monthly Sheets 05.26,Format Monthly Sheets,1,89,Formatted monthly import tab: RD from RD May,Formatted monthly import tab: RD from RD,0.000,83.977,OK,84.066,0.002,106.731
Format Monthly Sheets,v1.8.6 - Framework Timing Report.pdf,Format Monthly Sheets 05.26,Format Monthly Sheets,1,90,Complete,Complete,0.089,84.066,OK,84.066,0.105,106.731
Format Monthly Sheets,v1.8.6 - Framework Timing Report.pdf,Format Monthly Sheets 07.26,Format Monthly Sheets,1,1,Start,Start,0.690,0.690,OK,189.190,0.331,106.731
Format Monthly Sheets,v1.8.6 - Framework Timing Report.pdf,Format Monthly Sheets 07.26,Format Monthly Sheets,1,2,Banner output sheet shown: Banners 07.,Banner output sheet shown: Banners,17.345,18.035,SLOW,189.190,12.426,106.731
Format Monthly Sheets,v1.8.6 - Framework Timing Report.pdf,Format Monthly Sheets 07.26,Format Monthly Sheets,1,3,Raw archive detail - archive workbook opened: Source - Banners 07.,Raw archive detail - archive workbook opened: Source - Banners,2.071,20.106,OK,189.190,2.285,106.731
Format Monthly Sheets,v1.8.6 - Framework Timing Report.pdf,Format Monthly Sheets 07.26,Format Monthly Sheets,1,4,Raw archive detail - existing archive sheet deleted if present: Source - Banners,Raw archive detail - existing archive sheet deleted if present: Source - Banners,0.000,20.106,OK,189.190,0.160,106.731
Format Monthly Sheets,v1.8.6 - Framework Timing Report.pdf,Format Monthly Sheets 07.26,Format Monthly Sheets,1,5,Raw archive detail - source sheet copied to archive workbook: Source - Banners 07.,Raw archive detail - source sheet copied to archive workbook: Source - Banners,1.708,21.814,OK,189.190,1.544,106.731
Format Monthly Sheets,v1.8.6 - Framework Timing Report.pdf,Format Monthly Sheets 07.26,Format Monthly Sheets,1,6,Raw archive detail - archive sheet renamed: Source - Banners 07.,Raw archive detail - archive sheet renamed: Source - Banners,0.632,22.446,OK,189.190,1.097,106.731
Format Monthly Sheets,v1.8.6 - Framework Timing Report.pdf,Format Monthly Sheets 07.26,Format Monthly Sheets,1,7,Raw archive detail - archive sheet visibility enforced visible: Source - Banners 07.,Raw archive detail - archive sheet visibility enforced visible: Source - Banners,0.146,22.592,OK,189.190,0.095,106.731
Format Monthly Sheets,v1.8.6 - Framework Timing Report.pdf,Format Monthly Sheets 07.26,Format Monthly Sheets,1,8,Raw data copied to archive: Source - Banners 07.,Raw data copied to archive: Source - Banners,0.001,22.593,OK,189.190,0.000,106.731
Format Monthly Sheets,v1.8.6 - Framework Timing Report.pdf,Format Monthly Sheets 07.26,Format Monthly Sheets,1,9,Local raw sheet deleted to preserve workbook speed,Local raw sheet deleted to preserve workbook speed,0.903,23.496,OK,189.190,0.752,106.731
Format Monthly Sheets,v1.8.6 - Framework Timing Report.pdf,Format Monthly Sheets 07.26,Format Monthly Sheets,1,10,Hide governed output sheet: Banners 07.,Hide governed output sheet: Banners,0.792,24.288,OK,189.190,0.758,106.731
Format Monthly Sheets,v1.8.6 - Framework Timing Report.pdf,Format Monthly Sheets 07.26,Format Monthly Sheets,1,11,Formatted monthly import tab: B from B July,Formatted monthly import tab: B from B,0.191,24.479,OK,189.190,0.168,106.731
Format Monthly Sheets,v1.8.6 - Framework Timing Report.pdf,Format Monthly Sheets 07.26,Format Monthly Sheets,1,12,Prepared monthly dashboard source: CD July,Prepared monthly dashboard source: CD,1.351,25.830,OK,189.190,1.110,106.731
Format Monthly Sheets,v1.8.6 - Framework Timing Report.pdf,Format Monthly Sheets 07.26,Format Monthly Sheets,1,13,Mapped monthly dashboard rows in memory:,Mapped monthly dashboard rows in memory,0.841,26.671,OK,189.190,0.762,106.731
Format Monthly Sheets,v1.8.6 - Framework Timing Report.pdf,Format Monthly Sheets 07.26,Format Monthly Sheets,1,14,Monthly dashboard fast canvas - blank sheet inserted in configured creation order: CP Due 07.,Monthly dashboard fast canvas - blank sheet inserted in configured creation order: CP Due,39.664,66.335,BOTTLENECK,189.190,12.014,106.731
Format Monthly Sheets,v1.8.6 - Framework Timing Report.pdf,Format Monthly Sheets 07.26,Format Monthly Sheets,1,15,Monthly dashboard fast canvas - grid resized to 346 rows x 5 cols: CP Due 07.,Monthly dashboard fast canvas - grid resized to 346 rows x 5 cols: CP Due,0.955,67.290,OK,189.190,0.837,106.731
Format Monthly Sheets,v1.8.6 - Framework Timing Report.pdf,Format Monthly Sheets 07.26,Format Monthly Sheets,1,16,Monthly dashboard fast canvas - template column widths applied: CP Due 07.,Monthly dashboard fast canvas - template column widths applied: CP Due,0.864,68.154,OK,189.190,0.860,106.731
Format Monthly Sheets,v1.8.6 - Framework Timing Report.pdf,Format Monthly Sheets 07.26,Format Monthly Sheets,1,17,Monthly dashboard fast canvas - raw values written | Rows: 342: CP Due 07.,Monthly dashboard fast canvas - raw values written | Rows: 342: CP Due,0.009,68.163,OK,189.190,0.013,106.731
Format Monthly Sheets,v1.8.6 - Framework Timing Report.pdf,Format Monthly Sheets 07.26,Format Monthly Sheets,1,18,Monthly dashboard fast canvas - title rows copied from template: CP Due 07.,Monthly dashboard fast canvas - title rows copied from template: CP Due,0.009,68.172,OK,189.190,0.008,106.731
Format Monthly Sheets,v1.8.6 - Framework Timing Report.pdf,Format Monthly Sheets 07.26,Format Monthly Sheets,1,19,Monthly dashboard fast canvas - header row copied from template: CP Due 07.,Monthly dashboard fast canvas - header row copied from template: CP Due,0.003,68.175,OK,189.190,0.006,106.731
Format Monthly Sheets,v1.8.6 - Framework Timing Report.pdf,Format Monthly Sheets 07.26,Format Monthly Sheets,1,20,Monthly dashboard fast canvas - data-row format copied from template | Rows: 342: CP Due 07.,Monthly dashboard fast canvas - data-row format copied from template | Rows: 342: CP Due,0.003,68.178,OK,189.190,0.004,106.731
Format Monthly Sheets,v1.8.6 - Framework Timing Report.pdf,Format Monthly Sheets 07.26,Format Monthly Sheets,1,21,Monthly dashboard fast canvas - title/date/header values stamped: CP Due 07.,Monthly dashboard fast canvas - title/date/header values stamped: CP Due,0.011,68.189,OK,189.190,0.018,106.731
Format Monthly Sheets,v1.8.6 - Framework Timing Report.pdf,Format Monthly Sheets 07.26,Format Monthly Sheets,1,22,Monthly dashboard fast canvas - frozen rows/columns and tab color applied: CP Due 07.,Monthly dashboard fast canvas - frozen rows/columns and tab color applied: CP Due,1.011,69.200,OK,189.190,2.161,106.731
Format Monthly Sheets,v1.8.6 - Framework Timing Report.pdf,Format Monthly Sheets 07.26,Format Monthly Sheets,1,23,Monthly dashboard fast canvas - filter created: CP Due 07.,Monthly dashboard fast canvas - filter created: CP Due,0.915,70.115,OK,189.190,0.915,106.731
Format Monthly Sheets,v1.8.6 - Framework Timing Report.pdf,Format Monthly Sheets 07.26,Format Monthly Sheets,1,24,Monthly dashboard fast canvas - template-driven canvas wrap applied: CP Due 07.,Monthly dashboard fast canvas - template-driven canvas wrap applied: CP Due,0.574,70.689,OK,189.190,0.481,106.731
Format Monthly Sheets,v1.8.6 - Framework Timing Report.pdf,Format Monthly Sheets 07.26,Format Monthly Sheets,1,25,Monthly dashboard fast canvas - runtime caches cleared: CP Due 07.,Monthly dashboard fast canvas - runtime caches cleared: CP Due,0.001,70.690,OK,189.190,0.004,106.731
Format Monthly Sheets,v1.8.6 - Framework Timing Report.pdf,Format Monthly Sheets 07.26,Format Monthly Sheets,1,26,Created monthly dashboard fast canvas: CP Due,Created monthly dashboard fast canvas: CP Due,0.000,70.690,OK,189.190,0.000,106.731
Format Monthly Sheets,v1.8.6 - Framework Timing Report.pdf,Format Monthly Sheets 07.26,Format Monthly Sheets,1,27,Locked monthly dashboard row heights: CP Due 07.,Locked monthly dashboard row heights: CP Due,0.824,71.514,OK,189.190,0.696,106.731
Format Monthly Sheets,v1.8.6 - Framework Timing Report.pdf,Format Monthly Sheets 07.26,Format Monthly Sheets,1,28,Raw archive detail - archive workbook opened: Source - CP Due 07.,Raw archive detail - archive workbook opened: Source - CP Due,0.236,71.750,OK,189.190,0.180,106.731
Format Monthly Sheets,v1.8.6 - Framework Timing Report.pdf,Format Monthly Sheets 07.26,Format Monthly Sheets,1,29,Raw archive detail - existing archive sheet deleted if present: Source - CP Due 07.,Raw archive detail - existing archive sheet deleted if present: Source - CP Due,0.001,71.751,OK,189.190,0.098,106.731
Format Monthly Sheets,v1.8.6 - Framework Timing Report.pdf,Format Monthly Sheets 07.26,Format Monthly Sheets,1,30,Raw archive detail - source sheet copied to archive workbook: Source - CP Due 07.,Raw archive detail - source sheet copied to archive workbook: Source - CP Due,1.905,73.656,OK,189.190,1.282,106.731
Format Monthly Sheets,v1.8.6 - Framework Timing Report.pdf,Format Monthly Sheets 07.26,Format Monthly Sheets,1,31,Raw archive detail - archive sheet renamed: Source - CP Due 07.,Raw archive detail - archive sheet renamed: Source - CP Due,0.212,73.868,OK,189.190,0.163,106.731
Format Monthly Sheets,v1.8.6 - Framework Timing Report.pdf,Format Monthly Sheets 07.26,Format Monthly Sheets,1,32,Raw archive detail - archive sheet visibility enforced visible: Source - CP Due 07.,Raw archive detail - archive sheet visibility enforced visible: Source - CP Due,0.156,74.024,OK,189.190,0.084,106.731
Format Monthly Sheets,v1.8.6 - Framework Timing Report.pdf,Format Monthly Sheets 07.26,Format Monthly Sheets,1,33,Raw data copied to archive: Source - CP Due,Raw data copied to archive: Source - CP Due,0.000,74.024,OK,189.190,0.000,106.731
Format Monthly Sheets,v1.8.6 - Framework Timing Report.pdf,Format Monthly Sheets 07.26,Format Monthly Sheets,1,34,Local raw sheet deleted to preserve workbook speed,Local raw sheet deleted to preserve workbook speed,0.792,74.816,OK,189.190,0.752,106.731
Format Monthly Sheets,v1.8.6 - Framework Timing Report.pdf,Format Monthly Sheets 07.26,Format Monthly Sheets,1,35,Hide governed output sheet: CP Due 07.,Hide governed output sheet: CP Due,0.794,75.610,OK,189.190,0.703,106.731
Format Monthly Sheets,v1.8.6 - Framework Timing Report.pdf,Format Monthly Sheets 07.26,Format Monthly Sheets,1,36,Formatted monthly import tab: CD from CD July,Formatted monthly import tab: CD from CD,0.244,75.854,OK,189.190,0.162,106.731
Format Monthly Sheets,v1.8.6 - Framework Timing Report.pdf,Format Monthly Sheets 07.26,Format Monthly Sheets,1,37,Prepared monthly dashboard source: UC July,Prepared monthly dashboard source: UC,0.798,76.652,OK,189.190,0.774,106.731
Format Monthly Sheets,v1.8.6 - Framework Timing Report.pdf,Format Monthly Sheets 07.26,Format Monthly Sheets,1,38,Mapped monthly dashboard rows in memory:,Mapped monthly dashboard rows in memory,0.903,77.555,OK,189.190,0.762,106.731
Format Monthly Sheets,v1.8.6 - Framework Timing Report.pdf,Format Monthly Sheets 07.26,Format Monthly Sheets,1,39,Monthly dashboard fast canvas - blank sheet inserted in configured creation order: Unlock CP 07.,Monthly dashboard fast canvas - blank sheet inserted in configured creation order: Unlock CP,16.748,94.303,SLOW,189.190,11.441,106.731
Format Monthly Sheets,v1.8.6 - Framework Timing Report.pdf,Format Monthly Sheets 07.26,Format Monthly Sheets,1,40,Monthly dashboard fast canvas - grid resized to 354 rows x 4 cols: Unlock CP 07.,Monthly dashboard fast canvas - grid resized to 354 rows x 4 cols: Unlock CP,0.879,95.182,OK,189.190,1.055,106.731
Format Monthly Sheets,v1.8.6 - Framework Timing Report.pdf,Format Monthly Sheets 07.26,Format Monthly Sheets,1,41,Monthly dashboard fast canvas - template column widths applied: Unlock CP 07.,Monthly dashboard fast canvas - template column widths applied: Unlock CP,0.591,95.773,OK,189.190,0.559,106.731
Format Monthly Sheets,v1.8.6 - Framework Timing Report.pdf,Format Monthly Sheets 07.26,Format Monthly Sheets,1,42,Monthly dashboard fast canvas - raw values written | Rows: 350: Unlock CP 07.,Monthly dashboard fast canvas - raw values written | Rows: 350: Unlock CP,0.011,95.784,OK,189.190,0.014,106.731
Format Monthly Sheets,v1.8.6 - Framework Timing Report.pdf,Format Monthly Sheets 07.26,Format Monthly Sheets,1,43,Monthly dashboard fast canvas - title rows copied from template: Unlock CP 07.,Monthly dashboard fast canvas - title rows copied from template: Unlock CP,0.003,95.787,OK,189.190,0.015,106.731
Format Monthly Sheets,v1.8.6 - Framework Timing Report.pdf,Format Monthly Sheets 07.26,Format Monthly Sheets,1,44,Monthly dashboard fast canvas - header row copied from template: Unlock CP 07.,Monthly dashboard fast canvas - header row copied from template: Unlock CP,0.003,95.790,OK,189.190,0.014,106.731
Format Monthly Sheets,v1.8.6 - Framework Timing Report.pdf,Format Monthly Sheets 07.26,Format Monthly Sheets,1,45,Monthly dashboard fast canvas - data-row format copied from template | Rows: 350: Unlock CP 07.,Monthly dashboard fast canvas - data-row format copied from template | Rows: 350: Unlock CP,0.002,95.792,OK,189.190,0.008,106.731
Format Monthly Sheets,v1.8.6 - Framework Timing Report.pdf,Format Monthly Sheets 07.26,Format Monthly Sheets,1,46,Monthly dashboard fast canvas - title/date/header values stamped: Unlock CP 07.,Monthly dashboard fast canvas - title/date/header values stamped: Unlock CP,0.008,95.800,OK,189.190,0.039,106.731
Format Monthly Sheets,v1.8.6 - Framework Timing Report.pdf,Format Monthly Sheets 07.26,Format Monthly Sheets,1,47,Monthly dashboard fast canvas - frozen rows/columns and tab color applied: Unlock CP 07.,Monthly dashboard fast canvas - frozen rows/columns and tab color applied: Unlock CP,1.021,96.821,OK,189.190,1.001,106.731
Format Monthly Sheets,v1.8.6 - Framework Timing Report.pdf,Format Monthly Sheets 07.26,Format Monthly Sheets,1,48,Monthly dashboard fast canvas - filter created: Unlock CP 07.,Monthly dashboard fast canvas - filter created: Unlock CP,1.014,97.835,OK,189.190,0.845,106.731
Format Monthly Sheets,v1.8.6 - Framework Timing Report.pdf,Format Monthly Sheets 07.26,Format Monthly Sheets,1,49,Monthly dashboard fast canvas - template-driven canvas wrap applied: Unlock CP 07.,Monthly dashboard fast canvas - template-driven canvas wrap applied: Unlock CP,0.525,98.360,OK,189.190,0.465,106.731
Format Monthly Sheets,v1.8.6 - Framework Timing Report.pdf,Format Monthly Sheets 07.26,Format Monthly Sheets,1,50,Monthly dashboard fast canvas - runtime caches cleared: Unlock CP 07.,Monthly dashboard fast canvas - runtime caches cleared: Unlock CP,0.001,98.361,OK,189.190,0.010,106.731
Format Monthly Sheets,v1.8.6 - Framework Timing Report.pdf,Format Monthly Sheets 07.26,Format Monthly Sheets,1,51,Created monthly dashboard fast canvas: Unlock CP,Created monthly dashboard fast canvas: Unlock CP,0.000,98.361,OK,189.190,0.000,106.731
Format Monthly Sheets,v1.8.6 - Framework Timing Report.pdf,Format Monthly Sheets 07.26,Format Monthly Sheets,1,52,Locked monthly dashboard row heights: Unlock CP 07.,Locked monthly dashboard row heights: Unlock CP,0.758,99.119,OK,189.190,0.941,106.731
Format Monthly Sheets,v1.8.6 - Framework Timing Report.pdf,Format Monthly Sheets 07.26,Format Monthly Sheets,1,53,Raw archive detail - archive workbook opened: Source - Unlocked CP 07.,Raw archive detail - archive workbook opened: Source - Unlocked CP,0.237,99.356,OK,189.190,0.172,106.731
Format Monthly Sheets,v1.8.6 - Framework Timing Report.pdf,Format Monthly Sheets 07.26,Format Monthly Sheets,1,54,Raw archive detail - existing archive sheet deleted if present: Source - Unlocked CP,Raw archive detail - existing archive sheet deleted if present: Source - Unlocked CP,0.000,99.356,OK,189.190,0.097,106.731
Format Monthly Sheets,v1.8.6 - Framework Timing Report.pdf,Format Monthly Sheets 07.26,Format Monthly Sheets,1,55,Wave 4 Raw Data title-row insert complete | Rows inserted:,Wave 4 Raw Data title-row insert complete | Rows inserted,20.774,120.130,OK,189.190,0.998,106.731
Format Monthly Sheets,v1.8.6 - Framework Timing Report.pdf,Format Monthly Sheets 07.26,Format Monthly Sheets,1,56,Raw Data final visibility policy enforced after Index refresh,Raw Data final visibility policy enforced after Index refresh,69.060,189.190,BOTTLENECK,189.190,25.414,106.731
Format Monthly Sheets,v1.8.9.1 - Framework Timing Report.pdf,Format Monthly Sheets 05.26,Format Monthly Sheets,1,1,Start,Start,0.243,0.243,OK,68.326,0.331,106.731
Format Monthly Sheets,v1.8.9.1 - Framework Timing Report.pdf,Format Monthly Sheets 05.26,Format Monthly Sheets,1,2,Banner output sheet shown: Banners 05.,Banner output sheet shown: Banners,8.015,8.258,OK,68.326,12.426,106.731
Format Monthly Sheets,v1.8.9.1 - Framework Timing Report.pdf,Format Monthly Sheets 05.26,Format Monthly Sheets,1,3,Raw archive detail - archive workbook opened: Source - Banners 05.,Raw archive detail - archive workbook opened: Source - Banners,1.018,9.276,OK,68.326,2.285,106.731
Format Monthly Sheets,v1.8.9.1 - Framework Timing Report.pdf,Format Monthly Sheets 05.26,Format Monthly Sheets,1,4,Raw archive detail - existing archive sheet deleted if present: Source - Banners 05.,Raw archive detail - existing archive sheet deleted if present: Source - Banners,0.001,9.277,OK,68.326,0.160,106.731
Format Monthly Sheets,v1.8.9.1 - Framework Timing Report.pdf,Format Monthly Sheets 05.26,Format Monthly Sheets,1,5,Raw archive detail - source sheet copied to archive workbook: Source - Banners 05.,Raw archive detail - source sheet copied to archive workbook: Source - Banners,1.123,10.400,OK,68.326,1.544,106.731
Format Monthly Sheets,v1.8.9.1 - Framework Timing Report.pdf,Format Monthly Sheets 05.26,Format Monthly Sheets,1,6,Raw archive detail - archive sheet renamed: Source - Banners 05.,Raw archive detail - archive sheet renamed: Source - Banners,0.605,11.005,OK,68.326,1.097,106.731
Format Monthly Sheets,v1.8.9.1 - Framework Timing Report.pdf,Format Monthly Sheets 05.26,Format Monthly Sheets,1,7,Raw archive detail - archive sheet visibility enforced visible: Source - Banners 05.,Raw archive detail - archive sheet visibility enforced visible: Source - Banners,0.072,11.077,OK,68.326,0.095,106.731
Format Monthly Sheets,v1.8.9.1 - Framework Timing Report.pdf,Format Monthly Sheets 05.26,Format Monthly Sheets,1,8,Raw data copied to archive: Source - Banners,Raw data copied to archive: Source - Banners,0.000,11.077,OK,68.326,0.000,106.731
Format Monthly Sheets,v1.8.9.1 - Framework Timing Report.pdf,Format Monthly Sheets 05.26,Format Monthly Sheets,1,9,Local raw sheet deleted to preserve workbook speed,Local raw sheet deleted to preserve workbook speed,0.337,11.414,OK,68.326,0.752,106.731
Format Monthly Sheets,v1.8.9.1 - Framework Timing Report.pdf,Format Monthly Sheets 05.26,Format Monthly Sheets,1,10,Hide governed output sheet: Banners 05.,Hide governed output sheet: Banners,0.362,11.776,OK,68.326,0.758,106.731
Format Monthly Sheets,v1.8.9.1 - Framework Timing Report.pdf,Format Monthly Sheets 05.26,Format Monthly Sheets,1,11,Formatted monthly import tab: B from B May,Formatted monthly import tab: B from B,0.070,11.846,OK,68.326,0.168,106.731
Format Monthly Sheets,v1.8.9.1 - Framework Timing Report.pdf,Format Monthly Sheets 05.26,Format Monthly Sheets,1,12,Prepared monthly dashboard source: CD May,Prepared monthly dashboard source: CD,0.420,12.266,OK,68.326,1.110,106.731
Format Monthly Sheets,v1.8.9.1 - Framework Timing Report.pdf,Format Monthly Sheets 05.26,Format Monthly Sheets,1,13,Mapped monthly dashboard rows in memory:,Mapped monthly dashboard rows in memory,0.459,12.725,OK,68.326,0.762,106.731
Format Monthly Sheets,v1.8.9.1 - Framework Timing Report.pdf,Format Monthly Sheets 05.26,Format Monthly Sheets,1,14,Monthly dashboard fast canvas - blank sheet inserted in configured creation order: CP Due 05.,Monthly dashboard fast canvas - blank sheet inserted in configured creation order: CP Due,7.261,19.986,OK,68.326,12.014,106.731
Format Monthly Sheets,v1.8.9.1 - Framework Timing Report.pdf,Format Monthly Sheets 05.26,Format Monthly Sheets,1,15,Monthly dashboard fast canvas - grid resized to 339 rows x 5 cols: CP Due 05.,Monthly dashboard fast canvas - grid resized to 339 rows x 5 cols: CP Due,0.467,20.453,OK,68.326,1.136,106.731
Format Monthly Sheets,v1.8.9.1 - Framework Timing Report.pdf,Format Monthly Sheets 05.26,Format Monthly Sheets,1,16,Monthly dashboard fast canvas - template column widths applied: CP Due 05.,Monthly dashboard fast canvas - template column widths applied: CP Due,0.391,20.844,OK,68.326,0.860,106.731
Format Monthly Sheets,v1.8.9.1 - Framework Timing Report.pdf,Format Monthly Sheets 05.26,Format Monthly Sheets,1,17,Monthly dashboard fast canvas - raw values written | Rows: 335: CP Due 05.,Monthly dashboard fast canvas - raw values written | Rows: 335: CP Due,0.015,20.859,OK,68.326,0.018,106.731
Format Monthly Sheets,v1.8.9.1 - Framework Timing Report.pdf,Format Monthly Sheets 05.26,Format Monthly Sheets,1,18,Monthly dashboard fast canvas - title rows copied from template: CP Due 05.,Monthly dashboard fast canvas - title rows copied from template: CP Due,0.007,20.866,OK,68.326,0.008,106.731
Format Monthly Sheets,v1.8.9.1 - Framework Timing Report.pdf,Format Monthly Sheets 05.26,Format Monthly Sheets,1,19,Monthly dashboard fast canvas - header row copied from template: CP Due 05.,Monthly dashboard fast canvas - header row copied from template: CP Due,0.004,20.870,OK,68.326,0.006,106.731
Format Monthly Sheets,v1.8.9.1 - Framework Timing Report.pdf,Format Monthly Sheets 05.26,Format Monthly Sheets,1,20,Monthly dashboard fast canvas - data-row format copied from template | Rows: 335: CP Due 05.,Monthly dashboard fast canvas - data-row format copied from template | Rows: 335: CP Due,0.005,20.875,OK,68.326,0.010,106.731
Format Monthly Sheets,v1.8.9.1 - Framework Timing Report.pdf,Format Monthly Sheets 05.26,Format Monthly Sheets,1,21,Monthly dashboard fast canvas - title/date/header values stamped: CP Due 05.,Monthly dashboard fast canvas - title/date/header values stamped: CP Due,0.012,20.887,OK,68.326,0.018,106.731
Format Monthly Sheets,v1.8.9.1 - Framework Timing Report.pdf,Format Monthly Sheets 05.26,Format Monthly Sheets,1,22,Monthly dashboard fast canvas - frozen rows/columns and tab color applied: CP Due 05.,Monthly dashboard fast canvas - frozen rows/columns and tab color applied: CP Due,0.502,21.389,OK,68.326,2.161,106.731
Format Monthly Sheets,v1.8.9.1 - Framework Timing Report.pdf,Format Monthly Sheets 05.26,Format Monthly Sheets,1,23,Monthly dashboard fast canvas - filter created: CP Due 05.,Monthly dashboard fast canvas - filter created: CP Due,0.457,21.846,OK,68.326,0.915,106.731
Format Monthly Sheets,v1.8.9.1 - Framework Timing Report.pdf,Format Monthly Sheets 05.26,Format Monthly Sheets,1,24,Monthly dashboard fast canvas - template-driven canvas wrap applied: CP Due 05.,Monthly dashboard fast canvas - template-driven canvas wrap applied: CP Due,0.242,22.088,OK,68.326,0.481,106.731
Format Monthly Sheets,v1.8.9.1 - Framework Timing Report.pdf,Format Monthly Sheets 05.26,Format Monthly Sheets,1,25,Monthly dashboard fast canvas - runtime caches cleared: CP Due 05.,Monthly dashboard fast canvas - runtime caches cleared: CP Due,0.002,22.090,OK,68.326,0.004,106.731
Format Monthly Sheets,v1.8.9.1 - Framework Timing Report.pdf,Format Monthly Sheets 05.26,Format Monthly Sheets,1,26,Created monthly dashboard fast canvas: CP Due,Created monthly dashboard fast canvas: CP Due,0.000,22.090,OK,68.326,0.000,106.731
Format Monthly Sheets,v1.8.9.1 - Framework Timing Report.pdf,Format Monthly Sheets 05.26,Format Monthly Sheets,1,27,Locked monthly dashboard row heights: CP Due 05.,Locked monthly dashboard row heights: CP Due,1.058,23.148,OK,68.326,0.696,106.731
Format Monthly Sheets,v1.8.9.1 - Framework Timing Report.pdf,Format Monthly Sheets 05.26,Format Monthly Sheets,1,28,Raw archive detail - archive workbook opened: Source - CP Due 05.,Raw archive detail - archive workbook opened: Source - CP Due,0.121,23.269,OK,68.326,0.180,106.731
Format Monthly Sheets,v1.8.9.1 - Framework Timing Report.pdf,Format Monthly Sheets 05.26,Format Monthly Sheets,1,29,Raw archive detail - existing archive sheet deleted if present: Source - CP Due,Raw archive detail - existing archive sheet deleted if present: Source - CP Due,0.000,23.269,OK,68.326,0.098,106.731
Format Monthly Sheets,v1.8.9.1 - Framework Timing Report.pdf,Format Monthly Sheets 05.26,Format Monthly Sheets,1,30,Raw archive detail - source sheet copied to archive workbook: Source - CP Due 05.,Raw archive detail - source sheet copied to archive workbook: Source - CP Due,0.765,24.034,OK,68.326,1.282,106.731
Format Monthly Sheets,v1.8.9.1 - Framework Timing Report.pdf,Format Monthly Sheets 05.26,Format Monthly Sheets,1,31,Raw archive detail - archive sheet renamed: Source - CP Due 05.,Raw archive detail - archive sheet renamed: Source - CP Due,0.145,24.179,OK,68.326,0.163,106.731
Format Monthly Sheets,v1.8.9.1 - Framework Timing Report.pdf,Format Monthly Sheets 05.26,Format Monthly Sheets,1,32,Raw archive detail - archive sheet visibility enforced visible: Source - CP Due 05.,Raw archive detail - archive sheet visibility enforced visible: Source - CP Due,0.062,24.241,OK,68.326,0.084,106.731
Format Monthly Sheets,v1.8.9.1 - Framework Timing Report.pdf,Format Monthly Sheets 05.26,Format Monthly Sheets,1,33,Raw data copied to archive: Source - CP Due,Raw data copied to archive: Source - CP Due,0.000,24.241,OK,68.326,0.000,106.731
Format Monthly Sheets,v1.8.9.1 - Framework Timing Report.pdf,Format Monthly Sheets 05.26,Format Monthly Sheets,1,34,Local raw sheet deleted to preserve workbook speed,Local raw sheet deleted to preserve workbook speed,0.323,24.564,OK,68.326,0.752,106.731
Format Monthly Sheets,v1.8.9.1 - Framework Timing Report.pdf,Format Monthly Sheets 05.26,Format Monthly Sheets,1,35,Hide governed output sheet: CP Due 05.,Hide governed output sheet: CP Due,0.380,24.944,OK,68.326,0.703,106.731
Format Monthly Sheets,v1.8.9.1 - Framework Timing Report.pdf,Format Monthly Sheets 05.26,Format Monthly Sheets,1,36,Formatted monthly import tab: CD from CD May,Formatted monthly import tab: CD from CD,0.085,25.029,OK,68.326,0.162,106.731
Format Monthly Sheets,v1.8.9.1 - Framework Timing Report.pdf,Format Monthly Sheets 05.26,Format Monthly Sheets,1,37,Prepared monthly dashboard source: UC May,Prepared monthly dashboard source: UC,0.608,25.637,OK,68.326,0.774,106.731
Format Monthly Sheets,v1.8.9.1 - Framework Timing Report.pdf,Format Monthly Sheets 05.26,Format Monthly Sheets,1,38,Mapped monthly dashboard rows in memory:,Mapped monthly dashboard rows in memory,0.735,26.372,OK,68.326,0.762,106.731
Format Monthly Sheets,v1.8.9.1 - Framework Timing Report.pdf,Format Monthly Sheets 05.26,Format Monthly Sheets,1,39,Monthly dashboard fast canvas - blank sheet inserted in configured creation order: Unlock CP 05.,Monthly dashboard fast canvas - blank sheet inserted in configured creation order: Unlock CP,6.766,33.138,OK,68.326,11.441,106.731
Format Monthly Sheets,v1.8.9.1 - Framework Timing Report.pdf,Format Monthly Sheets 05.26,Format Monthly Sheets,1,40,Monthly dashboard fast canvas - grid resized to 351 rows x 4 cols: Unlock CP 05.,Monthly dashboard fast canvas - grid resized to 351 rows x 4 cols: Unlock CP,0.680,33.818,OK,68.326,0.885,106.731
Format Monthly Sheets,v1.8.9.1 - Framework Timing Report.pdf,Format Monthly Sheets 05.26,Format Monthly Sheets,1,41,Monthly dashboard fast canvas - template column widths applied: Unlock CP 05.,Monthly dashboard fast canvas - template column widths applied: Unlock CP,0.347,34.165,OK,68.326,0.559,106.731
Format Monthly Sheets,v1.8.9.1 - Framework Timing Report.pdf,Format Monthly Sheets 05.26,Format Monthly Sheets,1,42,Monthly dashboard fast canvas - raw values written | Rows: 347: Unlock CP 05.,Monthly dashboard fast canvas - raw values written | Rows: 347: Unlock CP,0.012,34.177,OK,68.326,0.015,106.731
Format Monthly Sheets,v1.8.9.1 - Framework Timing Report.pdf,Format Monthly Sheets 05.26,Format Monthly Sheets,1,43,Monthly dashboard fast canvas - title rows copied from template: Unlock CP 05.,Monthly dashboard fast canvas - title rows copied from template: Unlock CP,0.004,34.181,OK,68.326,0.015,106.731
Format Monthly Sheets,v1.8.9.1 - Framework Timing Report.pdf,Format Monthly Sheets 05.26,Format Monthly Sheets,1,44,Monthly dashboard fast canvas - header row copied from template: Unlock CP 05.,Monthly dashboard fast canvas - header row copied from template: Unlock CP,0.003,34.184,OK,68.326,0.014,106.731
Format Monthly Sheets,v1.8.9.1 - Framework Timing Report.pdf,Format Monthly Sheets 05.26,Format Monthly Sheets,1,45,Monthly dashboard fast canvas - data-row format copied from template | Rows: 347: Unlock CP 05.,Monthly dashboard fast canvas - data-row format copied from template | Rows: 347: Unlock CP,0.003,34.187,OK,68.326,0.007,106.731
Format Monthly Sheets,v1.8.9.1 - Framework Timing Report.pdf,Format Monthly Sheets 05.26,Format Monthly Sheets,1,46,Monthly dashboard fast canvas - title/date/header values stamped: Unlock CP 05.,Monthly dashboard fast canvas - title/date/header values stamped: Unlock CP,0.013,34.200,OK,68.326,0.039,106.731
Format Monthly Sheets,v1.8.9.1 - Framework Timing Report.pdf,Format Monthly Sheets 05.26,Format Monthly Sheets,1,47,Monthly dashboard fast canvas - frozen rows/columns and tab color applied: Unlock CP 05.,Monthly dashboard fast canvas - frozen rows/columns and tab color applied: Unlock CP,0.559,34.759,OK,68.326,1.001,106.731
Format Monthly Sheets,v1.8.9.1 - Framework Timing Report.pdf,Format Monthly Sheets 05.26,Format Monthly Sheets,1,48,Monthly dashboard fast canvas - filter created: Unlock CP 05.,Monthly dashboard fast canvas - filter created: Unlock CP,0.411,35.170,OK,68.326,0.845,106.731
Format Monthly Sheets,v1.8.9.1 - Framework Timing Report.pdf,Format Monthly Sheets 05.26,Format Monthly Sheets,1,49,Monthly dashboard fast canvas - template-driven canvas wrap applied: Unlock CP 05.,Monthly dashboard fast canvas - template-driven canvas wrap applied: Unlock CP,0.215,35.385,OK,68.326,0.465,106.731
Format Monthly Sheets,v1.8.9.1 - Framework Timing Report.pdf,Format Monthly Sheets 05.26,Format Monthly Sheets,1,50,Monthly dashboard fast canvas - runtime caches cleared: Unlock CP 05.,Monthly dashboard fast canvas - runtime caches cleared: Unlock CP,0.001,35.386,OK,68.326,0.010,106.731
Format Monthly Sheets,v1.8.9.1 - Framework Timing Report.pdf,Format Monthly Sheets 05.26,Format Monthly Sheets,1,51,Created monthly dashboard fast canvas: Unlock CP,Created monthly dashboard fast canvas: Unlock CP,0.000,35.386,OK,68.326,0.000,106.731
Format Monthly Sheets,v1.8.9.1 - Framework Timing Report.pdf,Format Monthly Sheets 05.26,Format Monthly Sheets,1,52,Locked monthly dashboard row heights: Unlock CP 05.,Locked monthly dashboard row heights: Unlock CP,0.349,35.735,OK,68.326,0.941,106.731
Format Monthly Sheets,v1.8.9.1 - Framework Timing Report.pdf,Format Monthly Sheets 05.26,Format Monthly Sheets,1,53,Raw archive detail - archive workbook opened: Source - Unlocked CP 05.,Raw archive detail - archive workbook opened: Source - Unlocked CP,0.098,35.833,OK,68.326,0.172,106.731
Format Monthly Sheets,v1.8.9.1 - Framework Timing Report.pdf,Format Monthly Sheets 05.26,Format Monthly Sheets,1,54,Raw archive detail - existing archive sheet deleted if present: Source - Unlocked CP 05.,Raw archive detail - existing archive sheet deleted if present: Source - Unlocked CP,0.001,35.834,OK,68.326,0.097,106.731
Format Monthly Sheets,v1.8.9.1 - Framework Timing Report.pdf,Format Monthly Sheets 05.26,Format Monthly Sheets,1,55,Raw archive detail - source sheet copied to archive workbook: Source - Unlocked CP 05.,Raw archive detail - source sheet copied to archive workbook: Source - Unlocked CP,1.159,36.993,OK,68.326,1.249,106.731
Format Monthly Sheets,v1.8.9.1 - Framework Timing Report.pdf,Format Monthly Sheets 05.26,Format Monthly Sheets,1,56,Raw archive detail - archive sheet renamed: Source - Unlocked CP 05.,Raw archive detail - archive sheet renamed: Source - Unlocked CP,0.160,37.153,OK,68.326,0.217,106.731
Format Monthly Sheets,v1.8.9.1 - Framework Timing Report.pdf,Format Monthly Sheets 05.26,Format Monthly Sheets,1,57,Raw archive detail - archive sheet visibility enforced visible: Source - Unlocked CP 05.,Raw archive detail - archive sheet visibility enforced visible: Source - Unlocked CP,0.074,37.227,OK,68.326,0.099,106.731
Format Monthly Sheets,v1.8.9.1 - Framework Timing Report.pdf,Format Monthly Sheets 05.26,Format Monthly Sheets,1,58,Raw data copied to archive: Source - Unlocked CP,Raw data copied to archive: Source - Unlocked CP,0.000,37.227,OK,68.326,0.000,106.731
Format Monthly Sheets,v1.8.9.1 - Framework Timing Report.pdf,Format Monthly Sheets 05.26,Format Monthly Sheets,1,59,Local raw sheet deleted to preserve workbook speed,Local raw sheet deleted to preserve workbook speed,0.349,37.576,OK,68.326,0.752,106.731
Format Monthly Sheets,v1.8.9.1 - Framework Timing Report.pdf,Format Monthly Sheets 05.26,Format Monthly Sheets,1,60,Hide governed output sheet: Unlock CP 05.,Hide governed output sheet: Unlock CP,0.593,38.169,OK,68.326,1.091,106.731
Format Monthly Sheets,v1.8.9.1 - Framework Timing Report.pdf,Format Monthly Sheets 05.26,Format Monthly Sheets,1,61,Formatted monthly import tab: UC from UC May,Formatted monthly import tab: UC from UC,0.074,38.243,OK,68.326,0.145,106.731
Format Monthly Sheets,v1.8.9.1 - Framework Timing Report.pdf,Format Monthly Sheets 05.26,Format Monthly Sheets,1,62,Read Raw Data source in place without editing imported values | Rows:,Read Raw Data source in place without editing imported values | Rows,4.229,42.472,OK,68.326,5.920,106.731
Format Monthly Sheets,v1.8.9.1 - Framework Timing Report.pdf,Format Monthly Sheets 05.26,Format Monthly Sheets,1,63,Rename Raw Data import sheet in place and place in configured creation order: RD May -> Raw Data 05.,Rename Raw Data import sheet in place and place in configured creation order: RD -> Raw Data,4.082,46.554,OK,68.326,7.021,106.731
Format Monthly Sheets,v1.8.9.1 - Framework Timing Report.pdf,Format Monthly Sheets 05.26,Format Monthly Sheets,1,64,Wave 4 Raw Data header row detection complete | Header row:,Wave 4 Raw Data header row detection complete | Header row,0.368,46.922,OK,68.326,0.730,106.731
Format Monthly Sheets,v1.8.9.1 - Framework Timing Report.pdf,Format Monthly Sheets 05.26,Format Monthly Sheets,1,65,Wave 4 Raw Data title-row insert complete | Rows inserted:,Wave 4 Raw Data title-row insert complete | Rows inserted,0.110,47.032,OK,68.326,0.998,106.731
Format Monthly Sheets,v1.8.9.1 - Framework Timing Report.pdf,Format Monthly Sheets 05.26,Format Monthly Sheets,1,66,Wave 4 Raw Data approved-column append complete | Columns added:,Wave 4 Raw Data approved-column append complete | Columns added,0.593,47.625,OK,68.326,1.084,106.731
Format Monthly Sheets,v1.8.9.1 - Framework Timing Report.pdf,Format Monthly Sheets 05.26,Format Monthly Sheets,1,67,Wave 4 Raw Data title/header formatting start | Width:,Wave 4 Raw Data title/header formatting start | Width,0.254,47.879,OK,68.326,0.545,106.731
Format Monthly Sheets,v1.8.9.1 - Framework Timing Report.pdf,Format Monthly Sheets 05.26,Format Monthly Sheets,1,68,Wave 4 Raw Data title/header formatting complete,Wave 4 Raw Data title/header formatting complete,0.401,48.280,OK,68.326,0.271,106.731
Format Monthly Sheets,v1.8.9.1 - Framework Timing Report.pdf,Format Monthly Sheets 05.26,Format Monthly Sheets,1,69,Wave 4 Raw Data frozen rows set,Wave 4 Raw Data frozen rows set,0.310,48.590,OK,68.326,0.635,106.731
Format Monthly Sheets,v1.8.9.1 - Framework Timing Report.pdf,Format Monthly Sheets 05.26,Format Monthly Sheets,1,70,Wave 4 Raw Data filter removal skipped - no existing filter,Wave 4 Raw Data filter removal skipped - no existing filter,0.192,48.782,OK,68.326,0.292,106.731
Format Monthly Sheets,v1.8.9.1 - Framework Timing Report.pdf,Format Monthly Sheets 05.26,Format Monthly Sheets,1,71,Wave 4 Raw Data filter creation complete | Rows: 5978; Columns:,Wave 4 Raw Data filter creation complete | Rows: 5978; Columns,0.294,49.076,OK,68.326,0.609,106.731
Format Monthly Sheets,v1.8.9.1 - Framework Timing Report.pdf,Format Monthly Sheets 05.26,Format Monthly Sheets,1,72,"Wave 4 Raw Data in-place title/header/column work complete | Added columns: Notes, Safety - 2 Person, Wanderer, Interpreter Needed, Fall Risk, DPOA or Guardian Active, Palliative Care, Primary PMR Row","Wave 4 Raw Data in-place title/header/column work complete | Added columns: Notes, Safety - 2 Person, Wanderer, Interpreter Needed, Fall Risk, DPOA or Guardian Active, Palliative Care, Primary PMR Row",0.002,49.078,OK,68.326,0.004,106.731
Format Monthly Sheets,v1.8.9.1 - Framework Timing Report.pdf,Format Monthly Sheets 05.26,Format Monthly Sheets,1,73,Wave 4 Raw Data approved-sync columns start,Wave 4 Raw Data approved-sync columns start,0.000,49.078,OK,68.326,0.000,106.731
Format Monthly Sheets,v1.8.9.1 - Framework Timing Report.pdf,Format Monthly Sheets 05.26,Format Monthly Sheets,1,74,Wave 4 Raw Data approved-sync bulk read complete | Rows:,Wave 4 Raw Data approved-sync bulk read complete | Rows,3.243,52.321,OK,68.326,4.008,106.731
Format Monthly Sheets,v1.8.9.1 - Framework Timing Report.pdf,Format Monthly Sheets 05.26,Format Monthly Sheets,1,75,Wave 4 Raw Data approved-sync guarded write complete | Changed column groups:,Wave 4 Raw Data approved-sync guarded write complete | Changed column groups,0.064,52.385,OK,68.326,0.077,106.731
Format Monthly Sheets,v1.8.9.1 - Framework Timing Report.pdf,Format Monthly Sheets 05.26,Format Monthly Sheets,1,76,Wave 4 Raw Data approved-sync columns complete | Changed column groups:,Wave 4 Raw Data approved-sync columns complete | Changed column groups,0.007,52.392,OK,68.326,0.006,106.731
Format Monthly Sheets,v1.8.9.1 - Framework Timing Report.pdf,Format Monthly Sheets 05.26,Format Monthly Sheets,1,77,Wave 4 Raw Data banner-column sync start,Wave 4 Raw Data banner-column sync start,0.000,52.392,OK,68.326,0.000,106.731
Format Monthly Sheets,v1.8.9.1 - Framework Timing Report.pdf,Format Monthly Sheets 05.26,Format Monthly Sheets,1,78,Wave 4 Raw Data banner-sync bulk read complete | Rows:,Wave 4 Raw Data banner-sync bulk read complete | Rows,3.706,56.098,OK,68.326,4.399,106.731
Format Monthly Sheets,v1.8.9.1 - Framework Timing Report.pdf,Format Monthly Sheets 05.26,Format Monthly Sheets,1,79,Wave 4 Raw Data banner-sync source map built | Keys:,Wave 4 Raw Data banner-sync source map built | Keys,0.693,56.791,OK,68.326,0.740,106.731
Format Monthly Sheets,v1.8.9.1 - Framework Timing Report.pdf,Format Monthly Sheets 05.26,Format Monthly Sheets,1,80,Wave 4 Raw Data banner-sync guarded write complete | Changed column groups:,Wave 4 Raw Data banner-sync guarded write complete | Changed column groups,0.922,57.713,OK,68.326,1.222,106.731
Format Monthly Sheets,v1.8.9.1 - Framework Timing Report.pdf,Format Monthly Sheets 05.26,Format Monthly Sheets,1,81,Wave 4 Raw Data banner-column sync complete | Rows updated:,Wave 4 Raw Data banner-column sync complete | Rows updated,0.011,57.724,OK,68.326,0.010,106.731
Format Monthly Sheets,v1.8.9.1 - Framework Timing Report.pdf,Format Monthly Sheets 05.26,Format Monthly Sheets,1,82,Wave 4 Raw Data row-height lock start,Wave 4 Raw Data row-height lock start,0.000,57.724,OK,68.326,0.000,106.731
Format Monthly Sheets,v1.8.9.1 - Framework Timing Report.pdf,Format Monthly Sheets 05.26,Format Monthly Sheets,1,83,Wave 4 Raw Data row-height lock complete,Wave 4 Raw Data row-height lock complete,0.525,58.249,OK,68.326,0.992,106.731
Format Monthly Sheets,v1.8.9.1 - Framework Timing Report.pdf,Format Monthly Sheets 05.26,Format Monthly Sheets,1,84,Wave 4 Raw Data visibility policy start,Wave 4 Raw Data visibility policy start,0.000,58.249,OK,68.326,0.000,106.731
Format Monthly Sheets,v1.8.9.1 - Framework Timing Report.pdf,Format Monthly Sheets 05.26,Format Monthly Sheets,1,85,Hide governed output sheet: Raw Data 05.,Hide governed output sheet: Raw Data,0.143,58.392,OK,68.326,0.288,106.731
Format Monthly Sheets,v1.8.9.1 - Framework Timing Report.pdf,Format Monthly Sheets 05.26,Format Monthly Sheets,1,86,Wave 4 Raw Data visibility policy complete,Wave 4 Raw Data visibility policy complete,0.000,58.392,OK,68.326,0.000,106.731
Format Monthly Sheets,v1.8.9.1 - Framework Timing Report.pdf,Format Monthly Sheets 05.26,Format Monthly Sheets,1,87,Raw Data final visibility policy enforced after Index refresh,Raw Data final visibility policy enforced after Index refresh,9.879,68.271,OK,68.326,25.414,106.731
Format Monthly Sheets,v1.8.9.1 - Framework Timing Report.pdf,Format Monthly Sheets 05.26,Format Monthly Sheets,1,88,Formatted monthly Raw Data in place without deleting imported columns: Raw Data 05.,Formatted monthly Raw Data in place without deleting imported columns: Raw Data,0.001,68.272,OK,68.326,1.100,106.731
Format Monthly Sheets,v1.8.9.1 - Framework Timing Report.pdf,Format Monthly Sheets 05.26,Format Monthly Sheets,1,89,Formatted monthly import tab: RD from RD May,Formatted monthly import tab: RD from RD,0.000,68.272,OK,68.326,0.002,106.731
Format Monthly Sheets,v1.8.9.1 - Framework Timing Report.pdf,Format Monthly Sheets 05.26,Format Monthly Sheets,1,90,Complete,Complete,0.054,68.326,OK,68.326,0.105,106.731
Format Monthly Sheets,v1.8.9.1 - Framework Timing Report.pdf,Format Monthly Sheets 06.26,Format Monthly Sheets,1,1,Start,Start,0.258,0.258,OK,95.253,0.331,106.731
Format Monthly Sheets,v1.8.9.1 - Framework Timing Report.pdf,Format Monthly Sheets 06.26,Format Monthly Sheets,1,2,Banner output sheet shown: Banners 06.,Banner output sheet shown: Banners,10.402,10.660,SLOW,95.253,12.426,106.731
Format Monthly Sheets,v1.8.9.1 - Framework Timing Report.pdf,Format Monthly Sheets 06.26,Format Monthly Sheets,1,3,Raw archive detail - archive workbook opened: Source - Banners 06.,Raw archive detail - archive workbook opened: Source - Banners,1.021,11.681,OK,95.253,2.285,106.731
Format Monthly Sheets,v1.8.9.1 - Framework Timing Report.pdf,Format Monthly Sheets 06.26,Format Monthly Sheets,1,4,Raw archive detail - existing archive sheet deleted if present: Source - Banners 06.,Raw archive detail - existing archive sheet deleted if present: Source - Banners,0.001,11.682,OK,95.253,0.160,106.731
Format Monthly Sheets,v1.8.9.1 - Framework Timing Report.pdf,Format Monthly Sheets 06.26,Format Monthly Sheets,1,5,Raw archive detail - source sheet copied to archive workbook: Source - Banners 06.,Raw archive detail - source sheet copied to archive workbook: Source - Banners,1.223,12.905,OK,95.253,1.544,106.731
Format Monthly Sheets,v1.8.9.1 - Framework Timing Report.pdf,Format Monthly Sheets 06.26,Format Monthly Sheets,1,6,Raw archive detail - archive sheet renamed: Source - Banners 06.,Raw archive detail - archive sheet renamed: Source - Banners,0.869,13.774,OK,95.253,1.097,106.731
Format Monthly Sheets,v1.8.9.1 - Framework Timing Report.pdf,Format Monthly Sheets 06.26,Format Monthly Sheets,1,7,Raw archive detail - archive sheet visibility enforced visible: Source - Banners 06.,Raw archive detail - archive sheet visibility enforced visible: Source - Banners,0.137,13.911,OK,95.253,0.095,106.731
Format Monthly Sheets,v1.8.9.1 - Framework Timing Report.pdf,Format Monthly Sheets 06.26,Format Monthly Sheets,1,8,Raw data copied to archive: Source - Banners 06.,Raw data copied to archive: Source - Banners,0.001,13.912,OK,95.253,0.000,106.731
Format Monthly Sheets,v1.8.9.1 - Framework Timing Report.pdf,Format Monthly Sheets 06.26,Format Monthly Sheets,1,9,Local raw sheet deleted to preserve workbook speed,Local raw sheet deleted to preserve workbook speed,2.184,16.096,OK,95.253,0.752,106.731
Format Monthly Sheets,v1.8.9.1 - Framework Timing Report.pdf,Format Monthly Sheets 06.26,Format Monthly Sheets,1,10,Hide governed output sheet: Banners 06.,Hide governed output sheet: Banners,1.201,17.297,OK,95.253,0.758,106.731
Format Monthly Sheets,v1.8.9.1 - Framework Timing Report.pdf,Format Monthly Sheets 06.26,Format Monthly Sheets,1,11,Formatted monthly import tab: B from B June,Formatted monthly import tab: B from B,0.160,17.457,OK,95.253,0.168,106.731
Format Monthly Sheets,v1.8.9.1 - Framework Timing Report.pdf,Format Monthly Sheets 06.26,Format Monthly Sheets,1,12,Prepared monthly dashboard source: CD June,Prepared monthly dashboard source: CD,2.296,19.753,OK,95.253,1.110,106.731
Format Monthly Sheets,v1.8.9.1 - Framework Timing Report.pdf,Format Monthly Sheets 06.26,Format Monthly Sheets,1,13,Mapped monthly dashboard rows in memory:,Mapped monthly dashboard rows in memory,1.333,21.086,OK,95.253,0.762,106.731
Format Monthly Sheets,v1.8.9.1 - Framework Timing Report.pdf,Format Monthly Sheets 06.26,Format Monthly Sheets,1,14,Monthly dashboard fast canvas - blank sheet inserted in configured creation order: CP Due 06.,Monthly dashboard fast canvas - blank sheet inserted in configured creation order: CP Due,8.856,29.942,OK,95.253,12.014,106.731
Format Monthly Sheets,v1.8.9.1 - Framework Timing Report.pdf,Format Monthly Sheets 06.26,Format Monthly Sheets,1,15,Monthly dashboard fast canvas - grid resized to 340 rows x 5 cols: CP Due 06.,Monthly dashboard fast canvas - grid resized to 340 rows x 5 cols: CP Due,0.657,30.599,OK,95.253,0.844,106.731
Format Monthly Sheets,v1.8.9.1 - Framework Timing Report.pdf,Format Monthly Sheets 06.26,Format Monthly Sheets,1,16,Monthly dashboard fast canvas - template column widths applied: CP Due 06.,Monthly dashboard fast canvas - template column widths applied: CP Due,0.395,30.994,OK,95.253,0.860,106.731
Format Monthly Sheets,v1.8.9.1 - Framework Timing Report.pdf,Format Monthly Sheets 06.26,Format Monthly Sheets,1,17,Monthly dashboard fast canvas - raw values written | Rows: 336: CP Due 06.,Monthly dashboard fast canvas - raw values written | Rows: 336: CP Due,0.017,31.011,OK,95.253,0.017,106.731
Format Monthly Sheets,v1.8.9.1 - Framework Timing Report.pdf,Format Monthly Sheets 06.26,Format Monthly Sheets,1,18,Monthly dashboard fast canvas - title rows copied from template: CP Due 06.,Monthly dashboard fast canvas - title rows copied from template: CP Due,0.004,31.015,OK,95.253,0.008,106.731
Format Monthly Sheets,v1.8.9.1 - Framework Timing Report.pdf,Format Monthly Sheets 06.26,Format Monthly Sheets,1,19,Monthly dashboard fast canvas - header row copied from template: CP Due 06.,Monthly dashboard fast canvas - header row copied from template: CP Due,0.003,31.018,OK,95.253,0.006,106.731
Format Monthly Sheets,v1.8.9.1 - Framework Timing Report.pdf,Format Monthly Sheets 06.26,Format Monthly Sheets,1,20,Monthly dashboard fast canvas - data-row format copied from template | Rows: 336: CP Due 06.,Monthly dashboard fast canvas - data-row format copied from template | Rows: 336: CP Due,0.003,31.021,OK,95.253,0.006,106.731
Format Monthly Sheets,v1.8.9.1 - Framework Timing Report.pdf,Format Monthly Sheets 06.26,Format Monthly Sheets,1,21,Monthly dashboard fast canvas - title/date/header values stamped: CP Due 06.,Monthly dashboard fast canvas - title/date/header values stamped: CP Due,0.010,31.031,OK,95.253,0.018,106.731
Format Monthly Sheets,v1.8.9.1 - Framework Timing Report.pdf,Format Monthly Sheets 06.26,Format Monthly Sheets,1,22,Monthly dashboard fast canvas - frozen rows/columns and tab color applied: CP Due 06.,Monthly dashboard fast canvas - frozen rows/columns and tab color applied: CP Due,0.727,31.758,OK,95.253,2.161,106.731
Format Monthly Sheets,v1.8.9.1 - Framework Timing Report.pdf,Format Monthly Sheets 06.26,Format Monthly Sheets,1,23,Monthly dashboard fast canvas - filter created: CP Due 06.,Monthly dashboard fast canvas - filter created: CP Due,0.470,32.228,OK,95.253,0.915,106.731
Format Monthly Sheets,v1.8.9.1 - Framework Timing Report.pdf,Format Monthly Sheets 06.26,Format Monthly Sheets,1,24,Monthly dashboard fast canvas - template-driven canvas wrap applied: CP Due 06.,Monthly dashboard fast canvas - template-driven canvas wrap applied: CP Due,0.229,32.457,OK,95.253,0.481,106.731
Format Monthly Sheets,v1.8.9.1 - Framework Timing Report.pdf,Format Monthly Sheets 06.26,Format Monthly Sheets,1,25,Monthly dashboard fast canvas - runtime caches cleared: CP Due 06.,Monthly dashboard fast canvas - runtime caches cleared: CP Due,0.002,32.459,OK,95.253,0.004,106.731
Format Monthly Sheets,v1.8.9.1 - Framework Timing Report.pdf,Format Monthly Sheets 06.26,Format Monthly Sheets,1,26,Created monthly dashboard fast canvas: CP Due,Created monthly dashboard fast canvas: CP Due,0.000,32.459,OK,95.253,0.000,106.731
Format Monthly Sheets,v1.8.9.1 - Framework Timing Report.pdf,Format Monthly Sheets 06.26,Format Monthly Sheets,1,27,Locked monthly dashboard row heights: CP Due 06.,Locked monthly dashboard row heights: CP Due,0.341,32.800,OK,95.253,0.696,106.731
Format Monthly Sheets,v1.8.9.1 - Framework Timing Report.pdf,Format Monthly Sheets 06.26,Format Monthly Sheets,1,28,Raw archive detail - archive workbook opened: Source - CP Due 06.,Raw archive detail - archive workbook opened: Source - CP Due,0.089,32.889,OK,95.253,0.180,106.731
Format Monthly Sheets,v1.8.9.1 - Framework Timing Report.pdf,Format Monthly Sheets 06.26,Format Monthly Sheets,1,29,Raw archive detail - existing archive sheet deleted if present: Source - CP Due 06.,Raw archive detail - existing archive sheet deleted if present: Source - CP Due,0.001,32.890,OK,95.253,0.098,106.731
Format Monthly Sheets,v1.8.9.1 - Framework Timing Report.pdf,Format Monthly Sheets 06.26,Format Monthly Sheets,1,30,Raw archive detail - source sheet copied to archive workbook: Source - CP Due 06.,Raw archive detail - source sheet copied to archive workbook: Source - CP Due,1.378,34.268,OK,95.253,1.282,106.731
Format Monthly Sheets,v1.8.9.1 - Framework Timing Report.pdf,Format Monthly Sheets 06.26,Format Monthly Sheets,1,31,Raw archive detail - archive sheet renamed: Source - CP Due 06.,Raw archive detail - archive sheet renamed: Source - CP Due,0.151,34.419,OK,95.253,0.163,106.731
Format Monthly Sheets,v1.8.9.1 - Framework Timing Report.pdf,Format Monthly Sheets 06.26,Format Monthly Sheets,1,32,Raw archive detail - archive sheet visibility enforced visible: Source - CP Due 06.,Raw archive detail - archive sheet visibility enforced visible: Source - CP Due,0.058,34.477,OK,95.253,0.084,106.731
Format Monthly Sheets,v1.8.9.1 - Framework Timing Report.pdf,Format Monthly Sheets 06.26,Format Monthly Sheets,1,33,Raw data copied to archive: Source - CP Due,Raw data copied to archive: Source - CP Due,0.000,34.477,OK,95.253,0.000,106.731
Format Monthly Sheets,v1.8.9.1 - Framework Timing Report.pdf,Format Monthly Sheets 06.26,Format Monthly Sheets,1,34,Local raw sheet deleted to preserve workbook speed,Local raw sheet deleted to preserve workbook speed,0.380,34.857,OK,95.253,0.752,106.731
Format Monthly Sheets,v1.8.9.1 - Framework Timing Report.pdf,Format Monthly Sheets 06.26,Format Monthly Sheets,1,35,Hide governed output sheet: CP Due 06.,Hide governed output sheet: CP Due,0.384,35.241,OK,95.253,0.703,106.731
Format Monthly Sheets,v1.8.9.1 - Framework Timing Report.pdf,Format Monthly Sheets 06.26,Format Monthly Sheets,1,36,Formatted monthly import tab: CD from CD June,Formatted monthly import tab: CD from CD,0.066,35.307,OK,95.253,0.162,106.731
Format Monthly Sheets,v1.8.9.1 - Framework Timing Report.pdf,Format Monthly Sheets 06.26,Format Monthly Sheets,1,37,Prepared monthly dashboard source: UC June,Prepared monthly dashboard source: UC,0.457,35.764,OK,95.253,0.774,106.731
Format Monthly Sheets,v1.8.9.1 - Framework Timing Report.pdf,Format Monthly Sheets 06.26,Format Monthly Sheets,1,38,Mapped monthly dashboard rows in memory:,Mapped monthly dashboard rows in memory,0.569,36.333,OK,95.253,0.762,106.731
Format Monthly Sheets,v1.8.9.1 - Framework Timing Report.pdf,Format Monthly Sheets 06.26,Format Monthly Sheets,1,39,Monthly dashboard fast canvas - blank sheet inserted in configured creation order: Unlock CP 06.,Monthly dashboard fast canvas - blank sheet inserted in configured creation order: Unlock CP,8.208,44.541,OK,95.253,11.441,106.731
Format Monthly Sheets,v1.8.9.1 - Framework Timing Report.pdf,Format Monthly Sheets 06.26,Format Monthly Sheets,1,40,Monthly dashboard fast canvas - grid resized to 353 rows x 4 cols: Unlock CP 06.,Monthly dashboard fast canvas - grid resized to 353 rows x 4 cols: Unlock CP,2.956,47.497,OK,95.253,1.478,106.731
Format Monthly Sheets,v1.8.9.1 - Framework Timing Report.pdf,Format Monthly Sheets 06.26,Format Monthly Sheets,1,41,Monthly dashboard fast canvas - template column widths applied: Unlock CP 06.,Monthly dashboard fast canvas - template column widths applied: Unlock CP,0.581,48.078,OK,95.253,0.559,106.731
Format Monthly Sheets,v1.8.9.1 - Framework Timing Report.pdf,Format Monthly Sheets 06.26,Format Monthly Sheets,1,42,Monthly dashboard fast canvas - raw values written | Rows: 349: Unlock CP 06.,Monthly dashboard fast canvas - raw values written | Rows: 349: Unlock CP,0.157,48.235,OK,95.253,0.042,106.731
Format Monthly Sheets,v1.8.9.1 - Framework Timing Report.pdf,Format Monthly Sheets 06.26,Format Monthly Sheets,1,43,Monthly dashboard fast canvas - title rows copied from template: Unlock CP 06.,Monthly dashboard fast canvas - title rows copied from template: Unlock CP,0.139,48.374,OK,95.253,0.015,106.731
Format Monthly Sheets,v1.8.9.1 - Framework Timing Report.pdf,Format Monthly Sheets 06.26,Format Monthly Sheets,1,44,Monthly dashboard fast canvas - header row copied from template: Unlock CP 06.,Monthly dashboard fast canvas - header row copied from template: Unlock CP,0.105,48.479,OK,95.253,0.014,106.731
Format Monthly Sheets,v1.8.9.1 - Framework Timing Report.pdf,Format Monthly Sheets 06.26,Format Monthly Sheets,1,45,Monthly dashboard fast canvas - data-row format copied from template | Rows: 349: Unlock CP 06.,Monthly dashboard fast canvas - data-row format copied from template | Rows: 349: Unlock CP,0.092,48.571,OK,95.253,0.021,106.731
Format Monthly Sheets,v1.8.9.1 - Framework Timing Report.pdf,Format Monthly Sheets 06.26,Format Monthly Sheets,1,46,Monthly dashboard fast canvas - title/date/header values stamped: Unlock CP 06.,Monthly dashboard fast canvas - title/date/header values stamped: Unlock CP,0.255,48.826,OK,95.253,0.039,106.731
Format Monthly Sheets,v1.8.9.1 - Framework Timing Report.pdf,Format Monthly Sheets 06.26,Format Monthly Sheets,1,47,Monthly dashboard fast canvas - frozen rows/columns and tab color applied: Unlock CP 06.,Monthly dashboard fast canvas - frozen rows/columns and tab color applied: Unlock CP,0.902,49.728,OK,95.253,1.001,106.731
Format Monthly Sheets,v1.8.9.1 - Framework Timing Report.pdf,Format Monthly Sheets 06.26,Format Monthly Sheets,1,48,Monthly dashboard fast canvas - filter created: Unlock CP 06.,Monthly dashboard fast canvas - filter created: Unlock CP,0.539,50.267,OK,95.253,0.845,106.731
Format Monthly Sheets,v1.8.9.1 - Framework Timing Report.pdf,Format Monthly Sheets 06.26,Format Monthly Sheets,1,49,Monthly dashboard fast canvas - template-driven canvas wrap applied: Unlock CP 06.,Monthly dashboard fast canvas - template-driven canvas wrap applied: Unlock CP,0.359,50.626,OK,95.253,0.465,106.731
Format Monthly Sheets,v1.8.9.1 - Framework Timing Report.pdf,Format Monthly Sheets 06.26,Format Monthly Sheets,1,50,Monthly dashboard fast canvas - runtime caches cleared: Unlock CP 06.,Monthly dashboard fast canvas - runtime caches cleared: Unlock CP,0.086,50.712,OK,95.253,0.010,106.731
Format Monthly Sheets,v1.8.9.1 - Framework Timing Report.pdf,Format Monthly Sheets 06.26,Format Monthly Sheets,1,51,Created monthly dashboard fast canvas: Unlock CP,Created monthly dashboard fast canvas: Unlock CP,0.000,50.712,OK,95.253,0.000,106.731
Format Monthly Sheets,v1.8.9.1 - Framework Timing Report.pdf,Format Monthly Sheets 06.26,Format Monthly Sheets,1,52,Locked monthly dashboard row heights: Unlock CP 06.,Locked monthly dashboard row heights: Unlock CP,1.479,52.191,OK,95.253,0.941,106.731
Format Monthly Sheets,v1.8.9.1 - Framework Timing Report.pdf,Format Monthly Sheets 06.26,Format Monthly Sheets,1,53,Raw archive detail - archive workbook opened: Source - Unlocked CP 06.,Raw archive detail - archive workbook opened: Source - Unlocked CP,0.273,52.464,OK,95.253,0.172,106.731
Format Monthly Sheets,v1.8.9.1 - Framework Timing Report.pdf,Format Monthly Sheets 06.26,Format Monthly Sheets,1,54,Raw archive detail - existing archive sheet deleted if present: Source - Unlocked CP 06.,Raw archive detail - existing archive sheet deleted if present: Source - Unlocked CP,0.058,52.522,OK,95.253,0.097,106.731
Format Monthly Sheets,v1.8.9.1 - Framework Timing Report.pdf,Format Monthly Sheets 06.26,Format Monthly Sheets,1,55,Raw archive detail - source sheet copied to archive workbook: Source - Unlocked CP 06.,Raw archive detail - source sheet copied to archive workbook: Source - Unlocked CP,0.880,53.402,OK,95.253,1.249,106.731
Format Monthly Sheets,v1.8.9.1 - Framework Timing Report.pdf,Format Monthly Sheets 06.26,Format Monthly Sheets,1,56,Raw archive detail - archive sheet renamed: Source - Unlocked CP 06.,Raw archive detail - archive sheet renamed: Source - Unlocked CP,0.211,53.613,OK,95.253,0.217,106.731
Format Monthly Sheets,v1.8.9.1 - Framework Timing Report.pdf,Format Monthly Sheets 06.26,Format Monthly Sheets,1,57,Raw archive detail - archive sheet visibility enforced visible: Source - Unlocked CP 06.,Raw archive detail - archive sheet visibility enforced visible: Source - Unlocked CP,0.158,53.771,OK,95.253,0.099,106.731
Format Monthly Sheets,v1.8.9.1 - Framework Timing Report.pdf,Format Monthly Sheets 06.26,Format Monthly Sheets,1,58,Raw data copied to archive: Source - Unlocked CP,Raw data copied to archive: Source - Unlocked CP,0.000,53.771,OK,95.253,0.000,106.731
Format Monthly Sheets,v1.8.9.1 - Framework Timing Report.pdf,Format Monthly Sheets 06.26,Format Monthly Sheets,1,59,Local raw sheet deleted to preserve workbook speed,Local raw sheet deleted to preserve workbook speed,1.666,55.437,OK,95.253,0.752,106.731
Format Monthly Sheets,v1.8.9.1 - Framework Timing Report.pdf,Format Monthly Sheets 06.26,Format Monthly Sheets,1,60,Hide governed output sheet: Unlock CP 06.,Hide governed output sheet: Unlock CP,0.870,56.307,OK,95.253,1.091,106.731
Format Monthly Sheets,v1.8.9.1 - Framework Timing Report.pdf,Format Monthly Sheets 06.26,Format Monthly Sheets,1,61,Formatted monthly import tab: UC from UC June,Formatted monthly import tab: UC from UC,0.156,56.463,OK,95.253,0.145,106.731
Format Monthly Sheets,v1.8.9.1 - Framework Timing Report.pdf,Format Monthly Sheets 06.26,Format Monthly Sheets,1,62,Read Raw Data source in place without editing imported values | Rows:,Read Raw Data source in place without editing imported values | Rows,5.522,61.985,OK,95.253,5.920,106.731
Format Monthly Sheets,v1.8.9.1 - Framework Timing Report.pdf,Format Monthly Sheets 06.26,Format Monthly Sheets,1,63,Rename Raw Data import sheet in place and place in configured creation order: RD June -> Raw Data 06.,Rename Raw Data import sheet in place and place in configured creation order: RD -> Raw Data,6.025,68.010,OK,95.253,7.021,106.731
Format Monthly Sheets,v1.8.9.1 - Framework Timing Report.pdf,Format Monthly Sheets 06.26,Format Monthly Sheets,1,64,Wave 4 Raw Data header row detection complete | Header row:,Wave 4 Raw Data header row detection complete | Header row,0.861,68.871,OK,95.253,0.730,106.731
Format Monthly Sheets,v1.8.9.1 - Framework Timing Report.pdf,Format Monthly Sheets 06.26,Format Monthly Sheets,1,65,Wave 4 Raw Data title-row insert complete | Rows inserted:,Wave 4 Raw Data title-row insert complete | Rows inserted,0.141,69.012,OK,95.253,0.998,106.731
Format Monthly Sheets,v1.8.9.1 - Framework Timing Report.pdf,Format Monthly Sheets 06.26,Format Monthly Sheets,1,66,Wave 4 Raw Data approved-column append complete | Columns added:,Wave 4 Raw Data approved-column append complete | Columns added,0.593,69.605,OK,95.253,1.084,106.731
Format Monthly Sheets,v1.8.9.1 - Framework Timing Report.pdf,Format Monthly Sheets 06.26,Format Monthly Sheets,1,67,Wave 4 Raw Data title/header formatting start | Width:,Wave 4 Raw Data title/header formatting start | Width,0.312,69.917,OK,95.253,0.545,106.731
Format Monthly Sheets,v1.8.9.1 - Framework Timing Report.pdf,Format Monthly Sheets 06.26,Format Monthly Sheets,1,68,Wave 4 Raw Data title/header formatting complete,Wave 4 Raw Data title/header formatting complete,0.263,70.180,OK,95.253,0.271,106.731
Format Monthly Sheets,v1.8.9.1 - Framework Timing Report.pdf,Format Monthly Sheets 06.26,Format Monthly Sheets,1,69,Wave 4 Raw Data frozen rows set,Wave 4 Raw Data frozen rows set,0.349,70.529,OK,95.253,0.635,106.731
Format Monthly Sheets,v1.8.9.1 - Framework Timing Report.pdf,Format Monthly Sheets 06.26,Format Monthly Sheets,1,70,Wave 4 Raw Data filter removal complete,Wave 4 Raw Data filter removal complete,0.475,71.004,OK,95.253,0.709,106.731
Format Monthly Sheets,v1.8.9.1 - Framework Timing Report.pdf,Format Monthly Sheets 06.26,Format Monthly Sheets,1,71,Wave 4 Raw Data filter creation complete | Rows: 5984; Columns:,Wave 4 Raw Data filter creation complete | Rows: 5984; Columns,0.562,71.566,OK,95.253,0.701,106.731
Format Monthly Sheets,v1.8.9.1 - Framework Timing Report.pdf,Format Monthly Sheets 06.26,Format Monthly Sheets,1,72,"Wave 4 Raw Data in-place title/header/column work complete | Added columns: Notes, Safety - 2 Person, Wanderer, Interpreter Needed, Fall Risk, DPOA or Guardian Active, Palliative Care, Primary PMR Row","Wave 4 Raw Data in-place title/header/column work complete | Added columns: Notes, Safety - 2 Person, Wanderer, Interpreter Needed, Fall Risk, DPOA or Guardian Active, Palliative Care, Primary PMR Row",0.031,71.597,OK,95.253,0.004,106.731
Format Monthly Sheets,v1.8.9.1 - Framework Timing Report.pdf,Format Monthly Sheets 06.26,Format Monthly Sheets,1,73,Wave 4 Raw Data approved-sync columns start,Wave 4 Raw Data approved-sync columns start,0.000,71.597,OK,95.253,0.000,106.731
Format Monthly Sheets,v1.8.9.1 - Framework Timing Report.pdf,Format Monthly Sheets 06.26,Format Monthly Sheets,1,74,Wave 4 Raw Data approved-sync bulk read complete | Rows:,Wave 4 Raw Data approved-sync bulk read complete | Rows,2.638,74.235,OK,95.253,4.008,106.731
Format Monthly Sheets,v1.8.9.1 - Framework Timing Report.pdf,Format Monthly Sheets 06.26,Format Monthly Sheets,1,75,Wave 4 Raw Data approved-sync guarded write complete | Changed column groups:,Wave 4 Raw Data approved-sync guarded write complete | Changed column groups,0.058,74.293,OK,95.253,0.077,106.731
Format Monthly Sheets,v1.8.9.1 - Framework Timing Report.pdf,Format Monthly Sheets 06.26,Format Monthly Sheets,1,76,Wave 4 Raw Data approved-sync columns complete | Changed column groups:,Wave 4 Raw Data approved-sync columns complete | Changed column groups,0.005,74.298,OK,95.253,0.006,106.731
Format Monthly Sheets,v1.8.9.1 - Framework Timing Report.pdf,Format Monthly Sheets 06.26,Format Monthly Sheets,1,77,Wave 4 Raw Data banner-column sync start,Wave 4 Raw Data banner-column sync start,0.000,74.298,OK,95.253,0.000,106.731
Format Monthly Sheets,v1.8.9.1 - Framework Timing Report.pdf,Format Monthly Sheets 06.26,Format Monthly Sheets,1,78,Wave 4 Raw Data banner-sync bulk read complete | Rows:,Wave 4 Raw Data banner-sync bulk read complete | Rows,3.545,77.843,OK,95.253,4.399,106.731
Format Monthly Sheets,v1.8.9.1 - Framework Timing Report.pdf,Format Monthly Sheets 06.26,Format Monthly Sheets,1,79,Wave 4 Raw Data banner-sync source map built | Keys:,Wave 4 Raw Data banner-sync source map built | Keys,0.576,78.419,OK,95.253,0.740,106.731
Format Monthly Sheets,v1.8.9.1 - Framework Timing Report.pdf,Format Monthly Sheets 06.26,Format Monthly Sheets,1,80,Wave 4 Raw Data banner-sync guarded write complete | Changed column groups:,Wave 4 Raw Data banner-sync guarded write complete | Changed column groups,0.977,79.396,OK,95.253,1.222,106.731
Format Monthly Sheets,v1.8.9.1 - Framework Timing Report.pdf,Format Monthly Sheets 06.26,Format Monthly Sheets,1,81,Wave 4 Raw Data banner-column sync complete | Rows updated:,Wave 4 Raw Data banner-column sync complete | Rows updated,0.007,79.403,OK,95.253,0.010,106.731
Format Monthly Sheets,v1.8.9.1 - Framework Timing Report.pdf,Format Monthly Sheets 06.26,Format Monthly Sheets,1,82,Wave 4 Raw Data row-height lock start,Wave 4 Raw Data row-height lock start,0.000,79.403,OK,95.253,0.000,106.731
Format Monthly Sheets,v1.8.9.1 - Framework Timing Report.pdf,Format Monthly Sheets 06.26,Format Monthly Sheets,1,83,Wave 4 Raw Data row-height lock complete,Wave 4 Raw Data row-height lock complete,0.552,79.955,OK,95.253,0.992,106.731
Format Monthly Sheets,v1.8.9.1 - Framework Timing Report.pdf,Format Monthly Sheets 06.26,Format Monthly Sheets,1,84,Wave 4 Raw Data visibility policy start,Wave 4 Raw Data visibility policy start,0.000,79.955,OK,95.253,0.000,106.731
Format Monthly Sheets,v1.8.9.1 - Framework Timing Report.pdf,Format Monthly Sheets 06.26,Format Monthly Sheets,1,85,Hide governed output sheet: Raw Data 06.,Hide governed output sheet: Raw Data,0.141,80.096,OK,95.253,0.288,106.731
Format Monthly Sheets,v1.8.9.1 - Framework Timing Report.pdf,Format Monthly Sheets 06.26,Format Monthly Sheets,1,86,Wave 4 Raw Data visibility policy complete,Wave 4 Raw Data visibility policy complete,0.000,80.096,OK,95.253,0.000,106.731
Format Monthly Sheets,v1.8.9.1 - Framework Timing Report.pdf,Format Monthly Sheets 06.26,Format Monthly Sheets,1,87,Raw Data final visibility policy enforced after Index refresh,Raw Data final visibility policy enforced after Index refresh,14.977,95.073,SLOW,95.253,25.414,106.731
Format Monthly Sheets,v1.8.9.1 - Framework Timing Report.pdf,Format Monthly Sheets 06.26,Format Monthly Sheets,1,88,Formatted monthly Raw Data in place without deleting imported columns: Raw Data 06.,Formatted monthly Raw Data in place without deleting imported columns: Raw Data,0.035,95.108,OK,95.253,1.100,106.731
Format Monthly Sheets,v1.8.9.1 - Framework Timing Report.pdf,Format Monthly Sheets 06.26,Format Monthly Sheets,1,89,Formatted monthly import tab: RD from RD June,Formatted monthly import tab: RD from RD,0.029,95.137,OK,95.253,0.002,106.731
Format Monthly Sheets,v1.8.9.1 - Framework Timing Report.pdf,Format Monthly Sheets 06.26,Format Monthly Sheets,1,90,Complete,Complete,0.116,95.253,OK,95.253,0.105,106.731
Format Monthly Sheets,v1.8.9.1 - Framework Timing Report.pdf,Format Monthly Sheets 07.26,Format Monthly Sheets,1,1,Start,Start,0.173,0.173,OK,107.402,0.331,106.731
Format Monthly Sheets,v1.8.9.1 - Framework Timing Report.pdf,Format Monthly Sheets 07.26,Format Monthly Sheets,1,2,Banner output sheet shown: Banners 07.,Banner output sheet shown: Banners,12.536,12.709,SLOW,107.402,12.426,106.731
Format Monthly Sheets,v1.8.9.1 - Framework Timing Report.pdf,Format Monthly Sheets 07.26,Format Monthly Sheets,1,3,Raw archive detail - archive workbook opened: Source - Banners 07.,Raw archive detail - archive workbook opened: Source - Banners,2.728,15.437,OK,107.402,2.285,106.731
Format Monthly Sheets,v1.8.9.1 - Framework Timing Report.pdf,Format Monthly Sheets 07.26,Format Monthly Sheets,1,4,Raw archive detail - existing archive sheet deleted if present: Source - Banners 07.,Raw archive detail - existing archive sheet deleted if present: Source - Banners,0.001,15.438,OK,107.402,0.160,106.731
Format Monthly Sheets,v1.8.9.1 - Framework Timing Report.pdf,Format Monthly Sheets 07.26,Format Monthly Sheets,1,5,Raw archive detail - source sheet copied to archive workbook: Source - Banners 07.,Raw archive detail - source sheet copied to archive workbook: Source - Banners,1.518,16.956,OK,107.402,1.544,106.731
Format Monthly Sheets,v1.8.9.1 - Framework Timing Report.pdf,Format Monthly Sheets 07.26,Format Monthly Sheets,1,6,Raw archive detail - archive sheet renamed: Source - Banners 07.,Raw archive detail - archive sheet renamed: Source - Banners,0.853,17.809,OK,107.402,1.097,106.731
Format Monthly Sheets,v1.8.9.1 - Framework Timing Report.pdf,Format Monthly Sheets 07.26,Format Monthly Sheets,1,7,Raw archive detail - archive sheet visibility enforced visible: Source - Banners 07.,Raw archive detail - archive sheet visibility enforced visible: Source - Banners,0.056,17.865,OK,107.402,0.095,106.731
Format Monthly Sheets,v1.8.9.1 - Framework Timing Report.pdf,Format Monthly Sheets 07.26,Format Monthly Sheets,1,8,Raw data copied to archive: Source - Banners,Raw data copied to archive: Source - Banners,0.000,17.865,OK,107.402,0.000,106.731
Format Monthly Sheets,v1.8.9.1 - Framework Timing Report.pdf,Format Monthly Sheets 07.26,Format Monthly Sheets,1,9,Local raw sheet deleted to preserve workbook speed,Local raw sheet deleted to preserve workbook speed,0.584,18.449,OK,107.402,0.752,106.731
Format Monthly Sheets,v1.8.9.1 - Framework Timing Report.pdf,Format Monthly Sheets 07.26,Format Monthly Sheets,1,10,Hide governed output sheet: Banners 07.,Hide governed output sheet: Banners,0.936,19.385,OK,107.402,0.758,106.731
Format Monthly Sheets,v1.8.9.1 - Framework Timing Report.pdf,Format Monthly Sheets 07.26,Format Monthly Sheets,1,11,Formatted monthly import tab: B from b,Formatted monthly import tab: B from b,0.189,19.574,OK,107.402,0.189,106.731
Format Monthly Sheets,v1.8.9.1 - Framework Timing Report.pdf,Format Monthly Sheets 07.26,Format Monthly Sheets,1,12,Prepared monthly dashboard source: cd,Prepared monthly dashboard source: cd,0.510,20.084,OK,107.402,0.510,106.731
Format Monthly Sheets,v1.8.9.1 - Framework Timing Report.pdf,Format Monthly Sheets 07.26,Format Monthly Sheets,1,13,Mapped monthly dashboard rows in memory:,Mapped monthly dashboard rows in memory,0.480,20.564,OK,107.402,0.762,106.731
Format Monthly Sheets,v1.8.9.1 - Framework Timing Report.pdf,Format Monthly Sheets 07.26,Format Monthly Sheets,1,14,Monthly dashboard fast canvas - blank sheet inserted in configured creation order: CP Due 07.,Monthly dashboard fast canvas - blank sheet inserted in configured creation order: CP Due,12.856,33.420,SLOW,107.402,12.014,106.731
Format Monthly Sheets,v1.8.9.1 - Framework Timing Report.pdf,Format Monthly Sheets 07.26,Format Monthly Sheets,1,15,Monthly dashboard fast canvas - grid resized to 346 rows x 5 cols: CP Due 07.,Monthly dashboard fast canvas - grid resized to 346 rows x 5 cols: CP Due,0.968,34.388,OK,107.402,0.837,106.731
Format Monthly Sheets,v1.8.9.1 - Framework Timing Report.pdf,Format Monthly Sheets 07.26,Format Monthly Sheets,1,16,Monthly dashboard fast canvas - template column widths applied: CP Due 07.,Monthly dashboard fast canvas - template column widths applied: CP Due,0.468,34.856,OK,107.402,0.860,106.731
Format Monthly Sheets,v1.8.9.1 - Framework Timing Report.pdf,Format Monthly Sheets 07.26,Format Monthly Sheets,1,17,Monthly dashboard fast canvas - raw values written | Rows: 342: CP Due 07.,Monthly dashboard fast canvas - raw values written | Rows: 342: CP Due,0.017,34.873,OK,107.402,0.013,106.731
Format Monthly Sheets,v1.8.9.1 - Framework Timing Report.pdf,Format Monthly Sheets 07.26,Format Monthly Sheets,1,18,Monthly dashboard fast canvas - title rows copied from template: CP Due 07.,Monthly dashboard fast canvas - title rows copied from template: CP Due,0.008,34.881,OK,107.402,0.008,106.731
Format Monthly Sheets,v1.8.9.1 - Framework Timing Report.pdf,Format Monthly Sheets 07.26,Format Monthly Sheets,1,19,Monthly dashboard fast canvas - header row copied from template: CP Due 07.,Monthly dashboard fast canvas - header row copied from template: CP Due,0.007,34.888,OK,107.402,0.006,106.731
Format Monthly Sheets,v1.8.9.1 - Framework Timing Report.pdf,Format Monthly Sheets 07.26,Format Monthly Sheets,1,20,Monthly dashboard fast canvas - data-row format copied from template | Rows: 342: CP Due 07.,Monthly dashboard fast canvas - data-row format copied from template | Rows: 342: CP Due,0.007,34.895,OK,107.402,0.004,106.731
Format Monthly Sheets,v1.8.9.1 - Framework Timing Report.pdf,Format Monthly Sheets 07.26,Format Monthly Sheets,1,21,Monthly dashboard fast canvas - title/date/header values stamped: CP Due 07.,Monthly dashboard fast canvas - title/date/header values stamped: CP Due,0.017,34.912,OK,107.402,0.018,106.731
Format Monthly Sheets,v1.8.9.1 - Framework Timing Report.pdf,Format Monthly Sheets 07.26,Format Monthly Sheets,1,22,Monthly dashboard fast canvas - frozen rows/columns and tab color applied: CP Due 07.,Monthly dashboard fast canvas - frozen rows/columns and tab color applied: CP Due,0.991,35.903,OK,107.402,2.161,106.731
Format Monthly Sheets,v1.8.9.1 - Framework Timing Report.pdf,Format Monthly Sheets 07.26,Format Monthly Sheets,1,23,Monthly dashboard fast canvas - filter created: CP Due 07.,Monthly dashboard fast canvas - filter created: CP Due,0.926,36.829,OK,107.402,0.915,106.731
Format Monthly Sheets,v1.8.9.1 - Framework Timing Report.pdf,Format Monthly Sheets 07.26,Format Monthly Sheets,1,24,Monthly dashboard fast canvas - template-driven canvas wrap applied: CP Due 07.,Monthly dashboard fast canvas - template-driven canvas wrap applied: CP Due,0.651,37.480,OK,107.402,0.481,106.731
Format Monthly Sheets,v1.8.9.1 - Framework Timing Report.pdf,Format Monthly Sheets 07.26,Format Monthly Sheets,1,25,Monthly dashboard fast canvas - runtime caches cleared: CP Due 07.,Monthly dashboard fast canvas - runtime caches cleared: CP Due,0.002,37.482,OK,107.402,0.004,106.731
Format Monthly Sheets,v1.8.9.1 - Framework Timing Report.pdf,Format Monthly Sheets 07.26,Format Monthly Sheets,1,26,Created monthly dashboard fast canvas: CP Due,Created monthly dashboard fast canvas: CP Due,0.000,37.482,OK,107.402,0.000,106.731
Format Monthly Sheets,v1.8.9.1 - Framework Timing Report.pdf,Format Monthly Sheets 07.26,Format Monthly Sheets,1,27,Locked monthly dashboard row heights: CP Due 07.,Locked monthly dashboard row heights: CP Due,0.490,37.972,OK,107.402,0.696,106.731
Format Monthly Sheets,v1.8.9.1 - Framework Timing Report.pdf,Format Monthly Sheets 07.26,Format Monthly Sheets,1,28,Raw archive detail - archive workbook opened: Source - CP Due 07.,Raw archive detail - archive workbook opened: Source - CP Due,0.143,38.115,OK,107.402,0.180,106.731
Format Monthly Sheets,v1.8.9.1 - Framework Timing Report.pdf,Format Monthly Sheets 07.26,Format Monthly Sheets,1,29,Raw archive detail - existing archive sheet deleted if present: Source - CP Due 07.,Raw archive detail - existing archive sheet deleted if present: Source - CP Due,0.001,38.116,OK,107.402,0.098,106.731
Format Monthly Sheets,v1.8.9.1 - Framework Timing Report.pdf,Format Monthly Sheets 07.26,Format Monthly Sheets,1,30,Raw archive detail - source sheet copied to archive workbook: Source - CP Due 07.,Raw archive detail - source sheet copied to archive workbook: Source - CP Due,1.874,39.990,OK,107.402,1.282,106.731
Format Monthly Sheets,v1.8.9.1 - Framework Timing Report.pdf,Format Monthly Sheets 07.26,Format Monthly Sheets,1,31,Raw archive detail - archive sheet renamed: Source - CP Due 07.,Raw archive detail - archive sheet renamed: Source - CP Due,0.139,40.129,OK,107.402,0.163,106.731
Format Monthly Sheets,v1.8.9.1 - Framework Timing Report.pdf,Format Monthly Sheets 07.26,Format Monthly Sheets,1,32,Raw archive detail - archive sheet visibility enforced visible: Source - CP Due 07.,Raw archive detail - archive sheet visibility enforced visible: Source - CP Due,0.061,40.190,OK,107.402,0.084,106.731
Format Monthly Sheets,v1.8.9.1 - Framework Timing Report.pdf,Format Monthly Sheets 07.26,Format Monthly Sheets,1,33,Raw data copied to archive: Source - CP Due,Raw data copied to archive: Source - CP Due,0.000,40.190,OK,107.402,0.000,106.731
Format Monthly Sheets,v1.8.9.1 - Framework Timing Report.pdf,Format Monthly Sheets 07.26,Format Monthly Sheets,1,34,Local raw sheet deleted to preserve workbook speed,Local raw sheet deleted to preserve workbook speed,0.586,40.776,OK,107.402,0.752,106.731
Format Monthly Sheets,v1.8.9.1 - Framework Timing Report.pdf,Format Monthly Sheets 07.26,Format Monthly Sheets,1,35,Hide governed output sheet: CP Due 07.,Hide governed output sheet: CP Due,0.545,41.321,OK,107.402,0.703,106.731
Format Monthly Sheets,v1.8.9.1 - Framework Timing Report.pdf,Format Monthly Sheets 07.26,Format Monthly Sheets,1,36,Formatted monthly import tab: CD from cd,Formatted monthly import tab: CD from cd,0.205,41.526,OK,107.402,0.205,106.731
Format Monthly Sheets,v1.8.9.1 - Framework Timing Report.pdf,Format Monthly Sheets 07.26,Format Monthly Sheets,1,37,Prepared monthly dashboard source: UC July,Prepared monthly dashboard source: UC,0.519,42.045,OK,107.402,0.774,106.731
Format Monthly Sheets,v1.8.9.1 - Framework Timing Report.pdf,Format Monthly Sheets 07.26,Format Monthly Sheets,1,38,Mapped monthly dashboard rows in memory:,Mapped monthly dashboard rows in memory,0.442,42.487,OK,107.402,0.762,106.731
Format Monthly Sheets,v1.8.9.1 - Framework Timing Report.pdf,Format Monthly Sheets 07.26,Format Monthly Sheets,1,39,Monthly dashboard fast canvas - blank sheet inserted in configured creation order: Unlock CP 07.,Monthly dashboard fast canvas - blank sheet inserted in configured creation order: Unlock CP,14.473,56.960,SLOW,107.402,11.441,106.731
Format Monthly Sheets,v1.8.9.1 - Framework Timing Report.pdf,Format Monthly Sheets 07.26,Format Monthly Sheets,1,40,Monthly dashboard fast canvas - grid resized to 354 rows x 4 cols: Unlock CP 07.,Monthly dashboard fast canvas - grid resized to 354 rows x 4 cols: Unlock CP,1.629,58.589,OK,107.402,1.055,106.731
Format Monthly Sheets,v1.8.9.1 - Framework Timing Report.pdf,Format Monthly Sheets 07.26,Format Monthly Sheets,1,41,Monthly dashboard fast canvas - template column widths applied: Unlock CP 07.,Monthly dashboard fast canvas - template column widths applied: Unlock CP,0.440,59.029,OK,107.402,0.559,106.731
Format Monthly Sheets,v1.8.9.1 - Framework Timing Report.pdf,Format Monthly Sheets 07.26,Format Monthly Sheets,1,42,Monthly dashboard fast canvas - raw values written | Rows: 350: Unlock CP 07.,Monthly dashboard fast canvas - raw values written | Rows: 350: Unlock CP,0.020,59.049,OK,107.402,0.014,106.731
Format Monthly Sheets,v1.8.9.1 - Framework Timing Report.pdf,Format Monthly Sheets 07.26,Format Monthly Sheets,1,43,Monthly dashboard fast canvas - title rows copied from template: Unlock CP 07.,Monthly dashboard fast canvas - title rows copied from template: Unlock CP,0.011,59.060,OK,107.402,0.015,106.731
Format Monthly Sheets,v1.8.9.1 - Framework Timing Report.pdf,Format Monthly Sheets 07.26,Format Monthly Sheets,1,44,Monthly dashboard fast canvas - header row copied from template: Unlock CP 07.,Monthly dashboard fast canvas - header row copied from template: Unlock CP,0.012,59.072,OK,107.402,0.014,106.731
Format Monthly Sheets,v1.8.9.1 - Framework Timing Report.pdf,Format Monthly Sheets 07.26,Format Monthly Sheets,1,45,Monthly dashboard fast canvas - data-row format copied from template | Rows: 350: Unlock CP 07.,Monthly dashboard fast canvas - data-row format copied from template | Rows: 350: Unlock CP,0.019,59.091,OK,107.402,0.008,106.731
Format Monthly Sheets,v1.8.9.1 - Framework Timing Report.pdf,Format Monthly Sheets 07.26,Format Monthly Sheets,1,46,Monthly dashboard fast canvas - title/date/header values stamped: Unlock CP 07.,Monthly dashboard fast canvas - title/date/header values stamped: Unlock CP,0.063,59.154,OK,107.402,0.039,106.731
Format Monthly Sheets,v1.8.9.1 - Framework Timing Report.pdf,Format Monthly Sheets 07.26,Format Monthly Sheets,1,47,Monthly dashboard fast canvas - frozen rows/columns and tab color applied: Unlock CP 07.,Monthly dashboard fast canvas - frozen rows/columns and tab color applied: Unlock CP,0.776,59.930,OK,107.402,1.001,106.731
Format Monthly Sheets,v1.8.9.1 - Framework Timing Report.pdf,Format Monthly Sheets 07.26,Format Monthly Sheets,1,48,Monthly dashboard fast canvas - filter created: Unlock CP 07.,Monthly dashboard fast canvas - filter created: Unlock CP,0.882,60.812,OK,107.402,0.845,106.731
Format Monthly Sheets,v1.8.9.1 - Framework Timing Report.pdf,Format Monthly Sheets 07.26,Format Monthly Sheets,1,49,Monthly dashboard fast canvas - template-driven canvas wrap applied: Unlock CP 07.,Monthly dashboard fast canvas - template-driven canvas wrap applied: Unlock CP,0.526,61.338,OK,107.402,0.465,106.731
Format Monthly Sheets,v1.8.9.1 - Framework Timing Report.pdf,Format Monthly Sheets 07.26,Format Monthly Sheets,1,50,Monthly dashboard fast canvas - runtime caches cleared: Unlock CP 07.,Monthly dashboard fast canvas - runtime caches cleared: Unlock CP,0.002,61.340,OK,107.402,0.010,106.731
Format Monthly Sheets,v1.8.9.1 - Framework Timing Report.pdf,Format Monthly Sheets 07.26,Format Monthly Sheets,1,51,Created monthly dashboard fast canvas: Unlock CP,Created monthly dashboard fast canvas: Unlock CP,0.000,61.340,OK,107.402,0.000,106.731
Format Monthly Sheets,v1.8.9.1 - Framework Timing Report.pdf,Format Monthly Sheets 07.26,Format Monthly Sheets,1,52,Locked monthly dashboard row heights: Unlock CP 07.,Locked monthly dashboard row heights: Unlock CP,0.508,61.848,OK,107.402,0.941,106.731
Format Monthly Sheets,v1.8.9.1 - Framework Timing Report.pdf,Format Monthly Sheets 07.26,Format Monthly Sheets,1,53,Raw archive detail - archive workbook opened: Source - Unlocked CP 07.,Raw archive detail - archive workbook opened: Source - Unlocked CP,0.147,61.995,OK,107.402,0.172,106.731
Format Monthly Sheets,v1.8.9.1 - Framework Timing Report.pdf,Format Monthly Sheets 07.26,Format Monthly Sheets,1,54,Raw archive detail - existing archive sheet deleted if present: Source - Unlocked CP 07.,Raw archive detail - existing archive sheet deleted if present: Source - Unlocked CP,0.002,61.997,OK,107.402,0.097,106.731
Format Monthly Sheets,v1.8.9.1 - Framework Timing Report.pdf,Format Monthly Sheets 07.26,Format Monthly Sheets,1,55,Raw archive detail - source sheet copied to archive workbook: Source - Unlocked CP 07.,Raw archive detail - source sheet copied to archive workbook: Source - Unlocked CP,1.025,63.022,OK,107.402,1.249,106.731
Format Monthly Sheets,v1.8.9.1 - Framework Timing Report.pdf,Format Monthly Sheets 07.26,Format Monthly Sheets,1,56,Raw archive detail - archive sheet renamed: Source - Unlocked CP 07.,Raw archive detail - archive sheet renamed: Source - Unlocked CP,0.131,63.153,OK,107.402,0.217,106.731
Format Monthly Sheets,v1.8.9.1 - Framework Timing Report.pdf,Format Monthly Sheets 07.26,Format Monthly Sheets,1,57,Raw archive detail - archive sheet visibility enforced visible: Source - Unlocked CP 07.,Raw archive detail - archive sheet visibility enforced visible: Source - Unlocked CP,0.066,63.219,OK,107.402,0.099,106.731
Format Monthly Sheets,v1.8.9.1 - Framework Timing Report.pdf,Format Monthly Sheets 07.26,Format Monthly Sheets,1,58,Raw data copied to archive: Source - Unlocked CP,Raw data copied to archive: Source - Unlocked CP,0.000,63.219,OK,107.402,0.000,106.731
Format Monthly Sheets,v1.8.9.1 - Framework Timing Report.pdf,Format Monthly Sheets 07.26,Format Monthly Sheets,1,59,Local raw sheet deleted to preserve workbook speed,Local raw sheet deleted to preserve workbook speed,0.608,63.827,OK,107.402,0.752,106.731
Format Monthly Sheets,v1.8.9.1 - Framework Timing Report.pdf,Format Monthly Sheets 07.26,Format Monthly Sheets,1,60,Hide governed output sheet: Unlock CP 07.,Hide governed output sheet: Unlock CP,0.509,64.336,OK,107.402,1.091,106.731
Format Monthly Sheets,v1.8.9.1 - Framework Timing Report.pdf,Format Monthly Sheets 07.26,Format Monthly Sheets,1,61,Formatted monthly import tab: UC from UC July,Formatted monthly import tab: UC from UC,0.177,64.513,OK,107.402,0.145,106.731
Format Monthly Sheets,v1.8.9.1 - Framework Timing Report.pdf,Format Monthly Sheets 07.26,Format Monthly Sheets,1,62,Read Raw Data source in place without editing imported values | Rows:,Read Raw Data source in place without editing imported values | Rows,4.141,68.654,OK,107.402,5.920,106.731
Format Monthly Sheets,v1.8.9.1 - Framework Timing Report.pdf,Format Monthly Sheets 07.26,Format Monthly Sheets,1,63,Rename Raw Data import sheet in place and place in configured creation order: RD July -> Raw Data 07.,Rename Raw Data import sheet in place and place in configured creation order: RD -> Raw Data,8.286,76.940,OK,107.402,7.021,106.731
Format Monthly Sheets,v1.8.9.1 - Framework Timing Report.pdf,Format Monthly Sheets 07.26,Format Monthly Sheets,1,64,Wave 4 Raw Data header row detection complete | Header row:,Wave 4 Raw Data header row detection complete | Header row,0.582,77.522,OK,107.402,0.730,106.731
Format Monthly Sheets,v1.8.9.1 - Framework Timing Report.pdf,Format Monthly Sheets 07.26,Format Monthly Sheets,1,65,Wave 4 Raw Data title-row insert complete | Rows inserted:,Wave 4 Raw Data title-row insert complete | Rows inserted,0.121,77.643,OK,107.402,0.998,106.731
Format Monthly Sheets,v1.8.9.1 - Framework Timing Report.pdf,Format Monthly Sheets 07.26,Format Monthly Sheets,1,66,Wave 4 Raw Data approved-column append complete | Columns added:,Wave 4 Raw Data approved-column append complete | Columns added,0.889,78.532,OK,107.402,1.084,106.731
Format Monthly Sheets,v1.8.9.1 - Framework Timing Report.pdf,Format Monthly Sheets 07.26,Format Monthly Sheets,1,67,Wave 4 Raw Data title/header formatting start | Width:,Wave 4 Raw Data title/header formatting start | Width,0.446,78.978,OK,107.402,0.545,106.731
Format Monthly Sheets,v1.8.9.1 - Framework Timing Report.pdf,Format Monthly Sheets 07.26,Format Monthly Sheets,1,68,Wave 4 Raw Data title/header formatting complete,Wave 4 Raw Data title/header formatting complete,0.196,79.174,OK,107.402,0.271,106.731
Format Monthly Sheets,v1.8.9.1 - Framework Timing Report.pdf,Format Monthly Sheets 07.26,Format Monthly Sheets,1,69,Wave 4 Raw Data frozen rows set,Wave 4 Raw Data frozen rows set,0.403,79.577,OK,107.402,0.635,106.731
Format Monthly Sheets,v1.8.9.1 - Framework Timing Report.pdf,Format Monthly Sheets 07.26,Format Monthly Sheets,1,70,Wave 4 Raw Data filter removal skipped - no existing filter,Wave 4 Raw Data filter removal skipped - no existing filter,0.270,79.847,OK,107.402,0.292,106.731
Format Monthly Sheets,v1.8.9.1 - Framework Timing Report.pdf,Format Monthly Sheets 07.26,Format Monthly Sheets,1,71,Wave 4 Raw Data filter creation complete | Rows: 6097; Columns:,Wave 4 Raw Data filter creation complete | Rows: 6097; Columns,0.636,80.483,OK,107.402,0.594,106.731
Format Monthly Sheets,v1.8.9.1 - Framework Timing Report.pdf,Format Monthly Sheets 07.26,Format Monthly Sheets,1,72,"Wave 4 Raw Data in-place title/header/column work complete | Added columns: Notes, Safety - 2 Person, Wanderer, Interpreter Needed, Fall Risk, DPOA or Guardian Active, Palliative Care, Primary PMR Row","Wave 4 Raw Data in-place title/header/column work complete | Added columns: Notes, Safety - 2 Person, Wanderer, Interpreter Needed, Fall Risk, DPOA or Guardian Active, Palliative Care, Primary PMR Row",0.002,80.485,OK,107.402,0.004,106.731
Format Monthly Sheets,v1.8.9.1 - Framework Timing Report.pdf,Format Monthly Sheets 07.26,Format Monthly Sheets,1,73,Wave 4 Raw Data approved-sync columns start,Wave 4 Raw Data approved-sync columns start,0.001,80.486,OK,107.402,0.000,106.731
Format Monthly Sheets,v1.8.9.1 - Framework Timing Report.pdf,Format Monthly Sheets 07.26,Format Monthly Sheets,1,74,Wave 4 Raw Data approved-sync bulk read complete | Rows:,Wave 4 Raw Data approved-sync bulk read complete | Rows,4.325,84.811,OK,107.402,4.008,106.731
Format Monthly Sheets,v1.8.9.1 - Framework Timing Report.pdf,Format Monthly Sheets 07.26,Format Monthly Sheets,1,75,Wave 4 Raw Data approved-sync guarded write complete | Changed column groups:,Wave 4 Raw Data approved-sync guarded write complete | Changed column groups,0.118,84.929,OK,107.402,0.077,106.731
Format Monthly Sheets,v1.8.9.1 - Framework Timing Report.pdf,Format Monthly Sheets 07.26,Format Monthly Sheets,1,76,Wave 4 Raw Data approved-sync columns complete | Changed column groups:,Wave 4 Raw Data approved-sync columns complete | Changed column groups,0.008,84.937,OK,107.402,0.006,106.731
Format Monthly Sheets,v1.8.9.1 - Framework Timing Report.pdf,Format Monthly Sheets 07.26,Format Monthly Sheets,1,77,Wave 4 Raw Data banner-column sync start,Wave 4 Raw Data banner-column sync start,0.000,84.937,OK,107.402,0.000,106.731
Format Monthly Sheets,v1.8.9.1 - Framework Timing Report.pdf,Format Monthly Sheets 07.26,Format Monthly Sheets,1,78,Wave 4 Raw Data banner-sync bulk read complete | Rows:,Wave 4 Raw Data banner-sync bulk read complete | Rows,4.706,89.643,OK,107.402,4.399,106.731
Format Monthly Sheets,v1.8.9.1 - Framework Timing Report.pdf,Format Monthly Sheets 07.26,Format Monthly Sheets,1,79,Wave 4 Raw Data banner-sync source map built | Keys:,Wave 4 Raw Data banner-sync source map built | Keys,0.430,90.073,OK,107.402,0.740,106.731
Format Monthly Sheets,v1.8.9.1 - Framework Timing Report.pdf,Format Monthly Sheets 07.26,Format Monthly Sheets,1,80,Wave 4 Raw Data banner-sync guarded write complete | Changed column groups:,Wave 4 Raw Data banner-sync guarded write complete | Changed column groups,1.269,91.342,OK,107.402,1.222,106.731
Format Monthly Sheets,v1.8.9.1 - Framework Timing Report.pdf,Format Monthly Sheets 07.26,Format Monthly Sheets,1,81,Wave 4 Raw Data banner-column sync complete | Rows updated:,Wave 4 Raw Data banner-column sync complete | Rows updated,0.007,91.349,OK,107.402,0.010,106.731
Format Monthly Sheets,v1.8.9.1 - Framework Timing Report.pdf,Format Monthly Sheets 07.26,Format Monthly Sheets,1,82,Wave 4 Raw Data row-height lock start,Wave 4 Raw Data row-height lock start,0.000,91.349,OK,107.402,0.000,106.731
Format Monthly Sheets,v1.8.9.1 - Framework Timing Report.pdf,Format Monthly Sheets 07.26,Format Monthly Sheets,1,83,Wave 4 Raw Data row-height lock complete,Wave 4 Raw Data row-height lock complete,0.802,92.151,OK,107.402,0.992,106.731
Format Monthly Sheets,v1.8.9.1 - Framework Timing Report.pdf,Format Monthly Sheets 07.26,Format Monthly Sheets,1,84,Wave 4 Raw Data visibility policy start,Wave 4 Raw Data visibility policy start,0.000,92.151,OK,107.402,0.000,106.731
Format Monthly Sheets,v1.8.9.1 - Framework Timing Report.pdf,Format Monthly Sheets 07.26,Format Monthly Sheets,1,85,Hide governed output sheet: Raw Data 07.,Hide governed output sheet: Raw Data,0.360,92.511,OK,107.402,0.288,106.731
Format Monthly Sheets,v1.8.9.1 - Framework Timing Report.pdf,Format Monthly Sheets 07.26,Format Monthly Sheets,1,86,Wave 4 Raw Data visibility policy complete,Wave 4 Raw Data visibility policy complete,0.000,92.511,OK,107.402,0.000,106.731
Format Monthly Sheets,v1.8.9.1 - Framework Timing Report.pdf,Format Monthly Sheets 07.26,Format Monthly Sheets,1,87,Raw Data final visibility policy enforced after Index refresh,Raw Data final visibility policy enforced after Index refresh,14.833,107.344,SLOW,107.402,25.414,106.731
Format Monthly Sheets,v1.8.9.1 - Framework Timing Report.pdf,Format Monthly Sheets 07.26,Format Monthly Sheets,1,88,Formatted monthly Raw Data in place without deleting imported columns: Raw Data 07.,Formatted monthly Raw Data in place without deleting imported columns: Raw Data,0.001,107.345,OK,107.402,1.100,106.731
Format Monthly Sheets,v1.8.9.1 - Framework Timing Report.pdf,Format Monthly Sheets 07.26,Format Monthly Sheets,1,89,Formatted monthly import tab: RD from RD July,Formatted monthly import tab: RD from RD,0.002,107.347,OK,107.402,0.002,106.731
Format Monthly Sheets,v1.8.9.1 - Framework Timing Report.pdf,Format Monthly Sheets 07.26,Format Monthly Sheets,1,90,Complete,Complete,0.055,107.402,OK,107.402,0.105,106.731
Format Monthly Sheets,v1.8.9.3 - Framework Timing Report.pdf,Format Monthly Sheets 04.26,Format Monthly Sheets,1,1,Start,Start,0.271,0.271,OK,94.496,0.331,106.731
Format Monthly Sheets,v1.8.9.3 - Framework Timing Report.pdf,Format Monthly Sheets 04.26,Format Monthly Sheets,1,2,Banner output sheet shown: Banners 04.,Banner output sheet shown: Banners,12.561,12.832,SLOW,94.496,12.426,106.731
Format Monthly Sheets,v1.8.9.3 - Framework Timing Report.pdf,Format Monthly Sheets 04.26,Format Monthly Sheets,1,3,Raw archive detail - archive workbook opened: Source - Banners 04.,Raw archive detail - archive workbook opened: Source - Banners,2.222,15.054,OK,94.496,2.285,106.731
Format Monthly Sheets,v1.8.9.3 - Framework Timing Report.pdf,Format Monthly Sheets 04.26,Format Monthly Sheets,1,4,Raw archive detail - existing archive sheet deleted if present: Source - Banners 04.,Raw archive detail - existing archive sheet deleted if present: Source - Banners,0.009,15.063,OK,94.496,0.160,106.731
Format Monthly Sheets,v1.8.9.3 - Framework Timing Report.pdf,Format Monthly Sheets 04.26,Format Monthly Sheets,1,5,Raw archive detail - source sheet copied to archive workbook: Source - Banners 04.,Raw archive detail - source sheet copied to archive workbook: Source - Banners,1.064,16.127,OK,94.496,1.544,106.731
Format Monthly Sheets,v1.8.9.3 - Framework Timing Report.pdf,Format Monthly Sheets 04.26,Format Monthly Sheets,1,6,Raw archive detail - archive sheet renamed: Source - Banners 04.,Raw archive detail - archive sheet renamed: Source - Banners,0.774,16.901,OK,94.496,1.097,106.731
Format Monthly Sheets,v1.8.9.3 - Framework Timing Report.pdf,Format Monthly Sheets 04.26,Format Monthly Sheets,1,7,Raw archive detail - archive sheet visibility enforced visible: Source - Banners 04.,Raw archive detail - archive sheet visibility enforced visible: Source - Banners,0.077,16.978,OK,94.496,0.095,106.731
Format Monthly Sheets,v1.8.9.3 - Framework Timing Report.pdf,Format Monthly Sheets 04.26,Format Monthly Sheets,1,8,Raw data copied to archive: Source - Banners,Raw data copied to archive: Source - Banners,0.000,16.978,OK,94.496,0.000,106.731
Format Monthly Sheets,v1.8.9.3 - Framework Timing Report.pdf,Format Monthly Sheets 04.26,Format Monthly Sheets,1,9,Local raw sheet deleted to preserve workbook speed,Local raw sheet deleted to preserve workbook speed,0.393,17.371,OK,94.496,0.752,106.731
Format Monthly Sheets,v1.8.9.3 - Framework Timing Report.pdf,Format Monthly Sheets 04.26,Format Monthly Sheets,1,10,Hide governed output sheet: Banners 04.,Hide governed output sheet: Banners,0.468,17.839,OK,94.496,0.758,106.731
Format Monthly Sheets,v1.8.9.3 - Framework Timing Report.pdf,Format Monthly Sheets 04.26,Format Monthly Sheets,1,11,Formatted monthly import tab: B from B April,Formatted monthly import tab: B from B,0.745,18.584,OK,94.496,0.168,106.731
Format Monthly Sheets,v1.8.9.3 - Framework Timing Report.pdf,Format Monthly Sheets 04.26,Format Monthly Sheets,1,12,Prepared monthly dashboard source: CD April,Prepared monthly dashboard source: CD,1.390,19.974,OK,94.496,1.110,106.731
Format Monthly Sheets,v1.8.9.3 - Framework Timing Report.pdf,Format Monthly Sheets 04.26,Format Monthly Sheets,1,13,Mapped monthly dashboard rows in memory:,Mapped monthly dashboard rows in memory,0.633,20.607,OK,94.496,0.762,106.731
Format Monthly Sheets,v1.8.9.3 - Framework Timing Report.pdf,Format Monthly Sheets 04.26,Format Monthly Sheets,1,14,Monthly dashboard fast canvas - blank sheet inserted in configured creation order: CP Due 04.,Monthly dashboard fast canvas - blank sheet inserted in configured creation order: CP Due,10.213,30.820,SLOW,94.496,12.014,106.731
Format Monthly Sheets,v1.8.9.3 - Framework Timing Report.pdf,Format Monthly Sheets 04.26,Format Monthly Sheets,1,15,Monthly dashboard fast canvas - grid resized to 343 rows x 5 cols: CP Due 04.,Monthly dashboard fast canvas - grid resized to 343 rows x 5 cols: CP Due,0.627,31.447,OK,94.496,1.299,106.731
Format Monthly Sheets,v1.8.9.3 - Framework Timing Report.pdf,Format Monthly Sheets 04.26,Format Monthly Sheets,1,16,Monthly dashboard fast canvas - template column widths applied: CP Due 04.,Monthly dashboard fast canvas - template column widths applied: CP Due,0.542,31.989,OK,94.496,0.860,106.731
Format Monthly Sheets,v1.8.9.3 - Framework Timing Report.pdf,Format Monthly Sheets 04.26,Format Monthly Sheets,1,17,Monthly dashboard fast canvas - raw values written | Rows: 339: CP Due 04.,Monthly dashboard fast canvas - raw values written | Rows: 339: CP Due,0.021,32.010,OK,94.496,0.021,106.731
Format Monthly Sheets,v1.8.9.3 - Framework Timing Report.pdf,Format Monthly Sheets 04.26,Format Monthly Sheets,1,18,Monthly dashboard fast canvas - title rows copied from template: CP Due 04.,Monthly dashboard fast canvas - title rows copied from template: CP Due,0.007,32.017,OK,94.496,0.008,106.731
Format Monthly Sheets,v1.8.9.3 - Framework Timing Report.pdf,Format Monthly Sheets 04.26,Format Monthly Sheets,1,19,Monthly dashboard fast canvas - header row copied from template: CP Due 04.,Monthly dashboard fast canvas - header row copied from template: CP Due,0.004,32.021,OK,94.496,0.006,106.731
Format Monthly Sheets,v1.8.9.3 - Framework Timing Report.pdf,Format Monthly Sheets 04.26,Format Monthly Sheets,1,20,Monthly dashboard fast canvas - data-row format copied from template | Rows: 339: CP Due 04.,Monthly dashboard fast canvas - data-row format copied from template | Rows: 339: CP Due,0.004,32.025,OK,94.496,0.011,106.731
Format Monthly Sheets,v1.8.9.3 - Framework Timing Report.pdf,Format Monthly Sheets 04.26,Format Monthly Sheets,1,21,Monthly dashboard fast canvas - title/date/header values stamped: CP Due 04.,Monthly dashboard fast canvas - title/date/header values stamped: CP Due,0.019,32.044,OK,94.496,0.018,106.731
Format Monthly Sheets,v1.8.9.3 - Framework Timing Report.pdf,Format Monthly Sheets 04.26,Format Monthly Sheets,1,22,Monthly dashboard fast canvas - frozen rows/columns and tab color applied: CP Due 04.,Monthly dashboard fast canvas - frozen rows/columns and tab color applied: CP Due,0.653,32.697,OK,94.496,2.161,106.731
Format Monthly Sheets,v1.8.9.3 - Framework Timing Report.pdf,Format Monthly Sheets 04.26,Format Monthly Sheets,1,23,Monthly dashboard fast canvas - filter created: CP Due 04.,Monthly dashboard fast canvas - filter created: CP Due,0.515,33.212,OK,94.496,0.915,106.731
Format Monthly Sheets,v1.8.9.3 - Framework Timing Report.pdf,Format Monthly Sheets 04.26,Format Monthly Sheets,1,24,Monthly dashboard fast canvas - template-driven canvas wrap applied: CP Due 04.,Monthly dashboard fast canvas - template-driven canvas wrap applied: CP Due,0.281,33.493,OK,94.496,0.481,106.731
Format Monthly Sheets,v1.8.9.3 - Framework Timing Report.pdf,Format Monthly Sheets 04.26,Format Monthly Sheets,1,25,Monthly dashboard fast canvas - runtime caches cleared: CP Due 04.,Monthly dashboard fast canvas - runtime caches cleared: CP Due,0.002,33.495,OK,94.496,0.004,106.731
Format Monthly Sheets,v1.8.9.3 - Framework Timing Report.pdf,Format Monthly Sheets 04.26,Format Monthly Sheets,1,26,Created monthly dashboard fast canvas: CP Due,Created monthly dashboard fast canvas: CP Due,0.000,33.495,OK,94.496,0.000,106.731
Format Monthly Sheets,v1.8.9.3 - Framework Timing Report.pdf,Format Monthly Sheets 04.26,Format Monthly Sheets,1,27,Locked monthly dashboard row heights: CP Due 04.,Locked monthly dashboard row heights: CP Due,0.883,34.378,OK,94.496,0.696,106.731
Format Monthly Sheets,v1.8.9.3 - Framework Timing Report.pdf,Format Monthly Sheets 04.26,Format Monthly Sheets,1,28,Raw archive detail - archive workbook opened: Source - CP Due 04.,Raw archive detail - archive workbook opened: Source - CP Due,0.144,34.522,OK,94.496,0.180,106.731
Format Monthly Sheets,v1.8.9.3 - Framework Timing Report.pdf,Format Monthly Sheets 04.26,Format Monthly Sheets,1,29,Raw archive detail - existing archive sheet deleted if present: Source - CP Due 04.,Raw archive detail - existing archive sheet deleted if present: Source - CP Due,0.158,34.680,OK,94.496,0.098,106.731
Format Monthly Sheets,v1.8.9.3 - Framework Timing Report.pdf,Format Monthly Sheets 04.26,Format Monthly Sheets,1,30,Raw archive detail - source sheet copied to archive workbook: Source - CP Due 04.,Raw archive detail - source sheet copied to archive workbook: Source - CP Due,0.936,35.616,OK,94.496,1.282,106.731
Format Monthly Sheets,v1.8.9.3 - Framework Timing Report.pdf,Format Monthly Sheets 04.26,Format Monthly Sheets,1,31,Raw archive detail - archive sheet renamed: Source - CP Due 04.,Raw archive detail - archive sheet renamed: Source - CP Due,0.113,35.729,OK,94.496,0.163,106.731
Format Monthly Sheets,v1.8.9.3 - Framework Timing Report.pdf,Format Monthly Sheets 04.26,Format Monthly Sheets,1,32,Raw archive detail - archive sheet visibility enforced visible: Source - CP Due 04.,Raw archive detail - archive sheet visibility enforced visible: Source - CP Due,0.067,35.796,OK,94.496,0.084,106.731
Format Monthly Sheets,v1.8.9.3 - Framework Timing Report.pdf,Format Monthly Sheets 04.26,Format Monthly Sheets,1,33,Raw data copied to archive: Source - CP Due,Raw data copied to archive: Source - CP Due,0.000,35.796,OK,94.496,0.000,106.731
Format Monthly Sheets,v1.8.9.3 - Framework Timing Report.pdf,Format Monthly Sheets 04.26,Format Monthly Sheets,1,34,Local raw sheet deleted to preserve workbook speed,Local raw sheet deleted to preserve workbook speed,0.345,36.141,OK,94.496,0.752,106.731
Format Monthly Sheets,v1.8.9.3 - Framework Timing Report.pdf,Format Monthly Sheets 04.26,Format Monthly Sheets,1,35,Hide governed output sheet: CP Due 04.,Hide governed output sheet: CP Due,1.271,37.412,OK,94.496,0.703,106.731
Format Monthly Sheets,v1.8.9.3 - Framework Timing Report.pdf,Format Monthly Sheets 04.26,Format Monthly Sheets,1,36,Formatted monthly import tab: CD from CD April,Formatted monthly import tab: CD from CD,0.094,37.506,OK,94.496,0.162,106.731
Format Monthly Sheets,v1.8.9.3 - Framework Timing Report.pdf,Format Monthly Sheets 04.26,Format Monthly Sheets,1,37,Prepared monthly dashboard source: UC April,Prepared monthly dashboard source: UC,0.982,38.488,OK,94.496,0.774,106.731
Format Monthly Sheets,v1.8.9.3 - Framework Timing Report.pdf,Format Monthly Sheets 04.26,Format Monthly Sheets,1,38,Mapped monthly dashboard rows in memory:,Mapped monthly dashboard rows in memory,0.669,39.157,OK,94.496,0.762,106.731
Format Monthly Sheets,v1.8.9.3 - Framework Timing Report.pdf,Format Monthly Sheets 04.26,Format Monthly Sheets,1,39,Monthly dashboard fast canvas - blank sheet inserted in configured creation order: Unlock CP 04.,Monthly dashboard fast canvas - blank sheet inserted in configured creation order: Unlock CP,7.020,46.177,OK,94.496,11.441,106.731
Format Monthly Sheets,v1.8.9.3 - Framework Timing Report.pdf,Format Monthly Sheets 04.26,Format Monthly Sheets,1,40,Monthly dashboard fast canvas - grid resized to 358 rows x 4 cols: Unlock CP 04.,Monthly dashboard fast canvas - grid resized to 358 rows x 4 cols: Unlock CP,0.544,46.721,OK,94.496,0.753,106.731
Format Monthly Sheets,v1.8.9.3 - Framework Timing Report.pdf,Format Monthly Sheets 04.26,Format Monthly Sheets,1,41,Monthly dashboard fast canvas - template column widths applied: Unlock CP 04.,Monthly dashboard fast canvas - template column widths applied: Unlock CP,0.418,47.139,OK,94.496,0.559,106.731
Format Monthly Sheets,v1.8.9.3 - Framework Timing Report.pdf,Format Monthly Sheets 04.26,Format Monthly Sheets,1,42,Monthly dashboard fast canvas - raw values written | Rows: 354: Unlock CP 04.,Monthly dashboard fast canvas - raw values written | Rows: 354: Unlock CP,0.014,47.153,OK,94.496,0.019,106.731
Format Monthly Sheets,v1.8.9.3 - Framework Timing Report.pdf,Format Monthly Sheets 04.26,Format Monthly Sheets,1,43,Monthly dashboard fast canvas - title rows copied from template: Unlock CP 04.,Monthly dashboard fast canvas - title rows copied from template: Unlock CP,0.040,47.193,OK,94.496,0.015,106.731
Format Monthly Sheets,v1.8.9.3 - Framework Timing Report.pdf,Format Monthly Sheets 04.26,Format Monthly Sheets,1,44,Monthly dashboard fast canvas - header row copied from template: Unlock CP 04.,Monthly dashboard fast canvas - header row copied from template: Unlock CP,0.020,47.213,OK,94.496,0.014,106.731
Format Monthly Sheets,v1.8.9.3 - Framework Timing Report.pdf,Format Monthly Sheets 04.26,Format Monthly Sheets,1,45,Monthly dashboard fast canvas - data-row format copied from template | Rows: 354: Unlock CP 04.,Monthly dashboard fast canvas - data-row format copied from template | Rows: 354: Unlock CP,0.003,47.216,OK,94.496,0.012,106.731
Format Monthly Sheets,v1.8.9.3 - Framework Timing Report.pdf,Format Monthly Sheets 04.26,Format Monthly Sheets,1,46,Monthly dashboard fast canvas - title/date/header values stamped: Unlock CP 04.,Monthly dashboard fast canvas - title/date/header values stamped: Unlock CP,0.011,47.227,OK,94.496,0.039,106.731
Format Monthly Sheets,v1.8.9.3 - Framework Timing Report.pdf,Format Monthly Sheets 04.26,Format Monthly Sheets,1,47,Monthly dashboard fast canvas - frozen rows/columns and tab color applied: Unlock CP 04.,Monthly dashboard fast canvas - frozen rows/columns and tab color applied: Unlock CP,0.651,47.878,OK,94.496,1.001,106.731
Format Monthly Sheets,v1.8.9.3 - Framework Timing Report.pdf,Format Monthly Sheets 04.26,Format Monthly Sheets,1,48,Monthly dashboard fast canvas - filter created: Unlock CP 04.,Monthly dashboard fast canvas - filter created: Unlock CP,0.473,48.351,OK,94.496,0.845,106.731
Format Monthly Sheets,v1.8.9.3 - Framework Timing Report.pdf,Format Monthly Sheets 04.26,Format Monthly Sheets,1,49,Monthly dashboard fast canvas - template-driven canvas wrap applied: Unlock CP 04.,Monthly dashboard fast canvas - template-driven canvas wrap applied: Unlock CP,0.251,48.602,OK,94.496,0.465,106.731
Format Monthly Sheets,v1.8.9.3 - Framework Timing Report.pdf,Format Monthly Sheets 04.26,Format Monthly Sheets,1,50,Monthly dashboard fast canvas - runtime caches cleared: Unlock CP 04.,Monthly dashboard fast canvas - runtime caches cleared: Unlock CP,0.001,48.603,OK,94.496,0.010,106.731
Format Monthly Sheets,v1.8.9.3 - Framework Timing Report.pdf,Format Monthly Sheets 04.26,Format Monthly Sheets,1,51,Created monthly dashboard fast canvas: Unlock CP,Created monthly dashboard fast canvas: Unlock CP,0.000,48.603,OK,94.496,0.000,106.731
Format Monthly Sheets,v1.8.9.3 - Framework Timing Report.pdf,Format Monthly Sheets 04.26,Format Monthly Sheets,1,52,Locked monthly dashboard row heights: Unlock CP 04.,Locked monthly dashboard row heights: Unlock CP,0.668,49.271,OK,94.496,0.941,106.731
Format Monthly Sheets,v1.8.9.3 - Framework Timing Report.pdf,Format Monthly Sheets 04.26,Format Monthly Sheets,1,53,Raw archive detail - archive workbook opened: Source - Unlocked CP 04.,Raw archive detail - archive workbook opened: Source - Unlocked CP,0.124,49.395,OK,94.496,0.172,106.731
Format Monthly Sheets,v1.8.9.3 - Framework Timing Report.pdf,Format Monthly Sheets 04.26,Format Monthly Sheets,1,54,Raw archive detail - existing archive sheet deleted if present: Source - Unlocked CP 04.,Raw archive detail - existing archive sheet deleted if present: Source - Unlocked CP,0.184,49.579,OK,94.496,0.097,106.731
Format Monthly Sheets,v1.8.9.3 - Framework Timing Report.pdf,Format Monthly Sheets 04.26,Format Monthly Sheets,1,55,Raw archive detail - source sheet copied to archive workbook: Source - Unlocked CP 04.,Raw archive detail - source sheet copied to archive workbook: Source - Unlocked CP,0.828,50.407,OK,94.496,1.249,106.731
Format Monthly Sheets,v1.8.9.3 - Framework Timing Report.pdf,Format Monthly Sheets 04.26,Format Monthly Sheets,1,56,Raw archive detail - archive sheet renamed: Source - Unlocked CP 04.,Raw archive detail - archive sheet renamed: Source - Unlocked CP,0.132,50.539,OK,94.496,0.217,106.731
Format Monthly Sheets,v1.8.9.3 - Framework Timing Report.pdf,Format Monthly Sheets 04.26,Format Monthly Sheets,1,57,Raw archive detail - archive sheet visibility enforced visible: Source - Unlocked CP 04.,Raw archive detail - archive sheet visibility enforced visible: Source - Unlocked CP,0.073,50.612,OK,94.496,0.099,106.731
Format Monthly Sheets,v1.8.9.3 - Framework Timing Report.pdf,Format Monthly Sheets 04.26,Format Monthly Sheets,1,58,Raw data copied to archive: Source - Unlocked CP,Raw data copied to archive: Source - Unlocked CP,0.000,50.612,OK,94.496,0.000,106.731
Format Monthly Sheets,v1.8.9.3 - Framework Timing Report.pdf,Format Monthly Sheets 04.26,Format Monthly Sheets,1,59,Local raw sheet deleted to preserve workbook speed,Local raw sheet deleted to preserve workbook speed,0.369,50.981,OK,94.496,0.752,106.731
Format Monthly Sheets,v1.8.9.3 - Framework Timing Report.pdf,Format Monthly Sheets 04.26,Format Monthly Sheets,1,60,Hide governed output sheet: Unlock CP 04.,Hide governed output sheet: Unlock CP,2.187,53.168,OK,94.496,1.091,106.731
Format Monthly Sheets,v1.8.9.3 - Framework Timing Report.pdf,Format Monthly Sheets 04.26,Format Monthly Sheets,1,61,Formatted monthly import tab: UC from UC April,Formatted monthly import tab: UC from UC,0.110,53.278,OK,94.496,0.145,106.731
Format Monthly Sheets,v1.8.9.3 - Framework Timing Report.pdf,Format Monthly Sheets 04.26,Format Monthly Sheets,1,62,Read Raw Data source in place without editing imported values | Rows:,Read Raw Data source in place without editing imported values | Rows,4.360,57.638,OK,94.496,5.920,106.731
Format Monthly Sheets,v1.8.9.3 - Framework Timing Report.pdf,Format Monthly Sheets 04.26,Format Monthly Sheets,1,63,Rename Raw Data import sheet in place and place in configured creation order: RD April -> Raw Data 04.,Rename Raw Data import sheet in place and place in configured creation order: RD -> Raw Data,7.170,64.808,OK,94.496,7.021,106.731
Format Monthly Sheets,v1.8.9.3 - Framework Timing Report.pdf,Format Monthly Sheets 04.26,Format Monthly Sheets,1,64,Wave 4 Raw Data header row detection complete | Header row:,Wave 4 Raw Data header row detection complete | Header row,0.556,65.364,OK,94.496,0.730,106.731
Format Monthly Sheets,v1.8.9.3 - Framework Timing Report.pdf,Format Monthly Sheets 04.26,Format Monthly Sheets,1,65,Wave 4 Raw Data title-row insert complete | Rows inserted:,Wave 4 Raw Data title-row insert complete | Rows inserted,0.155,65.519,OK,94.496,0.998,106.731
Format Monthly Sheets,v1.8.9.3 - Framework Timing Report.pdf,Format Monthly Sheets 04.26,Format Monthly Sheets,1,66,Wave 4 Raw Data approved-column append complete | Columns added:,Wave 4 Raw Data approved-column append complete | Columns added,1.199,66.718,OK,94.496,1.084,106.731
Format Monthly Sheets,v1.8.9.3 - Framework Timing Report.pdf,Format Monthly Sheets 04.26,Format Monthly Sheets,1,67,Wave 4 Raw Data title/header formatting start | Width:,Wave 4 Raw Data title/header formatting start | Width,0.620,67.338,OK,94.496,0.545,106.731
Format Monthly Sheets,v1.8.9.3 - Framework Timing Report.pdf,Format Monthly Sheets 04.26,Format Monthly Sheets,1,68,Wave 4 Raw Data title/header formatting complete,Wave 4 Raw Data title/header formatting complete,0.119,67.457,OK,94.496,0.271,106.731
Format Monthly Sheets,v1.8.9.3 - Framework Timing Report.pdf,Format Monthly Sheets 04.26,Format Monthly Sheets,1,69,Wave 4 Raw Data frozen rows set,Wave 4 Raw Data frozen rows set,0.853,68.310,OK,94.496,0.635,106.731
Format Monthly Sheets,v1.8.9.3 - Framework Timing Report.pdf,Format Monthly Sheets 04.26,Format Monthly Sheets,1,70,Wave 4 Raw Data filter removal complete,Wave 4 Raw Data filter removal complete,0.803,69.113,OK,94.496,0.709,106.731
Format Monthly Sheets,v1.8.9.3 - Framework Timing Report.pdf,Format Monthly Sheets 04.26,Format Monthly Sheets,1,71,Wave 4 Raw Data filter creation complete | Rows: 5932; Columns:,Wave 4 Raw Data filter creation complete | Rows: 5932; Columns,0.652,69.765,OK,94.496,0.775,106.731
Format Monthly Sheets,v1.8.9.3 - Framework Timing Report.pdf,Format Monthly Sheets 04.26,Format Monthly Sheets,1,72,"Wave 4 Raw Data in-place title/header/column work complete | Added columns: Safety - 2 Person, Wanderer, Interpreter Needed, Fall Risk, DPOA or Guardian Active, Palliative Care, Primary PMR Row","Wave 4 Raw Data in-place title/header/column work complete | Added columns: Safety - 2 Person, Wanderer, Interpreter Needed, Fall Risk, DPOA or Guardian Active, Palliative Care, Primary PMR Row",0.001,69.766,OK,94.496,0.005,106.731
Format Monthly Sheets,v1.8.9.3 - Framework Timing Report.pdf,Format Monthly Sheets 04.26,Format Monthly Sheets,1,73,Wave 4 Raw Data approved-sync columns start,Wave 4 Raw Data approved-sync columns start,0.000,69.766,OK,94.496,0.000,106.731
Format Monthly Sheets,v1.8.9.3 - Framework Timing Report.pdf,Format Monthly Sheets 04.26,Format Monthly Sheets,1,74,Wave 4 Raw Data approved-sync bulk read complete | Rows:,Wave 4 Raw Data approved-sync bulk read complete | Rows,3.321,73.087,OK,94.496,4.008,106.731
Format Monthly Sheets,v1.8.9.3 - Framework Timing Report.pdf,Format Monthly Sheets 04.26,Format Monthly Sheets,1,75,Wave 4 Raw Data approved-sync guarded write complete | Changed column groups:,Wave 4 Raw Data approved-sync guarded write complete | Changed column groups,0.046,73.133,OK,94.496,0.077,106.731
Format Monthly Sheets,v1.8.9.3 - Framework Timing Report.pdf,Format Monthly Sheets 04.26,Format Monthly Sheets,1,76,Wave 4 Raw Data approved-sync columns complete | Changed column groups:,Wave 4 Raw Data approved-sync columns complete | Changed column groups,0.005,73.138,OK,94.496,0.006,106.731
Format Monthly Sheets,v1.8.9.3 - Framework Timing Report.pdf,Format Monthly Sheets 04.26,Format Monthly Sheets,1,77,Wave 4 Raw Data banner-column sync start,Wave 4 Raw Data banner-column sync start,0.000,73.138,OK,94.496,0.000,106.731
Format Monthly Sheets,v1.8.9.3 - Framework Timing Report.pdf,Format Monthly Sheets 04.26,Format Monthly Sheets,1,78,Wave 4 Raw Data banner-sync bulk read complete | Rows:,Wave 4 Raw Data banner-sync bulk read complete | Rows,3.769,76.907,OK,94.496,4.399,106.731
Format Monthly Sheets,v1.8.9.3 - Framework Timing Report.pdf,Format Monthly Sheets 04.26,Format Monthly Sheets,1,79,Wave 4 Raw Data banner-sync source map built | Keys:,Wave 4 Raw Data banner-sync source map built | Keys,0.514,77.421,OK,94.496,0.740,106.731
Format Monthly Sheets,v1.8.9.3 - Framework Timing Report.pdf,Format Monthly Sheets 04.26,Format Monthly Sheets,1,80,Wave 4 Raw Data banner-sync guarded write complete | Changed column groups:,Wave 4 Raw Data banner-sync guarded write complete | Changed column groups,1.054,78.475,OK,94.496,1.222,106.731
Format Monthly Sheets,v1.8.9.3 - Framework Timing Report.pdf,Format Monthly Sheets 04.26,Format Monthly Sheets,1,81,Wave 4 Raw Data banner-column sync complete | Rows updated:,Wave 4 Raw Data banner-column sync complete | Rows updated,0.005,78.480,OK,94.496,0.010,106.731
Format Monthly Sheets,v1.8.9.3 - Framework Timing Report.pdf,Format Monthly Sheets 04.26,Format Monthly Sheets,1,82,Wave 4 Raw Data row-height lock start,Wave 4 Raw Data row-height lock start,0.000,78.480,OK,94.496,0.000,106.731
Format Monthly Sheets,v1.8.9.3 - Framework Timing Report.pdf,Format Monthly Sheets 04.26,Format Monthly Sheets,1,83,Wave 4 Raw Data row-height lock complete,Wave 4 Raw Data row-height lock complete,2.030,80.510,OK,94.496,0.992,106.731
Format Monthly Sheets,v1.8.9.3 - Framework Timing Report.pdf,Format Monthly Sheets 04.26,Format Monthly Sheets,1,84,Wave 4 Raw Data visibility policy start,Wave 4 Raw Data visibility policy start,0.000,80.510,OK,94.496,0.000,106.731
Format Monthly Sheets,v1.8.9.3 - Framework Timing Report.pdf,Format Monthly Sheets 04.26,Format Monthly Sheets,1,85,Hide governed output sheet: Raw Data 04.,Hide governed output sheet: Raw Data,0.196,80.706,OK,94.496,0.288,106.731
Format Monthly Sheets,v1.8.9.3 - Framework Timing Report.pdf,Format Monthly Sheets 04.26,Format Monthly Sheets,1,86,Wave 4 Raw Data visibility policy complete,Wave 4 Raw Data visibility policy complete,0.000,80.706,OK,94.496,0.000,106.731
Format Monthly Sheets,v1.8.9.3 - Framework Timing Report.pdf,Format Monthly Sheets 04.26,Format Monthly Sheets,1,87,Raw Data final visibility policy enforced after Index refresh,Raw Data final visibility policy enforced after Index refresh,13.727,94.433,SLOW,94.496,25.414,106.731
Format Monthly Sheets,v1.8.9.3 - Framework Timing Report.pdf,Format Monthly Sheets 04.26,Format Monthly Sheets,1,88,Formatted monthly Raw Data in place without deleting imported columns: Raw Data,Formatted monthly Raw Data in place without deleting imported columns: Raw Data,0.000,94.433,OK,94.496,1.100,106.731
Format Monthly Sheets,v1.8.9.3 - Framework Timing Report.pdf,Format Monthly Sheets 04.26,Format Monthly Sheets,1,89,Formatted monthly import tab: RD from RD April,Formatted monthly import tab: RD from RD,0.001,94.434,OK,94.496,0.002,106.731
Format Monthly Sheets,v1.8.9.3 - Framework Timing Report.pdf,Format Monthly Sheets 04.26,Format Monthly Sheets,1,90,Complete,Complete,0.062,94.496,OK,94.496,0.105,106.731
Format Monthly Sheets,v1.8.9.3 - Framework Timing Report.pdf,Format Monthly Sheets 05.26,Format Monthly Sheets,1,1,Start,Start,0.382,0.382,OK,112.027,0.331,106.731
Format Monthly Sheets,v1.8.9.3 - Framework Timing Report.pdf,Format Monthly Sheets 05.26,Format Monthly Sheets,1,2,Banner output sheet shown: Banners 05.,Banner output sheet shown: Banners,11.616,11.998,SLOW,112.027,12.426,106.731
Format Monthly Sheets,v1.8.9.3 - Framework Timing Report.pdf,Format Monthly Sheets 05.26,Format Monthly Sheets,1,3,Raw archive detail - archive workbook opened: Source - Banners 05.,Raw archive detail - archive workbook opened: Source - Banners,1.349,13.347,OK,112.027,2.285,106.731
Format Monthly Sheets,v1.8.9.3 - Framework Timing Report.pdf,Format Monthly Sheets 05.26,Format Monthly Sheets,1,4,Raw archive detail - existing archive sheet deleted if present: Source - Banners 05.,Raw archive detail - existing archive sheet deleted if present: Source - Banners,0.002,13.349,OK,112.027,0.160,106.731
Format Monthly Sheets,v1.8.9.3 - Framework Timing Report.pdf,Format Monthly Sheets 05.26,Format Monthly Sheets,1,5,Raw archive detail - source sheet copied to archive workbook: Source - Banners 05.,Raw archive detail - source sheet copied to archive workbook: Source - Banners,1.296,14.645,OK,112.027,1.544,106.731
Format Monthly Sheets,v1.8.9.3 - Framework Timing Report.pdf,Format Monthly Sheets 05.26,Format Monthly Sheets,1,6,Raw archive detail - archive sheet renamed: Source - Banners 05.,Raw archive detail - archive sheet renamed: Source - Banners,0.189,14.834,OK,112.027,1.097,106.731
Format Monthly Sheets,v1.8.9.3 - Framework Timing Report.pdf,Format Monthly Sheets 05.26,Format Monthly Sheets,1,7,Raw archive detail - archive sheet visibility enforced visible: Source - Banners 05.,Raw archive detail - archive sheet visibility enforced visible: Source - Banners,0.135,14.969,OK,112.027,0.095,106.731
Format Monthly Sheets,v1.8.9.3 - Framework Timing Report.pdf,Format Monthly Sheets 05.26,Format Monthly Sheets,1,8,Raw data copied to archive: Source - Banners,Raw data copied to archive: Source - Banners,0.000,14.969,OK,112.027,0.000,106.731
Format Monthly Sheets,v1.8.9.3 - Framework Timing Report.pdf,Format Monthly Sheets 05.26,Format Monthly Sheets,1,9,Local raw sheet deleted to preserve workbook speed,Local raw sheet deleted to preserve workbook speed,0.664,15.633,OK,112.027,0.752,106.731
Format Monthly Sheets,v1.8.9.3 - Framework Timing Report.pdf,Format Monthly Sheets 05.26,Format Monthly Sheets,1,10,Hide governed output sheet: Banners 05.,Hide governed output sheet: Banners,0.584,16.217,OK,112.027,0.758,106.731
Format Monthly Sheets,v1.8.9.3 - Framework Timing Report.pdf,Format Monthly Sheets 05.26,Format Monthly Sheets,1,11,Formatted monthly import tab: B from B May,Formatted monthly import tab: B from B,0.141,16.358,OK,112.027,0.168,106.731
Format Monthly Sheets,v1.8.9.3 - Framework Timing Report.pdf,Format Monthly Sheets 05.26,Format Monthly Sheets,1,12,Prepared monthly dashboard source: CD May,Prepared monthly dashboard source: CD,1.316,17.674,OK,112.027,1.110,106.731
Format Monthly Sheets,v1.8.9.3 - Framework Timing Report.pdf,Format Monthly Sheets 05.26,Format Monthly Sheets,1,13,Mapped monthly dashboard rows in memory:,Mapped monthly dashboard rows in memory,0.584,18.258,OK,112.027,0.762,106.731
Format Monthly Sheets,v1.8.9.3 - Framework Timing Report.pdf,Format Monthly Sheets 05.26,Format Monthly Sheets,1,14,Monthly dashboard fast canvas - blank sheet inserted in configured creation order: CP Due 05.,Monthly dashboard fast canvas - blank sheet inserted in configured creation order: CP Due,11.383,29.641,SLOW,112.027,12.014,106.731
Format Monthly Sheets,v1.8.9.3 - Framework Timing Report.pdf,Format Monthly Sheets 05.26,Format Monthly Sheets,1,15,Monthly dashboard fast canvas - grid resized to 339 rows x 5 cols: CP Due 05.,Monthly dashboard fast canvas - grid resized to 339 rows x 5 cols: CP Due,0.617,30.258,OK,112.027,1.136,106.731
Format Monthly Sheets,v1.8.9.3 - Framework Timing Report.pdf,Format Monthly Sheets 05.26,Format Monthly Sheets,1,16,Monthly dashboard fast canvas - template column widths applied: CP Due 05.,Monthly dashboard fast canvas - template column widths applied: CP Due,1.368,31.626,OK,112.027,0.860,106.731
Format Monthly Sheets,v1.8.9.3 - Framework Timing Report.pdf,Format Monthly Sheets 05.26,Format Monthly Sheets,1,17,Monthly dashboard fast canvas - raw values written | Rows: 335: CP Due 05.,Monthly dashboard fast canvas - raw values written | Rows: 335: CP Due,0.030,31.656,OK,112.027,0.018,106.731
Format Monthly Sheets,v1.8.9.3 - Framework Timing Report.pdf,Format Monthly Sheets 05.26,Format Monthly Sheets,1,18,Monthly dashboard fast canvas - title rows copied from template: CP Due 05.,Monthly dashboard fast canvas - title rows copied from template: CP Due,0.022,31.678,OK,112.027,0.008,106.731
Format Monthly Sheets,v1.8.9.3 - Framework Timing Report.pdf,Format Monthly Sheets 05.26,Format Monthly Sheets,1,19,Monthly dashboard fast canvas - header row copied from template: CP Due 05.,Monthly dashboard fast canvas - header row copied from template: CP Due,0.012,31.690,OK,112.027,0.006,106.731
Format Monthly Sheets,v1.8.9.3 - Framework Timing Report.pdf,Format Monthly Sheets 05.26,Format Monthly Sheets,1,20,Monthly dashboard fast canvas - data-row format copied from template | Rows: 335: CP Due 05.,Monthly dashboard fast canvas - data-row format copied from template | Rows: 335: CP Due,0.025,31.715,OK,112.027,0.010,106.731
Format Monthly Sheets,v1.8.9.3 - Framework Timing Report.pdf,Format Monthly Sheets 05.26,Format Monthly Sheets,1,21,Monthly dashboard fast canvas - title/date/header values stamped: CP Due 05.,Monthly dashboard fast canvas - title/date/header values stamped: CP Due,0.054,31.769,OK,112.027,0.018,106.731
Format Monthly Sheets,v1.8.9.3 - Framework Timing Report.pdf,Format Monthly Sheets 05.26,Format Monthly Sheets,1,22,Monthly dashboard fast canvas - frozen rows/columns and tab color applied: CP Due 05.,Monthly dashboard fast canvas - frozen rows/columns and tab color applied: CP Due,0.790,32.559,OK,112.027,2.161,106.731
Format Monthly Sheets,v1.8.9.3 - Framework Timing Report.pdf,Format Monthly Sheets 05.26,Format Monthly Sheets,1,23,Monthly dashboard fast canvas - filter created: CP Due 05.,Monthly dashboard fast canvas - filter created: CP Due,1.562,34.121,OK,112.027,0.915,106.731
Format Monthly Sheets,v1.8.9.3 - Framework Timing Report.pdf,Format Monthly Sheets 05.26,Format Monthly Sheets,1,24,Monthly dashboard fast canvas - template-driven canvas wrap applied: CP Due 05.,Monthly dashboard fast canvas - template-driven canvas wrap applied: CP Due,0.397,34.518,OK,112.027,0.481,106.731
Format Monthly Sheets,v1.8.9.3 - Framework Timing Report.pdf,Format Monthly Sheets 05.26,Format Monthly Sheets,1,25,Monthly dashboard fast canvas - runtime caches cleared: CP Due 05.,Monthly dashboard fast canvas - runtime caches cleared: CP Due,0.021,34.539,OK,112.027,0.004,106.731
Format Monthly Sheets,v1.8.9.3 - Framework Timing Report.pdf,Format Monthly Sheets 05.26,Format Monthly Sheets,1,26,Created monthly dashboard fast canvas: CP Due,Created monthly dashboard fast canvas: CP Due,0.000,34.539,OK,112.027,0.000,106.731
Format Monthly Sheets,v1.8.9.3 - Framework Timing Report.pdf,Format Monthly Sheets 05.26,Format Monthly Sheets,1,27,Locked monthly dashboard row heights: CP Due 05.,Locked monthly dashboard row heights: CP Due,0.778,35.317,OK,112.027,0.696,106.731
Format Monthly Sheets,v1.8.9.3 - Framework Timing Report.pdf,Format Monthly Sheets 05.26,Format Monthly Sheets,1,28,Raw archive detail - archive workbook opened: Source - CP Due 05.,Raw archive detail - archive workbook opened: Source - CP Due,0.604,35.921,OK,112.027,0.180,106.731
Format Monthly Sheets,v1.8.9.3 - Framework Timing Report.pdf,Format Monthly Sheets 05.26,Format Monthly Sheets,1,29,Raw archive detail - existing archive sheet deleted if present: Source - CP Due 05.,Raw archive detail - existing archive sheet deleted if present: Source - CP Due,0.009,35.930,OK,112.027,0.098,106.731
Format Monthly Sheets,v1.8.9.3 - Framework Timing Report.pdf,Format Monthly Sheets 05.26,Format Monthly Sheets,1,30,Raw archive detail - source sheet copied to archive workbook: Source - CP Due 05.,Raw archive detail - source sheet copied to archive workbook: Source - CP Due,1.318,37.248,OK,112.027,1.282,106.731
Format Monthly Sheets,v1.8.9.3 - Framework Timing Report.pdf,Format Monthly Sheets 05.26,Format Monthly Sheets,1,31,Raw archive detail - archive sheet renamed: Source - CP Due 05.,Raw archive detail - archive sheet renamed: Source - CP Due,0.124,37.372,OK,112.027,0.163,106.731
Format Monthly Sheets,v1.8.9.3 - Framework Timing Report.pdf,Format Monthly Sheets 05.26,Format Monthly Sheets,1,32,Raw archive detail - archive sheet visibility enforced visible: Source - CP Due 05.,Raw archive detail - archive sheet visibility enforced visible: Source - CP Due,0.107,37.479,OK,112.027,0.084,106.731
Format Monthly Sheets,v1.8.9.3 - Framework Timing Report.pdf,Format Monthly Sheets 05.26,Format Monthly Sheets,1,33,Raw data copied to archive: Source - CP Due,Raw data copied to archive: Source - CP Due,0.000,37.479,OK,112.027,0.000,106.731
Format Monthly Sheets,v1.8.9.3 - Framework Timing Report.pdf,Format Monthly Sheets 05.26,Format Monthly Sheets,1,34,Local raw sheet deleted to preserve workbook speed,Local raw sheet deleted to preserve workbook speed,0.608,38.087,OK,112.027,0.752,106.731
Format Monthly Sheets,v1.8.9.3 - Framework Timing Report.pdf,Format Monthly Sheets 05.26,Format Monthly Sheets,1,35,Hide governed output sheet: CP Due 05.,Hide governed output sheet: CP Due,1.306,39.393,OK,112.027,0.703,106.731
Format Monthly Sheets,v1.8.9.3 - Framework Timing Report.pdf,Format Monthly Sheets 05.26,Format Monthly Sheets,1,36,Formatted monthly import tab: CD from CD May,Formatted monthly import tab: CD from CD,0.119,39.512,OK,112.027,0.162,106.731
Format Monthly Sheets,v1.8.9.3 - Framework Timing Report.pdf,Format Monthly Sheets 05.26,Format Monthly Sheets,1,37,Prepared monthly dashboard source: UC May,Prepared monthly dashboard source: UC,0.884,40.396,OK,112.027,0.774,106.731
Format Monthly Sheets,v1.8.9.3 - Framework Timing Report.pdf,Format Monthly Sheets 05.26,Format Monthly Sheets,1,38,Mapped monthly dashboard rows in memory:,Mapped monthly dashboard rows in memory,1.020,41.416,OK,112.027,0.762,106.731
Format Monthly Sheets,v1.8.9.3 - Framework Timing Report.pdf,Format Monthly Sheets 05.26,Format Monthly Sheets,1,39,Monthly dashboard fast canvas - blank sheet inserted in configured creation order: Unlock CP 05.,Monthly dashboard fast canvas - blank sheet inserted in configured creation order: Unlock CP,11.275,52.691,SLOW,112.027,11.441,106.731
Format Monthly Sheets,v1.8.9.3 - Framework Timing Report.pdf,Format Monthly Sheets 05.26,Format Monthly Sheets,1,40,Monthly dashboard fast canvas - grid resized to 351 rows x 4 cols: Unlock CP 05.,Monthly dashboard fast canvas - grid resized to 351 rows x 4 cols: Unlock CP,0.921,53.612,OK,112.027,0.885,106.731
Format Monthly Sheets,v1.8.9.3 - Framework Timing Report.pdf,Format Monthly Sheets 05.26,Format Monthly Sheets,1,41,Monthly dashboard fast canvas - template column widths applied: Unlock CP 05.,Monthly dashboard fast canvas - template column widths applied: Unlock CP,0.450,54.062,OK,112.027,0.559,106.731
Format Monthly Sheets,v1.8.9.3 - Framework Timing Report.pdf,Format Monthly Sheets 05.26,Format Monthly Sheets,1,42,Monthly dashboard fast canvas - raw values written | Rows: 347: Unlock CP 05.,Monthly dashboard fast canvas - raw values written | Rows: 347: Unlock CP,0.035,54.097,OK,112.027,0.015,106.731
Format Monthly Sheets,v1.8.9.3 - Framework Timing Report.pdf,Format Monthly Sheets 05.26,Format Monthly Sheets,1,43,Monthly dashboard fast canvas - title rows copied from template: Unlock CP 05.,Monthly dashboard fast canvas - title rows copied from template: Unlock CP,0.021,54.118,OK,112.027,0.015,106.731
Format Monthly Sheets,v1.8.9.3 - Framework Timing Report.pdf,Format Monthly Sheets 05.26,Format Monthly Sheets,1,44,Monthly dashboard fast canvas - header row copied from template: Unlock CP 05.,Monthly dashboard fast canvas - header row copied from template: Unlock CP,0.014,54.132,OK,112.027,0.014,106.731
Format Monthly Sheets,v1.8.9.3 - Framework Timing Report.pdf,Format Monthly Sheets 05.26,Format Monthly Sheets,1,45,Monthly dashboard fast canvas - data-row format copied from template | Rows: 347: Unlock CP 05.,Monthly dashboard fast canvas - data-row format copied from template | Rows: 347: Unlock CP,0.015,54.147,OK,112.027,0.007,106.731
Format Monthly Sheets,v1.8.9.3 - Framework Timing Report.pdf,Format Monthly Sheets 05.26,Format Monthly Sheets,1,46,Monthly dashboard fast canvas - title/date/header values stamped: Unlock CP 05.,Monthly dashboard fast canvas - title/date/header values stamped: Unlock CP,0.061,54.208,OK,112.027,0.039,106.731
Format Monthly Sheets,v1.8.9.3 - Framework Timing Report.pdf,Format Monthly Sheets 05.26,Format Monthly Sheets,1,47,Monthly dashboard fast canvas - frozen rows/columns and tab color applied: Unlock CP 05.,Monthly dashboard fast canvas - frozen rows/columns and tab color applied: Unlock CP,0.734,54.942,OK,112.027,1.001,106.731
Format Monthly Sheets,v1.8.9.3 - Framework Timing Report.pdf,Format Monthly Sheets 05.26,Format Monthly Sheets,1,48,Monthly dashboard fast canvas - filter created: Unlock CP 05.,Monthly dashboard fast canvas - filter created: Unlock CP,0.929,55.871,OK,112.027,0.845,106.731
Format Monthly Sheets,v1.8.9.3 - Framework Timing Report.pdf,Format Monthly Sheets 05.26,Format Monthly Sheets,1,49,Monthly dashboard fast canvas - template-driven canvas wrap applied: Unlock CP 05.,Monthly dashboard fast canvas - template-driven canvas wrap applied: Unlock CP,0.393,56.264,OK,112.027,0.465,106.731
Format Monthly Sheets,v1.8.9.3 - Framework Timing Report.pdf,Format Monthly Sheets 05.26,Format Monthly Sheets,1,50,Monthly dashboard fast canvas - runtime caches cleared: Unlock CP 05.,Monthly dashboard fast canvas - runtime caches cleared: Unlock CP,0.006,56.270,OK,112.027,0.010,106.731
Format Monthly Sheets,v1.8.9.3 - Framework Timing Report.pdf,Format Monthly Sheets 05.26,Format Monthly Sheets,1,51,Created monthly dashboard fast canvas: Unlock CP,Created monthly dashboard fast canvas: Unlock CP,0.000,56.270,OK,112.027,0.000,106.731
Format Monthly Sheets,v1.8.9.3 - Framework Timing Report.pdf,Format Monthly Sheets 05.26,Format Monthly Sheets,1,52,Locked monthly dashboard row heights: Unlock CP 05.,Locked monthly dashboard row heights: Unlock CP,0.878,57.148,OK,112.027,0.941,106.731
Format Monthly Sheets,v1.8.9.3 - Framework Timing Report.pdf,Format Monthly Sheets 05.26,Format Monthly Sheets,1,53,Raw archive detail - archive workbook opened: Source - Unlocked CP 05.,Raw archive detail - archive workbook opened: Source - Unlocked CP,0.229,57.377,OK,112.027,0.172,106.731
Format Monthly Sheets,v1.8.9.3 - Framework Timing Report.pdf,Format Monthly Sheets 05.26,Format Monthly Sheets,1,54,Raw archive detail - existing archive sheet deleted if present: Source - Unlocked CP 05.,Raw archive detail - existing archive sheet deleted if present: Source - Unlocked CP,0.003,57.380,OK,112.027,0.097,106.731
Format Monthly Sheets,v1.8.9.3 - Framework Timing Report.pdf,Format Monthly Sheets 05.26,Format Monthly Sheets,1,55,Raw archive detail - source sheet copied to archive workbook: Source - Unlocked CP 05.,Raw archive detail - source sheet copied to archive workbook: Source - Unlocked CP,0.984,58.364,OK,112.027,1.249,106.731
Format Monthly Sheets,v1.8.9.3 - Framework Timing Report.pdf,Format Monthly Sheets 05.26,Format Monthly Sheets,1,56,Raw archive detail - archive sheet renamed: Source - Unlocked CP 05.,Raw archive detail - archive sheet renamed: Source - Unlocked CP,0.162,58.526,OK,112.027,0.217,106.731
Format Monthly Sheets,v1.8.9.3 - Framework Timing Report.pdf,Format Monthly Sheets 05.26,Format Monthly Sheets,1,57,Raw archive detail - archive sheet visibility enforced visible: Source - Unlocked CP 05.,Raw archive detail - archive sheet visibility enforced visible: Source - Unlocked CP,0.078,58.604,OK,112.027,0.099,106.731
Format Monthly Sheets,v1.8.9.3 - Framework Timing Report.pdf,Format Monthly Sheets 05.26,Format Monthly Sheets,1,58,Raw data copied to archive: Source - Unlocked CP,Raw data copied to archive: Source - Unlocked CP,0.000,58.604,OK,112.027,0.000,106.731
Format Monthly Sheets,v1.8.9.3 - Framework Timing Report.pdf,Format Monthly Sheets 05.26,Format Monthly Sheets,1,59,Local raw sheet deleted to preserve workbook speed,Local raw sheet deleted to preserve workbook speed,0.615,59.219,OK,112.027,0.752,106.731
Format Monthly Sheets,v1.8.9.3 - Framework Timing Report.pdf,Format Monthly Sheets 05.26,Format Monthly Sheets,1,60,Hide governed output sheet: Unlock CP 05.,Hide governed output sheet: Unlock CP,0.513,59.732,OK,112.027,1.091,106.731
Format Monthly Sheets,v1.8.9.3 - Framework Timing Report.pdf,Format Monthly Sheets 05.26,Format Monthly Sheets,1,61,Formatted monthly import tab: UC from UC May,Formatted monthly import tab: UC from UC,0.116,59.848,OK,112.027,0.145,106.731
Format Monthly Sheets,v1.8.9.3 - Framework Timing Report.pdf,Format Monthly Sheets 05.26,Format Monthly Sheets,1,62,Read Raw Data source in place without editing imported values | Rows:,Read Raw Data source in place without editing imported values | Rows,5.880,65.728,OK,112.027,5.920,106.731
Format Monthly Sheets,v1.8.9.3 - Framework Timing Report.pdf,Format Monthly Sheets 05.26,Format Monthly Sheets,1,63,Rename Raw Data import sheet in place and place in configured creation order: RD May -> Raw Data 05.,Rename Raw Data import sheet in place and place in configured creation order: RD -> Raw Data,7.003,72.731,OK,112.027,7.021,106.731
Format Monthly Sheets,v1.8.9.3 - Framework Timing Report.pdf,Format Monthly Sheets 05.26,Format Monthly Sheets,1,64,Wave 4 Raw Data header row detection complete | Header row:,Wave 4 Raw Data header row detection complete | Header row,1.140,73.871,OK,112.027,0.730,106.731
Format Monthly Sheets,v1.8.9.3 - Framework Timing Report.pdf,Format Monthly Sheets 05.26,Format Monthly Sheets,1,65,Wave 4 Raw Data title-row insert complete | Rows inserted:,Wave 4 Raw Data title-row insert complete | Rows inserted,0.168,74.039,OK,112.027,0.998,106.731
Format Monthly Sheets,v1.8.9.3 - Framework Timing Report.pdf,Format Monthly Sheets 05.26,Format Monthly Sheets,1,66,Wave 4 Raw Data approved-column append complete | Columns added:,Wave 4 Raw Data approved-column append complete | Columns added,0.700,74.739,OK,112.027,1.084,106.731
Format Monthly Sheets,v1.8.9.3 - Framework Timing Report.pdf,Format Monthly Sheets 05.26,Format Monthly Sheets,1,67,Wave 4 Raw Data title/header formatting start | Width:,Wave 4 Raw Data title/header formatting start | Width,0.394,75.133,OK,112.027,0.545,106.731
Format Monthly Sheets,v1.8.9.3 - Framework Timing Report.pdf,Format Monthly Sheets 05.26,Format Monthly Sheets,1,68,Wave 4 Raw Data title/header formatting complete,Wave 4 Raw Data title/header formatting complete,0.394,75.527,OK,112.027,0.271,106.731
Format Monthly Sheets,v1.8.9.3 - Framework Timing Report.pdf,Format Monthly Sheets 05.26,Format Monthly Sheets,1,69,Wave 4 Raw Data frozen rows set,Wave 4 Raw Data frozen rows set,0.445,75.972,OK,112.027,0.635,106.731
Format Monthly Sheets,v1.8.9.3 - Framework Timing Report.pdf,Format Monthly Sheets 05.26,Format Monthly Sheets,1,70,Wave 4 Raw Data filter removal skipped - no existing filter,Wave 4 Raw Data filter removal skipped - no existing filter,0.203,76.175,OK,112.027,0.292,106.731
Format Monthly Sheets,v1.8.9.3 - Framework Timing Report.pdf,Format Monthly Sheets 05.26,Format Monthly Sheets,1,71,Wave 4 Raw Data filter creation complete | Rows: 5978; Columns:,Wave 4 Raw Data filter creation complete | Rows: 5978; Columns,0.517,76.692,OK,112.027,0.609,106.731
Format Monthly Sheets,v1.8.9.3 - Framework Timing Report.pdf,Format Monthly Sheets 05.26,Format Monthly Sheets,1,72,"Wave 4 Raw Data in-place title/header/column work complete | Added columns: Notes, Safety - 2 Person, Wanderer, Interpreter Needed, Fall Risk, DPOA or Guardian Active, Palliative Care, Primary PMR Row","Wave 4 Raw Data in-place title/header/column work complete | Added columns: Notes, Safety - 2 Person, Wanderer, Interpreter Needed, Fall Risk, DPOA or Guardian Active, Palliative Care, Primary PMR Row",0.007,76.699,OK,112.027,0.004,106.731
Format Monthly Sheets,v1.8.9.3 - Framework Timing Report.pdf,Format Monthly Sheets 05.26,Format Monthly Sheets,1,73,Wave 4 Raw Data approved-sync columns start,Wave 4 Raw Data approved-sync columns start,0.000,76.699,OK,112.027,0.000,106.731
Format Monthly Sheets,v1.8.9.3 - Framework Timing Report.pdf,Format Monthly Sheets 05.26,Format Monthly Sheets,1,74,Wave 4 Raw Data approved-sync bulk read complete | Rows:,Wave 4 Raw Data approved-sync bulk read complete | Rows,5.543,82.242,OK,112.027,4.008,106.731
Format Monthly Sheets,v1.8.9.3 - Framework Timing Report.pdf,Format Monthly Sheets 05.26,Format Monthly Sheets,1,75,Wave 4 Raw Data approved-sync guarded write complete | Changed column groups:,Wave 4 Raw Data approved-sync guarded write complete | Changed column groups,0.107,82.349,OK,112.027,0.077,106.731
Format Monthly Sheets,v1.8.9.3 - Framework Timing Report.pdf,Format Monthly Sheets 05.26,Format Monthly Sheets,1,76,Wave 4 Raw Data approved-sync columns complete | Changed column groups:,Wave 4 Raw Data approved-sync columns complete | Changed column groups,0.012,82.361,OK,112.027,0.006,106.731
Format Monthly Sheets,v1.8.9.3 - Framework Timing Report.pdf,Format Monthly Sheets 05.26,Format Monthly Sheets,1,77,Wave 4 Raw Data banner-column sync start,Wave 4 Raw Data banner-column sync start,0.000,82.361,OK,112.027,0.000,106.731
Format Monthly Sheets,v1.8.9.3 - Framework Timing Report.pdf,Format Monthly Sheets 05.26,Format Monthly Sheets,1,78,Wave 4 Raw Data banner-sync bulk read complete | Rows:,Wave 4 Raw Data banner-sync bulk read complete | Rows,6.864,89.225,OK,112.027,4.399,106.731
Format Monthly Sheets,v1.8.9.3 - Framework Timing Report.pdf,Format Monthly Sheets 05.26,Format Monthly Sheets,1,79,Wave 4 Raw Data banner-sync source map built | Keys:,Wave 4 Raw Data banner-sync source map built | Keys,0.637,89.862,OK,112.027,0.740,106.731
Format Monthly Sheets,v1.8.9.3 - Framework Timing Report.pdf,Format Monthly Sheets 05.26,Format Monthly Sheets,1,80,Wave 4 Raw Data banner-sync guarded write complete | Changed column groups:,Wave 4 Raw Data banner-sync guarded write complete | Changed column groups,1.237,91.099,OK,112.027,1.222,106.731
Format Monthly Sheets,v1.8.9.3 - Framework Timing Report.pdf,Format Monthly Sheets 05.26,Format Monthly Sheets,1,81,Wave 4 Raw Data banner-column sync complete | Rows updated:,Wave 4 Raw Data banner-column sync complete | Rows updated,0.040,91.139,OK,112.027,0.010,106.731
Format Monthly Sheets,v1.8.9.3 - Framework Timing Report.pdf,Format Monthly Sheets 05.26,Format Monthly Sheets,1,82,Wave 4 Raw Data row-height lock start,Wave 4 Raw Data row-height lock start,0.000,91.139,OK,112.027,0.000,106.731
Format Monthly Sheets,v1.8.9.3 - Framework Timing Report.pdf,Format Monthly Sheets 05.26,Format Monthly Sheets,1,83,Wave 4 Raw Data row-height lock complete,Wave 4 Raw Data row-height lock complete,0.867,92.006,OK,112.027,0.992,106.731
Format Monthly Sheets,v1.8.9.3 - Framework Timing Report.pdf,Format Monthly Sheets 05.26,Format Monthly Sheets,1,84,Wave 4 Raw Data visibility policy start,Wave 4 Raw Data visibility policy start,0.000,92.006,OK,112.027,0.000,106.731
Format Monthly Sheets,v1.8.9.3 - Framework Timing Report.pdf,Format Monthly Sheets 05.26,Format Monthly Sheets,1,85,Hide governed output sheet: Raw Data 05.,Hide governed output sheet: Raw Data,1.113,93.119,OK,112.027,0.288,106.731
Format Monthly Sheets,v1.8.9.3 - Framework Timing Report.pdf,Format Monthly Sheets 05.26,Format Monthly Sheets,1,86,Wave 4 Raw Data visibility policy complete,Wave 4 Raw Data visibility policy complete,0.000,93.119,OK,112.027,0.000,106.731
Format Monthly Sheets,v1.8.9.3 - Framework Timing Report.pdf,Format Monthly Sheets 05.26,Format Monthly Sheets,1,87,Raw Data final visibility policy enforced after Index refresh,Raw Data final visibility policy enforced after Index refresh,18.834,111.953,SLOW,112.027,25.414,106.731
Format Monthly Sheets,v1.8.9.3 - Framework Timing Report.pdf,Format Monthly Sheets 05.26,Format Monthly Sheets,1,88,Formatted monthly Raw Data in place without deleting imported columns: Raw Data 05.,Formatted monthly Raw Data in place without deleting imported columns: Raw Data,0.002,111.955,OK,112.027,1.100,106.731
Format Monthly Sheets,v1.8.9.3 - Framework Timing Report.pdf,Format Monthly Sheets 05.26,Format Monthly Sheets,1,89,Formatted monthly import tab: RD from RD May,Formatted monthly import tab: RD from RD,0.003,111.958,OK,112.027,0.002,106.731
Format Monthly Sheets,v1.8.9.3 - Framework Timing Report.pdf,Format Monthly Sheets 05.26,Format Monthly Sheets,1,90,Complete,Complete,0.069,112.027,OK,112.027,0.105,106.731
Format Monthly Sheets,v1.8.9.3 - Framework Timing Report.pdf,Format Monthly Sheets 06.26,Format Monthly Sheets,1,1,Start,Start,0.197,0.197,OK,112.427,0.331,106.731
Format Monthly Sheets,v1.8.9.3 - Framework Timing Report.pdf,Format Monthly Sheets 06.26,Format Monthly Sheets,1,2,Banner output sheet shown: Banners 06.,Banner output sheet shown: Banners,13.572,13.769,SLOW,112.427,12.426,106.731
Format Monthly Sheets,v1.8.9.3 - Framework Timing Report.pdf,Format Monthly Sheets 06.26,Format Monthly Sheets,1,3,Raw archive detail - archive workbook opened: Source - Banners 06.,Raw archive detail - archive workbook opened: Source - Banners,1.861,15.630,OK,112.427,2.285,106.731
Format Monthly Sheets,v1.8.9.3 - Framework Timing Report.pdf,Format Monthly Sheets 06.26,Format Monthly Sheets,1,4,Raw archive detail - existing archive sheet deleted if present: Source - Banners 06.,Raw archive detail - existing archive sheet deleted if present: Source - Banners,0.001,15.631,OK,112.427,0.160,106.731
Format Monthly Sheets,v1.8.9.3 - Framework Timing Report.pdf,Format Monthly Sheets 06.26,Format Monthly Sheets,1,5,Raw archive detail - source sheet copied to archive workbook: Source - Banners 06.,Raw archive detail - source sheet copied to archive workbook: Source - Banners,2.505,18.136,OK,112.427,1.544,106.731
Format Monthly Sheets,v1.8.9.3 - Framework Timing Report.pdf,Format Monthly Sheets 06.26,Format Monthly Sheets,1,6,Raw archive detail - archive sheet renamed: Source - Banners 06.,Raw archive detail - archive sheet renamed: Source - Banners,0.182,18.318,OK,112.427,1.097,106.731
Format Monthly Sheets,v1.8.9.3 - Framework Timing Report.pdf,Format Monthly Sheets 06.26,Format Monthly Sheets,1,7,Raw archive detail - archive sheet visibility enforced visible: Source - Banners 06.,Raw archive detail - archive sheet visibility enforced visible: Source - Banners,0.075,18.393,OK,112.427,0.095,106.731
Format Monthly Sheets,v1.8.9.3 - Framework Timing Report.pdf,Format Monthly Sheets 06.26,Format Monthly Sheets,1,8,Raw data copied to archive: Source - Banners,Raw data copied to archive: Source - Banners,0.000,18.393,OK,112.427,0.000,106.731
Format Monthly Sheets,v1.8.9.3 - Framework Timing Report.pdf,Format Monthly Sheets 06.26,Format Monthly Sheets,1,9,Local raw sheet deleted to preserve workbook speed,Local raw sheet deleted to preserve workbook speed,0.644,19.037,OK,112.427,0.752,106.731
Format Monthly Sheets,v1.8.9.3 - Framework Timing Report.pdf,Format Monthly Sheets 06.26,Format Monthly Sheets,1,10,Hide governed output sheet: Banners 06.,Hide governed output sheet: Banners,0.602,19.639,OK,112.427,0.758,106.731
Format Monthly Sheets,v1.8.9.3 - Framework Timing Report.pdf,Format Monthly Sheets 06.26,Format Monthly Sheets,1,11,Formatted monthly import tab: B from B June,Formatted monthly import tab: B from B,0.172,19.811,OK,112.427,0.168,106.731
Format Monthly Sheets,v1.8.9.3 - Framework Timing Report.pdf,Format Monthly Sheets 06.26,Format Monthly Sheets,1,12,Prepared monthly dashboard source: CD June,Prepared monthly dashboard source: CD,0.714,20.525,OK,112.427,1.110,106.731
Format Monthly Sheets,v1.8.9.3 - Framework Timing Report.pdf,Format Monthly Sheets 06.26,Format Monthly Sheets,1,13,Mapped monthly dashboard rows in memory:,Mapped monthly dashboard rows in memory,0.635,21.160,OK,112.427,0.762,106.731
Format Monthly Sheets,v1.8.9.3 - Framework Timing Report.pdf,Format Monthly Sheets 06.26,Format Monthly Sheets,1,14,Monthly dashboard fast canvas - blank sheet inserted in configured creation order: CP Due 06.,Monthly dashboard fast canvas - blank sheet inserted in configured creation order: CP Due,12.142,33.302,SLOW,112.427,12.014,106.731
Format Monthly Sheets,v1.8.9.3 - Framework Timing Report.pdf,Format Monthly Sheets 06.26,Format Monthly Sheets,1,15,Monthly dashboard fast canvas - grid resized to 340 rows x 5 cols: CP Due 06.,Monthly dashboard fast canvas - grid resized to 340 rows x 5 cols: CP Due,0.765,34.067,OK,112.427,0.844,106.731
Format Monthly Sheets,v1.8.9.3 - Framework Timing Report.pdf,Format Monthly Sheets 06.26,Format Monthly Sheets,1,16,Monthly dashboard fast canvas - template column widths applied: CP Due 06.,Monthly dashboard fast canvas - template column widths applied: CP Due,0.585,34.652,OK,112.427,0.860,106.731
Format Monthly Sheets,v1.8.9.3 - Framework Timing Report.pdf,Format Monthly Sheets 06.26,Format Monthly Sheets,1,17,Monthly dashboard fast canvas - raw values written | Rows: 336: CP Due 06.,Monthly dashboard fast canvas - raw values written | Rows: 336: CP Due,0.008,34.660,OK,112.427,0.017,106.731
Format Monthly Sheets,v1.8.9.3 - Framework Timing Report.pdf,Format Monthly Sheets 06.26,Format Monthly Sheets,1,18,Monthly dashboard fast canvas - title rows copied from template: CP Due 06.,Monthly dashboard fast canvas - title rows copied from template: CP Due,0.003,34.663,OK,112.427,0.008,106.731
Format Monthly Sheets,v1.8.9.3 - Framework Timing Report.pdf,Format Monthly Sheets 06.26,Format Monthly Sheets,1,19,Monthly dashboard fast canvas - header row copied from template: CP Due 06.,Monthly dashboard fast canvas - header row copied from template: CP Due,0.004,34.667,OK,112.427,0.006,106.731
Format Monthly Sheets,v1.8.9.3 - Framework Timing Report.pdf,Format Monthly Sheets 06.26,Format Monthly Sheets,1,20,Monthly dashboard fast canvas - data-row format copied from template | Rows: 336: CP Due 06.,Monthly dashboard fast canvas - data-row format copied from template | Rows: 336: CP Due,0.003,34.670,OK,112.427,0.006,106.731
Format Monthly Sheets,v1.8.9.3 - Framework Timing Report.pdf,Format Monthly Sheets 06.26,Format Monthly Sheets,1,21,Monthly dashboard fast canvas - title/date/header values stamped: CP Due 06.,Monthly dashboard fast canvas - title/date/header values stamped: CP Due,0.009,34.679,OK,112.427,0.018,106.731
Format Monthly Sheets,v1.8.9.3 - Framework Timing Report.pdf,Format Monthly Sheets 06.26,Format Monthly Sheets,1,22,Monthly dashboard fast canvas - frozen rows/columns and tab color applied: CP Due 06.,Monthly dashboard fast canvas - frozen rows/columns and tab color applied: CP Due,0.849,35.528,OK,112.427,2.161,106.731
Format Monthly Sheets,v1.8.9.3 - Framework Timing Report.pdf,Format Monthly Sheets 06.26,Format Monthly Sheets,1,23,Monthly dashboard fast canvas - filter created: CP Due 06.,Monthly dashboard fast canvas - filter created: CP Due,2.050,37.578,OK,112.427,0.915,106.731
Format Monthly Sheets,v1.8.9.3 - Framework Timing Report.pdf,Format Monthly Sheets 06.26,Format Monthly Sheets,1,24,Monthly dashboard fast canvas - template-driven canvas wrap applied: CP Due 06.,Monthly dashboard fast canvas - template-driven canvas wrap applied: CP Due,0.505,38.083,OK,112.427,0.481,106.731
Format Monthly Sheets,v1.8.9.3 - Framework Timing Report.pdf,Format Monthly Sheets 06.26,Format Monthly Sheets,1,25,Monthly dashboard fast canvas - runtime caches cleared: CP Due 06.,Monthly dashboard fast canvas - runtime caches cleared: CP Due,0.002,38.085,OK,112.427,0.004,106.731
Format Monthly Sheets,v1.8.9.3 - Framework Timing Report.pdf,Format Monthly Sheets 06.26,Format Monthly Sheets,1,26,Created monthly dashboard fast canvas: CP Due,Created monthly dashboard fast canvas: CP Due,0.000,38.085,OK,112.427,0.000,106.731
Format Monthly Sheets,v1.8.9.3 - Framework Timing Report.pdf,Format Monthly Sheets 06.26,Format Monthly Sheets,1,27,Locked monthly dashboard row heights: CP Due 06.,Locked monthly dashboard row heights: CP Due,0.621,38.706,OK,112.427,0.696,106.731
Format Monthly Sheets,v1.8.9.3 - Framework Timing Report.pdf,Format Monthly Sheets 06.26,Format Monthly Sheets,1,28,Raw archive detail - archive workbook opened: Source - CP Due 06.,Raw archive detail - archive workbook opened: Source - CP Due,0.106,38.812,OK,112.427,0.180,106.731
Format Monthly Sheets,v1.8.9.3 - Framework Timing Report.pdf,Format Monthly Sheets 06.26,Format Monthly Sheets,1,29,Raw archive detail - existing archive sheet deleted if present: Source - CP Due 06.,Raw archive detail - existing archive sheet deleted if present: Source - CP Due,0.002,38.814,OK,112.427,0.098,106.731
Format Monthly Sheets,v1.8.9.3 - Framework Timing Report.pdf,Format Monthly Sheets 06.26,Format Monthly Sheets,1,30,Raw archive detail - source sheet copied to archive workbook: Source - CP Due 06.,Raw archive detail - source sheet copied to archive workbook: Source - CP Due,1.117,39.931,OK,112.427,1.282,106.731
Format Monthly Sheets,v1.8.9.3 - Framework Timing Report.pdf,Format Monthly Sheets 06.26,Format Monthly Sheets,1,31,Raw archive detail - archive sheet renamed: Source - CP Due 06.,Raw archive detail - archive sheet renamed: Source - CP Due,0.135,40.066,OK,112.427,0.163,106.731
Format Monthly Sheets,v1.8.9.3 - Framework Timing Report.pdf,Format Monthly Sheets 06.26,Format Monthly Sheets,1,32,Raw archive detail - archive sheet visibility enforced visible: Source - CP Due 06.,Raw archive detail - archive sheet visibility enforced visible: Source - CP Due,0.088,40.154,OK,112.427,0.084,106.731
Format Monthly Sheets,v1.8.9.3 - Framework Timing Report.pdf,Format Monthly Sheets 06.26,Format Monthly Sheets,1,33,Raw data copied to archive: Source - CP Due,Raw data copied to archive: Source - CP Due,0.000,40.154,OK,112.427,0.000,106.731
Format Monthly Sheets,v1.8.9.3 - Framework Timing Report.pdf,Format Monthly Sheets 06.26,Format Monthly Sheets,1,34,Local raw sheet deleted to preserve workbook speed,Local raw sheet deleted to preserve workbook speed,1.529,41.683,OK,112.427,0.752,106.731
Format Monthly Sheets,v1.8.9.3 - Framework Timing Report.pdf,Format Monthly Sheets 06.26,Format Monthly Sheets,1,35,Hide governed output sheet: CP Due 06.,Hide governed output sheet: CP Due,1.333,43.016,OK,112.427,0.703,106.731
Format Monthly Sheets,v1.8.9.3 - Framework Timing Report.pdf,Format Monthly Sheets 06.26,Format Monthly Sheets,1,36,Formatted monthly import tab: CD from CD June,Formatted monthly import tab: CD from CD,0.554,43.570,OK,112.427,0.162,106.731
Format Monthly Sheets,v1.8.9.3 - Framework Timing Report.pdf,Format Monthly Sheets 06.26,Format Monthly Sheets,1,37,Prepared monthly dashboard source: UC June,Prepared monthly dashboard source: UC,0.636,44.206,OK,112.427,0.774,106.731
Format Monthly Sheets,v1.8.9.3 - Framework Timing Report.pdf,Format Monthly Sheets 06.26,Format Monthly Sheets,1,38,Mapped monthly dashboard rows in memory:,Mapped monthly dashboard rows in memory,0.636,44.842,OK,112.427,0.762,106.731
Format Monthly Sheets,v1.8.9.3 - Framework Timing Report.pdf,Format Monthly Sheets 06.26,Format Monthly Sheets,1,39,Monthly dashboard fast canvas - blank sheet inserted in configured creation order: Unlock CP 06.,Monthly dashboard fast canvas - blank sheet inserted in configured creation order: Unlock CP,14.729,59.571,SLOW,112.427,11.441,106.731
Format Monthly Sheets,v1.8.9.3 - Framework Timing Report.pdf,Format Monthly Sheets 06.26,Format Monthly Sheets,1,40,Monthly dashboard fast canvas - grid resized to 353 rows x 4 cols: Unlock CP 06.,Monthly dashboard fast canvas - grid resized to 353 rows x 4 cols: Unlock CP,1.210,60.781,OK,112.427,1.478,106.731
Format Monthly Sheets,v1.8.9.3 - Framework Timing Report.pdf,Format Monthly Sheets 06.26,Format Monthly Sheets,1,41,Monthly dashboard fast canvas - template column widths applied: Unlock CP 06.,Monthly dashboard fast canvas - template column widths applied: Unlock CP,0.483,61.264,OK,112.427,0.559,106.731
Format Monthly Sheets,v1.8.9.3 - Framework Timing Report.pdf,Format Monthly Sheets 06.26,Format Monthly Sheets,1,42,Monthly dashboard fast canvas - raw values written | Rows: 349: Unlock CP 06.,Monthly dashboard fast canvas - raw values written | Rows: 349: Unlock CP,0.008,61.272,OK,112.427,0.042,106.731
Format Monthly Sheets,v1.8.9.3 - Framework Timing Report.pdf,Format Monthly Sheets 06.26,Format Monthly Sheets,1,43,Monthly dashboard fast canvas - title rows copied from template: Unlock CP 06.,Monthly dashboard fast canvas - title rows copied from template: Unlock CP,0.005,61.277,OK,112.427,0.015,106.731
Format Monthly Sheets,v1.8.9.3 - Framework Timing Report.pdf,Format Monthly Sheets 06.26,Format Monthly Sheets,1,44,Monthly dashboard fast canvas - header row copied from template: Unlock CP 06.,Monthly dashboard fast canvas - header row copied from template: Unlock CP,0.003,61.280,OK,112.427,0.014,106.731
Format Monthly Sheets,v1.8.9.3 - Framework Timing Report.pdf,Format Monthly Sheets 06.26,Format Monthly Sheets,1,45,Monthly dashboard fast canvas - data-row format copied from template | Rows: 349: Unlock CP 06.,Monthly dashboard fast canvas - data-row format copied from template | Rows: 349: Unlock CP,0.004,61.284,OK,112.427,0.021,106.731
Format Monthly Sheets,v1.8.9.3 - Framework Timing Report.pdf,Format Monthly Sheets 06.26,Format Monthly Sheets,1,46,Monthly dashboard fast canvas - title/date/header values stamped: Unlock CP 06.,Monthly dashboard fast canvas - title/date/header values stamped: Unlock CP,0.013,61.297,OK,112.427,0.039,106.731
Format Monthly Sheets,v1.8.9.3 - Framework Timing Report.pdf,Format Monthly Sheets 06.26,Format Monthly Sheets,1,47,Monthly dashboard fast canvas - frozen rows/columns and tab color applied: Unlock CP 06.,Monthly dashboard fast canvas - frozen rows/columns and tab color applied: Unlock CP,1.105,62.402,OK,112.427,1.001,106.731
Format Monthly Sheets,v1.8.9.3 - Framework Timing Report.pdf,Format Monthly Sheets 06.26,Format Monthly Sheets,1,48,Monthly dashboard fast canvas - filter created: Unlock CP 06.,Monthly dashboard fast canvas - filter created: Unlock CP,0.877,63.279,OK,112.427,0.845,106.731
Format Monthly Sheets,v1.8.9.3 - Framework Timing Report.pdf,Format Monthly Sheets 06.26,Format Monthly Sheets,1,49,Monthly dashboard fast canvas - template-driven canvas wrap applied: Unlock CP 06.,Monthly dashboard fast canvas - template-driven canvas wrap applied: Unlock CP,0.447,63.726,OK,112.427,0.465,106.731
Format Monthly Sheets,v1.8.9.3 - Framework Timing Report.pdf,Format Monthly Sheets 06.26,Format Monthly Sheets,1,50,Monthly dashboard fast canvas - runtime caches cleared: Unlock CP 06.,Monthly dashboard fast canvas - runtime caches cleared: Unlock CP,0.003,63.729,OK,112.427,0.010,106.731
Format Monthly Sheets,v1.8.9.3 - Framework Timing Report.pdf,Format Monthly Sheets 06.26,Format Monthly Sheets,1,51,Created monthly dashboard fast canvas: Unlock CP,Created monthly dashboard fast canvas: Unlock CP,0.000,63.729,OK,112.427,0.000,106.731
Format Monthly Sheets,v1.8.9.3 - Framework Timing Report.pdf,Format Monthly Sheets 06.26,Format Monthly Sheets,1,52,Locked monthly dashboard row heights: Unlock CP 06.,Locked monthly dashboard row heights: Unlock CP,0.630,64.359,OK,112.427,0.941,106.731
Format Monthly Sheets,v1.8.9.3 - Framework Timing Report.pdf,Format Monthly Sheets 06.26,Format Monthly Sheets,1,53,Raw archive detail - archive workbook opened: Source - Unlocked CP 06.,Raw archive detail - archive workbook opened: Source - Unlocked CP,0.234,64.593,OK,112.427,0.172,106.731
Format Monthly Sheets,v1.8.9.3 - Framework Timing Report.pdf,Format Monthly Sheets 06.26,Format Monthly Sheets,1,54,Raw archive detail - existing archive sheet deleted if present: Source - Unlocked CP 06.,Raw archive detail - existing archive sheet deleted if present: Source - Unlocked CP,0.001,64.594,OK,112.427,0.097,106.731
Format Monthly Sheets,v1.8.9.3 - Framework Timing Report.pdf,Format Monthly Sheets 06.26,Format Monthly Sheets,1,55,Raw archive detail - source sheet copied to archive workbook: Source - Unlocked CP 06.,Raw archive detail - source sheet copied to archive workbook: Source - Unlocked CP,0.981,65.575,OK,112.427,1.249,106.731
Format Monthly Sheets,v1.8.9.3 - Framework Timing Report.pdf,Format Monthly Sheets 06.26,Format Monthly Sheets,1,56,Raw archive detail - archive sheet renamed: Source - Unlocked CP 06.,Raw archive detail - archive sheet renamed: Source - Unlocked CP,0.123,65.698,OK,112.427,0.217,106.731
Format Monthly Sheets,v1.8.9.3 - Framework Timing Report.pdf,Format Monthly Sheets 06.26,Format Monthly Sheets,1,57,Raw archive detail - archive sheet visibility enforced visible: Source - Unlocked CP 06.,Raw archive detail - archive sheet visibility enforced visible: Source - Unlocked CP,0.084,65.782,OK,112.427,0.099,106.731
Format Monthly Sheets,v1.8.9.3 - Framework Timing Report.pdf,Format Monthly Sheets 06.26,Format Monthly Sheets,1,58,Raw data copied to archive: Source - Unlocked CP,Raw data copied to archive: Source - Unlocked CP,0.000,65.782,OK,112.427,0.000,106.731
Format Monthly Sheets,v1.8.9.3 - Framework Timing Report.pdf,Format Monthly Sheets 06.26,Format Monthly Sheets,1,59,Local raw sheet deleted to preserve workbook speed,Local raw sheet deleted to preserve workbook speed,0.538,66.320,OK,112.427,0.752,106.731
Format Monthly Sheets,v1.8.9.3 - Framework Timing Report.pdf,Format Monthly Sheets 06.26,Format Monthly Sheets,1,60,Hide governed output sheet: Unlock CP 06.,Hide governed output sheet: Unlock CP,0.577,66.897,OK,112.427,1.091,106.731
Format Monthly Sheets,v1.8.9.3 - Framework Timing Report.pdf,Format Monthly Sheets 06.26,Format Monthly Sheets,1,61,Formatted monthly import tab: UC from UC June,Formatted monthly import tab: UC from UC,0.176,67.073,OK,112.427,0.145,106.731
Format Monthly Sheets,v1.8.9.3 - Framework Timing Report.pdf,Format Monthly Sheets 06.26,Format Monthly Sheets,1,62,Read Raw Data source in place without editing imported values | Rows:,Read Raw Data source in place without editing imported values | Rows,4.444,71.517,OK,112.427,5.920,106.731
Format Monthly Sheets,v1.8.9.3 - Framework Timing Report.pdf,Format Monthly Sheets 06.26,Format Monthly Sheets,1,63,Rename Raw Data import sheet in place and place in configured creation order: RD June -> Raw Data 06.,Rename Raw Data import sheet in place and place in configured creation order: RD -> Raw Data,8.885,80.402,OK,112.427,7.021,106.731
Format Monthly Sheets,v1.8.9.3 - Framework Timing Report.pdf,Format Monthly Sheets 06.26,Format Monthly Sheets,1,64,Wave 4 Raw Data header row detection complete | Header row:,Wave 4 Raw Data header row detection complete | Header row,0.609,81.011,OK,112.427,0.730,106.731
Format Monthly Sheets,v1.8.9.3 - Framework Timing Report.pdf,Format Monthly Sheets 06.26,Format Monthly Sheets,1,65,Wave 4 Raw Data title-row insert complete | Rows inserted:,Wave 4 Raw Data title-row insert complete | Rows inserted,0.155,81.166,OK,112.427,0.998,106.731
Format Monthly Sheets,v1.8.9.3 - Framework Timing Report.pdf,Format Monthly Sheets 06.26,Format Monthly Sheets,1,66,Wave 4 Raw Data approved-column append complete | Columns added:,Wave 4 Raw Data approved-column append complete | Columns added,0.890,82.056,OK,112.427,1.084,106.731
Format Monthly Sheets,v1.8.9.3 - Framework Timing Report.pdf,Format Monthly Sheets 06.26,Format Monthly Sheets,1,67,Wave 4 Raw Data title/header formatting start | Width:,Wave 4 Raw Data title/header formatting start | Width,0.551,82.607,OK,112.427,0.545,106.731
Format Monthly Sheets,v1.8.9.3 - Framework Timing Report.pdf,Format Monthly Sheets 06.26,Format Monthly Sheets,1,68,Wave 4 Raw Data title/header formatting complete,Wave 4 Raw Data title/header formatting complete,0.098,82.705,OK,112.427,0.271,106.731
Format Monthly Sheets,v1.8.9.3 - Framework Timing Report.pdf,Format Monthly Sheets 06.26,Format Monthly Sheets,1,69,Wave 4 Raw Data frozen rows set,Wave 4 Raw Data frozen rows set,0.536,83.241,OK,112.427,0.635,106.731
Format Monthly Sheets,v1.8.9.3 - Framework Timing Report.pdf,Format Monthly Sheets 06.26,Format Monthly Sheets,1,70,Wave 4 Raw Data filter removal skipped - no existing filter,Wave 4 Raw Data filter removal skipped - no existing filter,0.257,83.498,OK,112.427,0.292,106.731
Format Monthly Sheets,v1.8.9.3 - Framework Timing Report.pdf,Format Monthly Sheets 06.26,Format Monthly Sheets,1,71,Wave 4 Raw Data filter creation complete | Rows: 5984; Columns:,Wave 4 Raw Data filter creation complete | Rows: 5984; Columns,0.687,84.185,OK,112.427,0.701,106.731
Format Monthly Sheets,v1.8.9.3 - Framework Timing Report.pdf,Format Monthly Sheets 06.26,Format Monthly Sheets,1,72,"Wave 4 Raw Data in-place title/header/column work complete | Added columns: Notes, Safety - 2 Person, Wanderer, Interpreter Needed, Fall Risk, DPOA or Guardian Active, Palliative Care, Primary PMR Row","Wave 4 Raw Data in-place title/header/column work complete | Added columns: Notes, Safety - 2 Person, Wanderer, Interpreter Needed, Fall Risk, DPOA or Guardian Active, Palliative Care, Primary PMR Row",0.002,84.187,OK,112.427,0.004,106.731
Format Monthly Sheets,v1.8.9.3 - Framework Timing Report.pdf,Format Monthly Sheets 06.26,Format Monthly Sheets,1,73,Wave 4 Raw Data approved-sync columns start,Wave 4 Raw Data approved-sync columns start,0.000,84.187,OK,112.427,0.000,106.731
Format Monthly Sheets,v1.8.9.3 - Framework Timing Report.pdf,Format Monthly Sheets 06.26,Format Monthly Sheets,1,74,Wave 4 Raw Data approved-sync bulk read complete | Rows:,Wave 4 Raw Data approved-sync bulk read complete | Rows,2.877,87.064,OK,112.427,4.008,106.731
Format Monthly Sheets,v1.8.9.3 - Framework Timing Report.pdf,Format Monthly Sheets 06.26,Format Monthly Sheets,1,75,Wave 4 Raw Data approved-sync guarded write complete | Changed column groups:,Wave 4 Raw Data approved-sync guarded write complete | Changed column groups,0.030,87.094,OK,112.427,0.077,106.731
Format Monthly Sheets,v1.8.9.3 - Framework Timing Report.pdf,Format Monthly Sheets 06.26,Format Monthly Sheets,1,76,Wave 4 Raw Data approved-sync columns complete | Changed column groups:,Wave 4 Raw Data approved-sync columns complete | Changed column groups,0.004,87.098,OK,112.427,0.006,106.731
Format Monthly Sheets,v1.8.9.3 - Framework Timing Report.pdf,Format Monthly Sheets 06.26,Format Monthly Sheets,1,77,Wave 4 Raw Data banner-column sync start,Wave 4 Raw Data banner-column sync start,0.000,87.098,OK,112.427,0.000,106.731
Format Monthly Sheets,v1.8.9.3 - Framework Timing Report.pdf,Format Monthly Sheets 06.26,Format Monthly Sheets,1,78,Wave 4 Raw Data banner-sync bulk read complete | Rows:,Wave 4 Raw Data banner-sync bulk read complete | Rows,3.009,90.107,OK,112.427,4.399,106.731
Format Monthly Sheets,v1.8.9.3 - Framework Timing Report.pdf,Format Monthly Sheets 06.26,Format Monthly Sheets,1,79,Wave 4 Raw Data banner-sync source map built | Keys:,Wave 4 Raw Data banner-sync source map built | Keys,0.508,90.615,OK,112.427,0.740,106.731
Format Monthly Sheets,v1.8.9.3 - Framework Timing Report.pdf,Format Monthly Sheets 06.26,Format Monthly Sheets,1,80,Wave 4 Raw Data banner-sync guarded write complete | Changed column groups:,Wave 4 Raw Data banner-sync guarded write complete | Changed column groups,0.923,91.538,OK,112.427,1.222,106.731
Format Monthly Sheets,v1.8.9.3 - Framework Timing Report.pdf,Format Monthly Sheets 06.26,Format Monthly Sheets,1,81,Wave 4 Raw Data banner-column sync complete | Rows updated:,Wave 4 Raw Data banner-column sync complete | Rows updated,0.005,91.543,OK,112.427,0.010,106.731
Format Monthly Sheets,v1.8.9.3 - Framework Timing Report.pdf,Format Monthly Sheets 06.26,Format Monthly Sheets,1,82,Wave 4 Raw Data row-height lock start,Wave 4 Raw Data row-height lock start,0.000,91.543,OK,112.427,0.000,106.731
Format Monthly Sheets,v1.8.9.3 - Framework Timing Report.pdf,Format Monthly Sheets 06.26,Format Monthly Sheets,1,83,Wave 4 Raw Data row-height lock complete,Wave 4 Raw Data row-height lock complete,0.836,92.379,OK,112.427,0.992,106.731
Format Monthly Sheets,v1.8.9.3 - Framework Timing Report.pdf,Format Monthly Sheets 06.26,Format Monthly Sheets,1,84,Wave 4 Raw Data visibility policy start,Wave 4 Raw Data visibility policy start,0.000,92.379,OK,112.427,0.000,106.731
Format Monthly Sheets,v1.8.9.3 - Framework Timing Report.pdf,Format Monthly Sheets 06.26,Format Monthly Sheets,1,85,Hide governed output sheet: Raw Data 06.,Hide governed output sheet: Raw Data,0.261,92.640,OK,112.427,0.288,106.731
Format Monthly Sheets,v1.8.9.3 - Framework Timing Report.pdf,Format Monthly Sheets 06.26,Format Monthly Sheets,1,86,Wave 4 Raw Data visibility policy complete,Wave 4 Raw Data visibility policy complete,0.000,92.640,OK,112.427,0.000,106.731
Format Monthly Sheets,v1.8.9.3 - Framework Timing Report.pdf,Format Monthly Sheets 06.26,Format Monthly Sheets,1,87,Raw Data final visibility policy enforced after Index refresh,Raw Data final visibility policy enforced after Index refresh,19.716,112.356,SLOW,112.427,25.414,106.731
Format Monthly Sheets,v1.8.9.3 - Framework Timing Report.pdf,Format Monthly Sheets 06.26,Format Monthly Sheets,1,88,Formatted monthly Raw Data in place without deleting imported columns: Raw Data 06.,Formatted monthly Raw Data in place without deleting imported columns: Raw Data,0.001,112.357,OK,112.427,1.100,106.731
Format Monthly Sheets,v1.8.9.3 - Framework Timing Report.pdf,Format Monthly Sheets 06.26,Format Monthly Sheets,1,89,Formatted monthly import tab: RD from RD June,Formatted monthly import tab: RD from RD,0.001,112.358,OK,112.427,0.002,106.731
Format Monthly Sheets,v1.8.9.3 - Framework Timing Report.pdf,Format Monthly Sheets 06.26,Format Monthly Sheets,1,90,Complete,Complete,0.069,112.427,OK,112.427,0.105,106.731
Format Monthly Sheets,v1.8.9.3 - Wave 4 - Framework Timing Report.pdf,Format Monthly Sheets 04.26,Format Monthly Sheets,1,1,Start,Start,0.411,0.411,OK,242.432,0.331,106.731
Format Monthly Sheets,v1.8.9.3 - Wave 4 - Framework Timing Report.pdf,Format Monthly Sheets 04.26,Format Monthly Sheets,1,2,Banner output sheet shown: Banners 04.,Banner output sheet shown: Banners,46.932,47.343,BOTTLENECK,242.432,12.426,106.731
Format Monthly Sheets,v1.8.9.3 - Wave 4 - Framework Timing Report.pdf,Format Monthly Sheets 04.26,Format Monthly Sheets,1,3,Raw archive detail - archive workbook opened: Source - Banners 04.,Raw archive detail - archive workbook opened: Source - Banners,6.064,53.407,OK,242.432,2.285,106.731
Format Monthly Sheets,v1.8.9.3 - Wave 4 - Framework Timing Report.pdf,Format Monthly Sheets 04.26,Format Monthly Sheets,1,4,Raw archive detail - existing archive sheet deleted if present: Source - Banners 04.,Raw archive detail - existing archive sheet deleted if present: Source - Banners,0.002,53.409,OK,242.432,0.160,106.731
Format Monthly Sheets,v1.8.9.3 - Wave 4 - Framework Timing Report.pdf,Format Monthly Sheets 04.26,Format Monthly Sheets,1,5,Raw archive detail - source sheet copied to archive workbook: Source - Banners 04.,Raw archive detail - source sheet copied to archive workbook: Source - Banners,2.789,56.198,OK,242.432,1.544,106.731
Format Monthly Sheets,v1.8.9.3 - Wave 4 - Framework Timing Report.pdf,Format Monthly Sheets 04.26,Format Monthly Sheets,1,6,Raw archive detail - archive sheet renamed: Source - Banners 04.,Raw archive detail - archive sheet renamed: Source - Banners,0.287,56.485,OK,242.432,1.097,106.731
Format Monthly Sheets,v1.8.9.3 - Wave 4 - Framework Timing Report.pdf,Format Monthly Sheets 04.26,Format Monthly Sheets,1,7,Raw archive detail - archive sheet visibility enforced visible: Source - Banners 04.,Raw archive detail - archive sheet visibility enforced visible: Source - Banners,0.132,56.617,OK,242.432,0.095,106.731
Format Monthly Sheets,v1.8.9.3 - Wave 4 - Framework Timing Report.pdf,Format Monthly Sheets 04.26,Format Monthly Sheets,1,8,Raw data copied to archive: Source - Banners,Raw data copied to archive: Source - Banners,0.000,56.617,OK,242.432,0.000,106.731
Format Monthly Sheets,v1.8.9.3 - Wave 4 - Framework Timing Report.pdf,Format Monthly Sheets 04.26,Format Monthly Sheets,1,9,Local raw sheet deleted to preserve workbook speed,Local raw sheet deleted to preserve workbook speed,1.255,57.872,OK,242.432,0.752,106.731
Format Monthly Sheets,v1.8.9.3 - Wave 4 - Framework Timing Report.pdf,Format Monthly Sheets 04.26,Format Monthly Sheets,1,10,Hide governed output sheet: Banners 04.,Hide governed output sheet: Banners,2.886,60.758,OK,242.432,0.758,106.731
Format Monthly Sheets,v1.8.9.3 - Wave 4 - Framework Timing Report.pdf,Format Monthly Sheets 04.26,Format Monthly Sheets,1,11,Formatted monthly import tab: B from B April,Formatted monthly import tab: B from B,0.315,61.073,OK,242.432,0.168,106.731
Format Monthly Sheets,v1.8.9.3 - Wave 4 - Framework Timing Report.pdf,Format Monthly Sheets 04.26,Format Monthly Sheets,1,12,Prepared monthly dashboard source: CD April,Prepared monthly dashboard source: CD,2.319,63.392,OK,242.432,1.110,106.731
Format Monthly Sheets,v1.8.9.3 - Wave 4 - Framework Timing Report.pdf,Format Monthly Sheets 04.26,Format Monthly Sheets,1,13,Mapped monthly dashboard rows in memory:,Mapped monthly dashboard rows in memory,1.877,65.269,OK,242.432,0.762,106.731
Format Monthly Sheets,v1.8.9.3 - Wave 4 - Framework Timing Report.pdf,Format Monthly Sheets 04.26,Format Monthly Sheets,1,14,Monthly dashboard fast canvas - blank sheet inserted in configured creation order: CP Due 04.,Monthly dashboard fast canvas - blank sheet inserted in configured creation order: CP Due,19.408,84.677,SLOW,242.432,12.014,106.731
Format Monthly Sheets,v1.8.9.3 - Wave 4 - Framework Timing Report.pdf,Format Monthly Sheets 04.26,Format Monthly Sheets,1,15,Monthly dashboard fast canvas - grid resized to 343 rows x 5 cols: CP Due 04.,Monthly dashboard fast canvas - grid resized to 343 rows x 5 cols: CP Due,1.840,86.517,OK,242.432,1.299,106.731
Format Monthly Sheets,v1.8.9.3 - Wave 4 - Framework Timing Report.pdf,Format Monthly Sheets 04.26,Format Monthly Sheets,1,16,Monthly dashboard fast canvas - template column widths applied: CP Due 04.,Monthly dashboard fast canvas - template column widths applied: CP Due,1.871,88.388,OK,242.432,0.860,106.731
Format Monthly Sheets,v1.8.9.3 - Wave 4 - Framework Timing Report.pdf,Format Monthly Sheets 04.26,Format Monthly Sheets,1,17,Monthly dashboard fast canvas - raw values written | Rows: 339: CP Due 04.,Monthly dashboard fast canvas - raw values written | Rows: 339: CP Due,0.026,88.414,OK,242.432,0.021,106.731
Format Monthly Sheets,v1.8.9.3 - Wave 4 - Framework Timing Report.pdf,Format Monthly Sheets 04.26,Format Monthly Sheets,1,18,Monthly dashboard fast canvas - title rows copied from template: CP Due 04.,Monthly dashboard fast canvas - title rows copied from template: CP Due,0.007,88.421,OK,242.432,0.008,106.731
Format Monthly Sheets,v1.8.9.3 - Wave 4 - Framework Timing Report.pdf,Format Monthly Sheets 04.26,Format Monthly Sheets,1,19,Monthly dashboard fast canvas - header row copied from template: CP Due 04.,Monthly dashboard fast canvas - header row copied from template: CP Due,0.006,88.427,OK,242.432,0.006,106.731
Format Monthly Sheets,v1.8.9.3 - Wave 4 - Framework Timing Report.pdf,Format Monthly Sheets 04.26,Format Monthly Sheets,1,20,Monthly dashboard fast canvas - data-row format copied from template | Rows: 339: CP Due 04.,Monthly dashboard fast canvas - data-row format copied from template | Rows: 339: CP Due,0.023,88.450,OK,242.432,0.011,106.731
Format Monthly Sheets,v1.8.9.3 - Wave 4 - Framework Timing Report.pdf,Format Monthly Sheets 04.26,Format Monthly Sheets,1,21,Monthly dashboard fast canvas - title/date/header values stamped: CP Due 04.,Monthly dashboard fast canvas - title/date/header values stamped: CP Due,0.021,88.471,OK,242.432,0.018,106.731
Format Monthly Sheets,v1.8.9.3 - Wave 4 - Framework Timing Report.pdf,Format Monthly Sheets 04.26,Format Monthly Sheets,1,22,Monthly dashboard fast canvas - frozen rows/columns and tab color applied: CP Due 04.,Monthly dashboard fast canvas - frozen rows/columns and tab color applied: CP Due,1.964,90.435,OK,242.432,2.161,106.731
Format Monthly Sheets,v1.8.9.3 - Wave 4 - Framework Timing Report.pdf,Format Monthly Sheets 04.26,Format Monthly Sheets,1,23,Monthly dashboard fast canvas - filter created: CP Due 04.,Monthly dashboard fast canvas - filter created: CP Due,1.847,92.282,OK,242.432,0.915,106.731
Format Monthly Sheets,v1.8.9.3 - Wave 4 - Framework Timing Report.pdf,Format Monthly Sheets 04.26,Format Monthly Sheets,1,24,Monthly dashboard fast canvas - template-driven canvas wrap applied: CP Due 04.,Monthly dashboard fast canvas - template-driven canvas wrap applied: CP Due,0.783,93.065,OK,242.432,0.481,106.731
Format Monthly Sheets,v1.8.9.3 - Wave 4 - Framework Timing Report.pdf,Format Monthly Sheets 04.26,Format Monthly Sheets,1,25,Monthly dashboard fast canvas - runtime caches cleared: CP Due 04.,Monthly dashboard fast canvas - runtime caches cleared: CP Due,0.004,93.069,OK,242.432,0.004,106.731
Format Monthly Sheets,v1.8.9.3 - Wave 4 - Framework Timing Report.pdf,Format Monthly Sheets 04.26,Format Monthly Sheets,1,26,Created monthly dashboard fast canvas: CP Due,Created monthly dashboard fast canvas: CP Due,0.000,93.069,OK,242.432,0.000,106.731
Format Monthly Sheets,v1.8.9.3 - Wave 4 - Framework Timing Report.pdf,Format Monthly Sheets 04.26,Format Monthly Sheets,1,27,Locked monthly dashboard row heights: CP Due 04.,Locked monthly dashboard row heights: CP Due,1.706,94.775,OK,242.432,0.696,106.731
Format Monthly Sheets,v1.8.9.3 - Wave 4 - Framework Timing Report.pdf,Format Monthly Sheets 04.26,Format Monthly Sheets,1,28,Raw archive detail - archive workbook opened: Source - CP Due 04.,Raw archive detail - archive workbook opened: Source - CP Due,0.204,94.979,OK,242.432,0.180,106.731
Format Monthly Sheets,v1.8.9.3 - Wave 4 - Framework Timing Report.pdf,Format Monthly Sheets 04.26,Format Monthly Sheets,1,29,Raw archive detail - existing archive sheet deleted if present: Source - CP Due 04.,Raw archive detail - existing archive sheet deleted if present: Source - CP Due,0.002,94.981,OK,242.432,0.098,106.731
Format Monthly Sheets,v1.8.9.3 - Wave 4 - Framework Timing Report.pdf,Format Monthly Sheets 04.26,Format Monthly Sheets,1,30,Raw archive detail - source sheet copied to archive workbook: Source - CP Due 04.,Raw archive detail - source sheet copied to archive workbook: Source - CP Due,1.902,96.883,OK,242.432,1.282,106.731
Format Monthly Sheets,v1.8.9.3 - Wave 4 - Framework Timing Report.pdf,Format Monthly Sheets 04.26,Format Monthly Sheets,1,31,Raw archive detail - archive sheet renamed: Source - CP Due 04.,Raw archive detail - archive sheet renamed: Source - CP Due,0.144,97.027,OK,242.432,0.163,106.731
Format Monthly Sheets,v1.8.9.3 - Wave 4 - Framework Timing Report.pdf,Format Monthly Sheets 04.26,Format Monthly Sheets,1,32,Raw archive detail - archive sheet visibility enforced visible: Source - CP Due 04.,Raw archive detail - archive sheet visibility enforced visible: Source - CP Due,0.079,97.106,OK,242.432,0.084,106.731
Format Monthly Sheets,v1.8.9.3 - Wave 4 - Framework Timing Report.pdf,Format Monthly Sheets 04.26,Format Monthly Sheets,1,33,Raw data copied to archive: Source - CP Due,Raw data copied to archive: Source - CP Due,0.000,97.106,OK,242.432,0.000,106.731
Format Monthly Sheets,v1.8.9.3 - Wave 4 - Framework Timing Report.pdf,Format Monthly Sheets 04.26,Format Monthly Sheets,1,34,Local raw sheet deleted to preserve workbook speed,Local raw sheet deleted to preserve workbook speed,2.130,99.236,OK,242.432,0.752,106.731
Format Monthly Sheets,v1.8.9.3 - Wave 4 - Framework Timing Report.pdf,Format Monthly Sheets 04.26,Format Monthly Sheets,1,35,Hide governed output sheet: CP Due 04.,Hide governed output sheet: CP Due,1.435,100.671,OK,242.432,0.703,106.731
Format Monthly Sheets,v1.8.9.3 - Wave 4 - Framework Timing Report.pdf,Format Monthly Sheets 04.26,Format Monthly Sheets,1,36,Formatted monthly import tab: CD from CD April,Formatted monthly import tab: CD from CD,0.355,101.026,OK,242.432,0.162,106.731
Format Monthly Sheets,v1.8.9.3 - Wave 4 - Framework Timing Report.pdf,Format Monthly Sheets 04.26,Format Monthly Sheets,1,37,Prepared monthly dashboard source: UC April,Prepared monthly dashboard source: UC,3.250,104.276,OK,242.432,0.774,106.731
Format Monthly Sheets,v1.8.9.3 - Wave 4 - Framework Timing Report.pdf,Format Monthly Sheets 04.26,Format Monthly Sheets,1,38,Mapped monthly dashboard rows in memory:,Mapped monthly dashboard rows in memory,1.559,105.835,OK,242.432,0.762,106.731
Format Monthly Sheets,v1.8.9.3 - Wave 4 - Framework Timing Report.pdf,Format Monthly Sheets 04.26,Format Monthly Sheets,1,39,Monthly dashboard fast canvas - blank sheet inserted in configured creation order: Unlock CP 04.,Monthly dashboard fast canvas - blank sheet inserted in configured creation order: Unlock CP,14.110,119.945,SLOW,242.432,11.441,106.731
Format Monthly Sheets,v1.8.9.3 - Wave 4 - Framework Timing Report.pdf,Format Monthly Sheets 04.26,Format Monthly Sheets,1,40,Monthly dashboard fast canvas - grid resized to 358 rows x 4 cols: Unlock CP 04.,Monthly dashboard fast canvas - grid resized to 358 rows x 4 cols: Unlock CP,1.771,121.716,OK,242.432,0.753,106.731
Format Monthly Sheets,v1.8.9.3 - Wave 4 - Framework Timing Report.pdf,Format Monthly Sheets 04.26,Format Monthly Sheets,1,41,Monthly dashboard fast canvas - template column widths applied: Unlock CP 04.,Monthly dashboard fast canvas - template column widths applied: Unlock CP,1.006,122.722,OK,242.432,0.559,106.731
Format Monthly Sheets,v1.8.9.3 - Wave 4 - Framework Timing Report.pdf,Format Monthly Sheets 04.26,Format Monthly Sheets,1,42,Monthly dashboard fast canvas - raw values written | Rows: 354: Unlock CP 04.,Monthly dashboard fast canvas - raw values written | Rows: 354: Unlock CP,0.023,122.745,OK,242.432,0.019,106.731
Format Monthly Sheets,v1.8.9.3 - Wave 4 - Framework Timing Report.pdf,Format Monthly Sheets 04.26,Format Monthly Sheets,1,43,Monthly dashboard fast canvas - title rows copied from template: Unlock CP 04.,Monthly dashboard fast canvas - title rows copied from template: Unlock CP,0.008,122.753,OK,242.432,0.015,106.731
Format Monthly Sheets,v1.8.9.3 - Wave 4 - Framework Timing Report.pdf,Format Monthly Sheets 04.26,Format Monthly Sheets,1,44,Monthly dashboard fast canvas - header row copied from template: Unlock CP 04.,Monthly dashboard fast canvas - header row copied from template: Unlock CP,0.007,122.760,OK,242.432,0.014,106.731
Format Monthly Sheets,v1.8.9.3 - Wave 4 - Framework Timing Report.pdf,Format Monthly Sheets 04.26,Format Monthly Sheets,1,45,Monthly dashboard fast canvas - data-row format copied from template | Rows: 354: Unlock CP 04.,Monthly dashboard fast canvas - data-row format copied from template | Rows: 354: Unlock CP,0.008,122.768,OK,242.432,0.012,106.731
Format Monthly Sheets,v1.8.9.3 - Wave 4 - Framework Timing Report.pdf,Format Monthly Sheets 04.26,Format Monthly Sheets,1,46,Monthly dashboard fast canvas - title/date/header values stamped: Unlock CP 04.,Monthly dashboard fast canvas - title/date/header values stamped: Unlock CP,0.024,122.792,OK,242.432,0.039,106.731
Format Monthly Sheets,v1.8.9.3 - Wave 4 - Framework Timing Report.pdf,Format Monthly Sheets 04.26,Format Monthly Sheets,1,47,Monthly dashboard fast canvas - frozen rows/columns and tab color applied: Unlock CP 04.,Monthly dashboard fast canvas - frozen rows/columns and tab color applied: Unlock CP,1.113,123.905,OK,242.432,1.001,106.731
Format Monthly Sheets,v1.8.9.3 - Wave 4 - Framework Timing Report.pdf,Format Monthly Sheets 04.26,Format Monthly Sheets,1,48,Monthly dashboard fast canvas - filter created: Unlock CP 04.,Monthly dashboard fast canvas - filter created: Unlock CP,0.730,124.635,OK,242.432,0.845,106.731
Format Monthly Sheets,v1.8.9.3 - Wave 4 - Framework Timing Report.pdf,Format Monthly Sheets 04.26,Format Monthly Sheets,1,49,Monthly dashboard fast canvas - template-driven canvas wrap applied: Unlock CP 04.,Monthly dashboard fast canvas - template-driven canvas wrap applied: Unlock CP,0.326,124.961,OK,242.432,0.465,106.731
Format Monthly Sheets,v1.8.9.3 - Wave 4 - Framework Timing Report.pdf,Format Monthly Sheets 04.26,Format Monthly Sheets,1,50,Monthly dashboard fast canvas - runtime caches cleared: Unlock CP 04.,Monthly dashboard fast canvas - runtime caches cleared: Unlock CP,0.002,124.963,OK,242.432,0.010,106.731
Format Monthly Sheets,v1.8.9.3 - Wave 4 - Framework Timing Report.pdf,Format Monthly Sheets 04.26,Format Monthly Sheets,1,51,Created monthly dashboard fast canvas: Unlock CP,Created monthly dashboard fast canvas: Unlock CP,0.000,124.963,OK,242.432,0.000,106.731
Format Monthly Sheets,v1.8.9.3 - Wave 4 - Framework Timing Report.pdf,Format Monthly Sheets 04.26,Format Monthly Sheets,1,52,Locked monthly dashboard row heights: Unlock CP 04.,Locked monthly dashboard row heights: Unlock CP,2.433,127.396,OK,242.432,0.941,106.731
Format Monthly Sheets,v1.8.9.3 - Wave 4 - Framework Timing Report.pdf,Format Monthly Sheets 04.26,Format Monthly Sheets,1,53,Raw archive detail - archive workbook opened: Source - Unlocked CP 04.,Raw archive detail - archive workbook opened: Source - Unlocked CP,0.217,127.613,OK,242.432,0.172,106.731
Format Monthly Sheets,v1.8.9.3 - Wave 4 - Framework Timing Report.pdf,Format Monthly Sheets 04.26,Format Monthly Sheets,1,54,Raw archive detail - existing archive sheet deleted if present: Source - Unlocked CP 04.,Raw archive detail - existing archive sheet deleted if present: Source - Unlocked CP,0.009,127.622,OK,242.432,0.097,106.731
Format Monthly Sheets,v1.8.9.3 - Wave 4 - Framework Timing Report.pdf,Format Monthly Sheets 04.26,Format Monthly Sheets,1,55,Raw archive detail - source sheet copied to archive workbook: Source - Unlocked CP 04.,Raw archive detail - source sheet copied to archive workbook: Source - Unlocked CP,1.694,129.316,OK,242.432,1.249,106.731
Format Monthly Sheets,v1.8.9.3 - Wave 4 - Framework Timing Report.pdf,Format Monthly Sheets 04.26,Format Monthly Sheets,1,56,Raw archive detail - archive sheet renamed: Source - Unlocked CP 04.,Raw archive detail - archive sheet renamed: Source - Unlocked CP,1.421,130.737,OK,242.432,0.217,106.731
Format Monthly Sheets,v1.8.9.3 - Wave 4 - Framework Timing Report.pdf,Format Monthly Sheets 04.26,Format Monthly Sheets,1,57,Raw archive detail - archive sheet visibility enforced visible: Source - Unlocked CP 04.,Raw archive detail - archive sheet visibility enforced visible: Source - Unlocked CP,0.135,130.872,OK,242.432,0.099,106.731
Format Monthly Sheets,v1.8.9.3 - Wave 4 - Framework Timing Report.pdf,Format Monthly Sheets 04.26,Format Monthly Sheets,1,58,Raw data copied to archive: Source - Unlocked CP,Raw data copied to archive: Source - Unlocked CP,0.000,130.872,OK,242.432,0.000,106.731
Format Monthly Sheets,v1.8.9.3 - Wave 4 - Framework Timing Report.pdf,Format Monthly Sheets 04.26,Format Monthly Sheets,1,59,Local raw sheet deleted to preserve workbook speed,Local raw sheet deleted to preserve workbook speed,0.726,131.598,OK,242.432,0.752,106.731
Format Monthly Sheets,v1.8.9.3 - Wave 4 - Framework Timing Report.pdf,Format Monthly Sheets 04.26,Format Monthly Sheets,1,60,Hide governed output sheet: Unlock CP 04.,Hide governed output sheet: Unlock CP,0.983,132.581,OK,242.432,1.091,106.731
Format Monthly Sheets,v1.8.9.3 - Wave 4 - Framework Timing Report.pdf,Format Monthly Sheets 04.26,Format Monthly Sheets,1,61,Formatted monthly import tab: UC from UC April,Formatted monthly import tab: UC from UC,0.146,132.727,OK,242.432,0.145,106.731
Format Monthly Sheets,v1.8.9.3 - Wave 4 - Framework Timing Report.pdf,Format Monthly Sheets 04.26,Format Monthly Sheets,1,62,Read Raw Data source in place without editing imported values | Rows:,Read Raw Data source in place without editing imported values | Rows,9.230,141.957,OK,242.432,5.920,106.731
Format Monthly Sheets,v1.8.9.3 - Wave 4 - Framework Timing Report.pdf,Format Monthly Sheets 04.26,Format Monthly Sheets,1,63,Rename Raw Data import sheet in place and place in configured creation order: RD April -> Raw Data 04.,Rename Raw Data import sheet in place and place in configured creation order: RD -> Raw Data,11.109,153.066,SLOW,242.432,7.021,106.731
Format Monthly Sheets,v1.8.9.3 - Wave 4 - Framework Timing Report.pdf,Format Monthly Sheets 04.26,Format Monthly Sheets,1,64,Wave 4 Raw Data header row detection complete | Header row:,Wave 4 Raw Data header row detection complete | Header row,0.788,153.854,OK,242.432,0.730,106.731
Format Monthly Sheets,v1.8.9.3 - Wave 4 - Framework Timing Report.pdf,Format Monthly Sheets 04.26,Format Monthly Sheets,1,65,Wave 4 Raw Data title-row insert complete | Rows inserted:,Wave 4 Raw Data title-row insert complete | Rows inserted,0.171,154.025,OK,242.432,0.998,106.731
Format Monthly Sheets,v1.8.9.3 - Wave 4 - Framework Timing Report.pdf,Format Monthly Sheets 04.26,Format Monthly Sheets,1,66,Wave 4 Raw Data approved-column append complete | Columns added:,Wave 4 Raw Data approved-column append complete | Columns added,1.917,155.942,OK,242.432,1.084,106.731
Format Monthly Sheets,v1.8.9.3 - Wave 4 - Framework Timing Report.pdf,Format Monthly Sheets 04.26,Format Monthly Sheets,1,67,Wave 4 Raw Data title/header formatting start | Width:,Wave 4 Raw Data title/header formatting start | Width,1.006,156.948,OK,242.432,0.545,106.731
Format Monthly Sheets,v1.8.9.3 - Wave 4 - Framework Timing Report.pdf,Format Monthly Sheets 04.26,Format Monthly Sheets,1,68,Wave 4 Raw Data title/header formatting complete,Wave 4 Raw Data title/header formatting complete,0.264,157.212,OK,242.432,0.271,106.731
Format Monthly Sheets,v1.8.9.3 - Wave 4 - Framework Timing Report.pdf,Format Monthly Sheets 04.26,Format Monthly Sheets,1,69,Wave 4 Raw Data frozen rows set,Wave 4 Raw Data frozen rows set,1.771,158.983,OK,242.432,0.635,106.731
Format Monthly Sheets,v1.8.9.3 - Wave 4 - Framework Timing Report.pdf,Format Monthly Sheets 04.26,Format Monthly Sheets,1,70,Wave 4 Raw Data filter removal complete,Wave 4 Raw Data filter removal complete,1.428,160.411,OK,242.432,0.709,106.731
Format Monthly Sheets,v1.8.9.3 - Wave 4 - Framework Timing Report.pdf,Format Monthly Sheets 04.26,Format Monthly Sheets,1,71,Wave 4 Raw Data filter creation complete | Rows: 5932; Columns:,Wave 4 Raw Data filter creation complete | Rows: 5932; Columns,2.220,162.631,OK,242.432,0.775,106.731
Format Monthly Sheets,v1.8.9.3 - Wave 4 - Framework Timing Report.pdf,Format Monthly Sheets 04.26,Format Monthly Sheets,1,72,"Wave 4 Raw Data in-place title/header/column work complete | Added columns: Safety - 2 Person, Wanderer, Interpreter Needed, Fall Risk, DPOA or Guardian Active, Palliative Care, Primary PMR Row","Wave 4 Raw Data in-place title/header/column work complete | Added columns: Safety - 2 Person, Wanderer, Interpreter Needed, Fall Risk, DPOA or Guardian Active, Palliative Care, Primary PMR Row",0.013,162.644,OK,242.432,0.005,106.731
Format Monthly Sheets,v1.8.9.3 - Wave 4 - Framework Timing Report.pdf,Format Monthly Sheets 04.26,Format Monthly Sheets,1,73,Wave 4 Raw Data approved-sync columns start,Wave 4 Raw Data approved-sync columns start,0.000,162.644,OK,242.432,0.000,106.731
Format Monthly Sheets,v1.8.9.3 - Wave 4 - Framework Timing Report.pdf,Format Monthly Sheets 04.26,Format Monthly Sheets,1,74,Wave 4 Raw Data approved-sync bulk read complete | Rows:,Wave 4 Raw Data approved-sync bulk read complete | Rows,7.111,169.755,OK,242.432,4.008,106.731
Format Monthly Sheets,v1.8.9.3 - Wave 4 - Framework Timing Report.pdf,Format Monthly Sheets 04.26,Format Monthly Sheets,1,75,Wave 4 Raw Data approved-sync guarded write complete | Changed column groups:,Wave 4 Raw Data approved-sync guarded write complete | Changed column groups,0.076,169.831,OK,242.432,0.077,106.731
Format Monthly Sheets,v1.8.9.3 - Wave 4 - Framework Timing Report.pdf,Format Monthly Sheets 04.26,Format Monthly Sheets,1,76,Wave 4 Raw Data approved-sync columns complete | Changed column groups:,Wave 4 Raw Data approved-sync columns complete | Changed column groups,0.006,169.837,OK,242.432,0.006,106.731
Format Monthly Sheets,v1.8.9.3 - Wave 4 - Framework Timing Report.pdf,Format Monthly Sheets 04.26,Format Monthly Sheets,1,77,Wave 4 Raw Data banner-column sync start,Wave 4 Raw Data banner-column sync start,0.000,169.837,OK,242.432,0.000,106.731
Format Monthly Sheets,v1.8.9.3 - Wave 4 - Framework Timing Report.pdf,Format Monthly Sheets 04.26,Format Monthly Sheets,1,78,Wave 4 Raw Data banner-sync bulk read complete | Rows:,Wave 4 Raw Data banner-sync bulk read complete | Rows,8.279,178.116,OK,242.432,4.399,106.731
Format Monthly Sheets,v1.8.9.3 - Wave 4 - Framework Timing Report.pdf,Format Monthly Sheets 04.26,Format Monthly Sheets,1,79,Wave 4 Raw Data banner-sync source map built | Keys:,Wave 4 Raw Data banner-sync source map built | Keys,1.103,179.219,OK,242.432,0.740,106.731
Format Monthly Sheets,v1.8.9.3 - Wave 4 - Framework Timing Report.pdf,Format Monthly Sheets 04.26,Format Monthly Sheets,1,80,Wave 4 Raw Data banner-sync guarded write complete | Changed column groups:,Wave 4 Raw Data banner-sync guarded write complete | Changed column groups,2.175,181.394,OK,242.432,1.222,106.731
Format Monthly Sheets,v1.8.9.3 - Wave 4 - Framework Timing Report.pdf,Format Monthly Sheets 04.26,Format Monthly Sheets,1,81,Wave 4 Raw Data banner-column sync complete | Rows updated:,Wave 4 Raw Data banner-column sync complete | Rows updated,0.012,181.406,OK,242.432,0.010,106.731
Format Monthly Sheets,v1.8.9.3 - Wave 4 - Framework Timing Report.pdf,Format Monthly Sheets 04.26,Format Monthly Sheets,1,82,Wave 4 Raw Data row-height lock start,Wave 4 Raw Data row-height lock start,0.000,181.406,OK,242.432,0.000,106.731
Format Monthly Sheets,v1.8.9.3 - Wave 4 - Framework Timing Report.pdf,Format Monthly Sheets 04.26,Format Monthly Sheets,1,83,Wave 4 Raw Data row-height lock complete,Wave 4 Raw Data row-height lock complete,3.641,185.047,OK,242.432,0.992,106.731
Format Monthly Sheets,v1.8.9.3 - Wave 4 - Framework Timing Report.pdf,Format Monthly Sheets 04.26,Format Monthly Sheets,1,84,Wave 4 Raw Data visibility policy start,Wave 4 Raw Data visibility policy start,0.000,185.047,OK,242.432,0.000,106.731
Format Monthly Sheets,v1.8.9.3 - Wave 4 - Framework Timing Report.pdf,Format Monthly Sheets 04.26,Format Monthly Sheets,1,85,Hide governed output sheet: Raw Data 04.,Hide governed output sheet: Raw Data,0.406,185.453,OK,242.432,0.288,106.731
Format Monthly Sheets,v1.8.9.3 - Wave 4 - Framework Timing Report.pdf,Format Monthly Sheets 04.26,Format Monthly Sheets,1,86,Wave 4 Raw Data visibility policy complete,Wave 4 Raw Data visibility policy complete,0.000,185.453,OK,242.432,0.000,106.731
Format Monthly Sheets,v1.8.9.3 - Wave 4 - Framework Timing Report.pdf,Format Monthly Sheets 04.26,Format Monthly Sheets,1,87,Raw Data final visibility policy enforced after Index refresh,Raw Data final visibility policy enforced after Index refresh,56.542,241.995,BOTTLENECK,242.432,25.414,106.731
Format Monthly Sheets,v1.8.9.3 - Wave 4 - Framework Timing Report.pdf,Format Monthly Sheets 04.26,Format Monthly Sheets,1,88,Formatted monthly Raw Data in place without deleting imported columns: Raw Data 04.,Formatted monthly Raw Data in place without deleting imported columns: Raw Data,0.001,241.996,OK,242.432,1.100,106.731
Format Monthly Sheets,v1.8.9.3 - Wave 4 - Framework Timing Report.pdf,Format Monthly Sheets 04.26,Format Monthly Sheets,1,89,Formatted monthly import tab: RD from RD April,Formatted monthly import tab: RD from RD,0.001,241.997,OK,242.432,0.002,106.731
Format Monthly Sheets,v1.8.9.3 - Wave 4 - Framework Timing Report.pdf,Format Monthly Sheets 04.26,Format Monthly Sheets,1,90,Complete,Complete,0.435,242.432,OK,242.432,0.105,106.731
Format Monthly Sheets,v1.8.9.3 - Wave 4 - Framework Timing Report.pdf,Format Monthly Sheets 05.26,Format Monthly Sheets,1,1,Start,Start,0.370,0.370,OK,267.257,0.331,106.731
Format Monthly Sheets,v1.8.9.3 - Wave 4 - Framework Timing Report.pdf,Format Monthly Sheets 05.26,Format Monthly Sheets,1,2,Banner output sheet shown: Banners 05.,Banner output sheet shown: Banners,22.448,22.818,SLOW,267.257,12.426,106.731
Format Monthly Sheets,v1.8.9.3 - Wave 4 - Framework Timing Report.pdf,Format Monthly Sheets 05.26,Format Monthly Sheets,1,3,Raw archive detail - archive workbook opened: Source - Banners 05.,Raw archive detail - archive workbook opened: Source - Banners,3.934,26.752,OK,267.257,2.285,106.731
Format Monthly Sheets,v1.8.9.3 - Wave 4 - Framework Timing Report.pdf,Format Monthly Sheets 05.26,Format Monthly Sheets,1,4,Raw archive detail - existing archive sheet deleted if present: Source - Banners 05.,Raw archive detail - existing archive sheet deleted if present: Source - Banners,0.002,26.754,OK,267.257,0.160,106.731
Format Monthly Sheets,v1.8.9.3 - Wave 4 - Framework Timing Report.pdf,Format Monthly Sheets 05.26,Format Monthly Sheets,1,5,Raw archive detail - source sheet copied to archive workbook: Source - Banners 05.,Raw archive detail - source sheet copied to archive workbook: Source - Banners,1.915,28.669,OK,267.257,1.544,106.731
Format Monthly Sheets,v1.8.9.3 - Wave 4 - Framework Timing Report.pdf,Format Monthly Sheets 05.26,Format Monthly Sheets,1,6,Raw archive detail - archive sheet renamed: Source - Banners 05.,Raw archive detail - archive sheet renamed: Source - Banners,0.582,29.251,OK,267.257,1.097,106.731
Format Monthly Sheets,v1.8.9.3 - Wave 4 - Framework Timing Report.pdf,Format Monthly Sheets 05.26,Format Monthly Sheets,1,7,Raw archive detail - archive sheet visibility enforced visible: Source - Banners 05.,Raw archive detail - archive sheet visibility enforced visible: Source - Banners,0.059,29.310,OK,267.257,0.095,106.731
Format Monthly Sheets,v1.8.9.3 - Wave 4 - Framework Timing Report.pdf,Format Monthly Sheets 05.26,Format Monthly Sheets,1,8,Raw data copied to archive: Source - Banners,Raw data copied to archive: Source - Banners,0.000,29.310,OK,267.257,0.000,106.731
Format Monthly Sheets,v1.8.9.3 - Wave 4 - Framework Timing Report.pdf,Format Monthly Sheets 05.26,Format Monthly Sheets,1,9,Local raw sheet deleted to preserve workbook speed,Local raw sheet deleted to preserve workbook speed,0.634,29.944,OK,267.257,0.752,106.731
Format Monthly Sheets,v1.8.9.3 - Wave 4 - Framework Timing Report.pdf,Format Monthly Sheets 05.26,Format Monthly Sheets,1,10,Hide governed output sheet: Banners 05.,Hide governed output sheet: Banners,1.185,31.129,OK,267.257,0.758,106.731
Format Monthly Sheets,v1.8.9.3 - Wave 4 - Framework Timing Report.pdf,Format Monthly Sheets 05.26,Format Monthly Sheets,1,11,Formatted monthly import tab: B from B May,Formatted monthly import tab: B from B,0.265,31.394,OK,267.257,0.168,106.731
Format Monthly Sheets,v1.8.9.3 - Wave 4 - Framework Timing Report.pdf,Format Monthly Sheets 05.26,Format Monthly Sheets,1,12,Prepared monthly dashboard source: CD May,Prepared monthly dashboard source: CD,2.715,34.109,OK,267.257,1.110,106.731
Format Monthly Sheets,v1.8.9.3 - Wave 4 - Framework Timing Report.pdf,Format Monthly Sheets 05.26,Format Monthly Sheets,1,13,Mapped monthly dashboard rows in memory:,Mapped monthly dashboard rows in memory,2.402,36.511,OK,267.257,0.762,106.731
Format Monthly Sheets,v1.8.9.3 - Wave 4 - Framework Timing Report.pdf,Format Monthly Sheets 05.26,Format Monthly Sheets,1,14,Monthly dashboard fast canvas - blank sheet inserted in configured creation order: CP Due 05.,Monthly dashboard fast canvas - blank sheet inserted in configured creation order: CP Due,22.050,58.561,SLOW,267.257,12.014,106.731
Format Monthly Sheets,v1.8.9.3 - Wave 4 - Framework Timing Report.pdf,Format Monthly Sheets 05.26,Format Monthly Sheets,1,15,Monthly dashboard fast canvas - grid resized to 339 rows x 5 cols: CP Due 05.,Monthly dashboard fast canvas - grid resized to 339 rows x 5 cols: CP Due,4.135,62.696,OK,267.257,1.136,106.731
Format Monthly Sheets,v1.8.9.3 - Wave 4 - Framework Timing Report.pdf,Format Monthly Sheets 05.26,Format Monthly Sheets,1,16,Monthly dashboard fast canvas - template column widths applied: CP Due 05.,Monthly dashboard fast canvas - template column widths applied: CP Due,2.843,65.539,OK,267.257,0.860,106.731
Format Monthly Sheets,v1.8.9.3 - Wave 4 - Framework Timing Report.pdf,Format Monthly Sheets 05.26,Format Monthly Sheets,1,17,Monthly dashboard fast canvas - raw values written | Rows: 335: CP Due 05.,Monthly dashboard fast canvas - raw values written | Rows: 335: CP Due,0.012,65.551,OK,267.257,0.018,106.731
Format Monthly Sheets,v1.8.9.3 - Wave 4 - Framework Timing Report.pdf,Format Monthly Sheets 05.26,Format Monthly Sheets,1,18,Monthly dashboard fast canvas - title rows copied from template: CP Due 05.,Monthly dashboard fast canvas - title rows copied from template: CP Due,0.007,65.558,OK,267.257,0.008,106.731
Format Monthly Sheets,v1.8.9.3 - Wave 4 - Framework Timing Report.pdf,Format Monthly Sheets 05.26,Format Monthly Sheets,1,19,Monthly dashboard fast canvas - header row copied from template: CP Due 05.,Monthly dashboard fast canvas - header row copied from template: CP Due,0.005,65.563,OK,267.257,0.006,106.731
Format Monthly Sheets,v1.8.9.3 - Wave 4 - Framework Timing Report.pdf,Format Monthly Sheets 05.26,Format Monthly Sheets,1,20,Monthly dashboard fast canvas - data-row format copied from template | Rows: 335: CP Due 05.,Monthly dashboard fast canvas - data-row format copied from template | Rows: 335: CP Due,0.005,65.568,OK,267.257,0.010,106.731
Format Monthly Sheets,v1.8.9.3 - Wave 4 - Framework Timing Report.pdf,Format Monthly Sheets 05.26,Format Monthly Sheets,1,21,Monthly dashboard fast canvas - title/date/header values stamped: CP Due 05.,Monthly dashboard fast canvas - title/date/header values stamped: CP Due,0.016,65.584,OK,267.257,0.018,106.731
Format Monthly Sheets,v1.8.9.3 - Wave 4 - Framework Timing Report.pdf,Format Monthly Sheets 05.26,Format Monthly Sheets,1,22,Monthly dashboard fast canvas - frozen rows/columns and tab color applied: CP Due 05.,Monthly dashboard fast canvas - frozen rows/columns and tab color applied: CP Due,4.350,69.934,OK,267.257,2.161,106.731
Format Monthly Sheets,v1.8.9.3 - Wave 4 - Framework Timing Report.pdf,Format Monthly Sheets 05.26,Format Monthly Sheets,1,23,Monthly dashboard fast canvas - filter created: CP Due 05.,Monthly dashboard fast canvas - filter created: CP Due,1.365,71.299,OK,267.257,0.915,106.731
Format Monthly Sheets,v1.8.9.3 - Wave 4 - Framework Timing Report.pdf,Format Monthly Sheets 05.26,Format Monthly Sheets,1,24,Monthly dashboard fast canvas - template-driven canvas wrap applied: CP Due 05.,Monthly dashboard fast canvas - template-driven canvas wrap applied: CP Due,1.348,72.647,OK,267.257,0.481,106.731
Format Monthly Sheets,v1.8.9.3 - Wave 4 - Framework Timing Report.pdf,Format Monthly Sheets 05.26,Format Monthly Sheets,1,25,Monthly dashboard fast canvas - runtime caches cleared: CP Due 05.,Monthly dashboard fast canvas - runtime caches cleared: CP Due,0.002,72.649,OK,267.257,0.004,106.731
Format Monthly Sheets,v1.8.9.3 - Wave 4 - Framework Timing Report.pdf,Format Monthly Sheets 05.26,Format Monthly Sheets,1,26,Created monthly dashboard fast canvas: CP Due,Created monthly dashboard fast canvas: CP Due,0.000,72.649,OK,267.257,0.000,106.731
Format Monthly Sheets,v1.8.9.3 - Wave 4 - Framework Timing Report.pdf,Format Monthly Sheets 05.26,Format Monthly Sheets,1,27,Locked monthly dashboard row heights: CP Due 05.,Locked monthly dashboard row heights: CP Due,1.571,74.220,OK,267.257,0.696,106.731
Format Monthly Sheets,v1.8.9.3 - Wave 4 - Framework Timing Report.pdf,Format Monthly Sheets 05.26,Format Monthly Sheets,1,28,Raw archive detail - archive workbook opened: Source - CP Due 05.,Raw archive detail - archive workbook opened: Source - CP Due,0.124,74.344,OK,267.257,0.180,106.731
Format Monthly Sheets,v1.8.9.3 - Wave 4 - Framework Timing Report.pdf,Format Monthly Sheets 05.26,Format Monthly Sheets,1,29,Raw archive detail - existing archive sheet deleted if present: Source - CP Due 05.,Raw archive detail - existing archive sheet deleted if present: Source - CP Due,0.001,74.345,OK,267.257,0.098,106.731
Format Monthly Sheets,v1.8.9.3 - Wave 4 - Framework Timing Report.pdf,Format Monthly Sheets 05.26,Format Monthly Sheets,1,30,Raw archive detail - source sheet copied to archive workbook: Source - CP Due 05.,Raw archive detail - source sheet copied to archive workbook: Source - CP Due,1.468,75.813,OK,267.257,1.282,106.731
Format Monthly Sheets,v1.8.9.3 - Wave 4 - Framework Timing Report.pdf,Format Monthly Sheets 05.26,Format Monthly Sheets,1,31,Raw archive detail - archive sheet renamed: Source - CP Due 05.,Raw archive detail - archive sheet renamed: Source - CP Due,0.119,75.932,OK,267.257,0.163,106.731
Format Monthly Sheets,v1.8.9.3 - Wave 4 - Framework Timing Report.pdf,Format Monthly Sheets 05.26,Format Monthly Sheets,1,32,Raw archive detail - archive sheet visibility enforced visible: Source - CP Due 05.,Raw archive detail - archive sheet visibility enforced visible: Source - CP Due,0.053,75.985,OK,267.257,0.084,106.731
Format Monthly Sheets,v1.8.9.3 - Wave 4 - Framework Timing Report.pdf,Format Monthly Sheets 05.26,Format Monthly Sheets,1,33,Raw data copied to archive: Source - CP Due,Raw data copied to archive: Source - CP Due,0.000,75.985,OK,267.257,0.000,106.731
Format Monthly Sheets,v1.8.9.3 - Wave 4 - Framework Timing Report.pdf,Format Monthly Sheets 05.26,Format Monthly Sheets,1,34,Local raw sheet deleted to preserve workbook speed,Local raw sheet deleted to preserve workbook speed,0.547,76.532,OK,267.257,0.752,106.731
Format Monthly Sheets,v1.8.9.3 - Wave 4 - Framework Timing Report.pdf,Format Monthly Sheets 05.26,Format Monthly Sheets,1,35,Hide governed output sheet: CP Due 05.,Hide governed output sheet: CP Due,1.367,77.899,OK,267.257,0.703,106.731
Format Monthly Sheets,v1.8.9.3 - Wave 4 - Framework Timing Report.pdf,Format Monthly Sheets 05.26,Format Monthly Sheets,1,36,Formatted monthly import tab: CD from CD May,Formatted monthly import tab: CD from CD,0.267,78.166,OK,267.257,0.162,106.731
Format Monthly Sheets,v1.8.9.3 - Wave 4 - Framework Timing Report.pdf,Format Monthly Sheets 05.26,Format Monthly Sheets,1,37,Prepared monthly dashboard source: UC May,Prepared monthly dashboard source: UC,1.363,79.529,OK,267.257,0.774,106.731
Format Monthly Sheets,v1.8.9.3 - Wave 4 - Framework Timing Report.pdf,Format Monthly Sheets 05.26,Format Monthly Sheets,1,38,Mapped monthly dashboard rows in memory:,Mapped monthly dashboard rows in memory,1.586,81.115,OK,267.257,0.762,106.731
Format Monthly Sheets,v1.8.9.3 - Wave 4 - Framework Timing Report.pdf,Format Monthly Sheets 05.26,Format Monthly Sheets,1,39,Monthly dashboard fast canvas - blank sheet inserted in configured creation order: Unlock CP 05.,Monthly dashboard fast canvas - blank sheet inserted in configured creation order: Unlock CP,36.801,117.916,BOTTLENECK,267.257,11.441,106.731
Format Monthly Sheets,v1.8.9.3 - Wave 4 - Framework Timing Report.pdf,Format Monthly Sheets 05.26,Format Monthly Sheets,1,40,Monthly dashboard fast canvas - grid resized to 351 rows x 4 cols: Unlock CP 05.,Monthly dashboard fast canvas - grid resized to 351 rows x 4 cols: Unlock CP,2.481,120.397,OK,267.257,0.885,106.731
Format Monthly Sheets,v1.8.9.3 - Wave 4 - Framework Timing Report.pdf,Format Monthly Sheets 05.26,Format Monthly Sheets,1,41,Monthly dashboard fast canvas - template column widths applied: Unlock CP 05.,Monthly dashboard fast canvas - template column widths applied: Unlock CP,1.700,122.097,OK,267.257,0.559,106.731
Format Monthly Sheets,v1.8.9.3 - Wave 4 - Framework Timing Report.pdf,Format Monthly Sheets 05.26,Format Monthly Sheets,1,42,Monthly dashboard fast canvas - raw values written | Rows: 347: Unlock CP 05.,Monthly dashboard fast canvas - raw values written | Rows: 347: Unlock CP,0.011,122.108,OK,267.257,0.015,106.731
Format Monthly Sheets,v1.8.9.3 - Wave 4 - Framework Timing Report.pdf,Format Monthly Sheets 05.26,Format Monthly Sheets,1,43,Monthly dashboard fast canvas - title rows copied from template: Unlock CP 05.,Monthly dashboard fast canvas - title rows copied from template: Unlock CP,0.005,122.113,OK,267.257,0.015,106.731
Format Monthly Sheets,v1.8.9.3 - Wave 4 - Framework Timing Report.pdf,Format Monthly Sheets 05.26,Format Monthly Sheets,1,44,Monthly dashboard fast canvas - header row copied from template: Unlock CP 05.,Monthly dashboard fast canvas - header row copied from template: Unlock CP,0.005,122.118,OK,267.257,0.014,106.731
Format Monthly Sheets,v1.8.9.3 - Wave 4 - Framework Timing Report.pdf,Format Monthly Sheets 05.26,Format Monthly Sheets,1,45,Monthly dashboard fast canvas - data-row format copied from template | Rows: 347: Unlock CP 05.,Monthly dashboard fast canvas - data-row format copied from template | Rows: 347: Unlock CP,0.010,122.128,OK,267.257,0.007,106.731
Format Monthly Sheets,v1.8.9.3 - Wave 4 - Framework Timing Report.pdf,Format Monthly Sheets 05.26,Format Monthly Sheets,1,46,Monthly dashboard fast canvas - title/date/header values stamped: Unlock CP 05.,Monthly dashboard fast canvas - title/date/header values stamped: Unlock CP,0.016,122.144,OK,267.257,0.039,106.731
Format Monthly Sheets,v1.8.9.3 - Wave 4 - Framework Timing Report.pdf,Format Monthly Sheets 05.26,Format Monthly Sheets,1,47,Monthly dashboard fast canvas - frozen rows/columns and tab color applied: Unlock CP 05.,Monthly dashboard fast canvas - frozen rows/columns and tab color applied: Unlock CP,4.350,126.494,OK,267.257,1.001,106.731
Format Monthly Sheets,v1.8.9.3 - Wave 4 - Framework Timing Report.pdf,Format Monthly Sheets 05.26,Format Monthly Sheets,1,48,Monthly dashboard fast canvas - filter created: Unlock CP 05.,Monthly dashboard fast canvas - filter created: Unlock CP,3.839,130.333,OK,267.257,0.845,106.731
Format Monthly Sheets,v1.8.9.3 - Wave 4 - Framework Timing Report.pdf,Format Monthly Sheets 05.26,Format Monthly Sheets,1,49,Monthly dashboard fast canvas - template-driven canvas wrap applied: Unlock CP 05.,Monthly dashboard fast canvas - template-driven canvas wrap applied: Unlock CP,2.104,132.437,OK,267.257,0.465,106.731
Format Monthly Sheets,v1.8.9.3 - Wave 4 - Framework Timing Report.pdf,Format Monthly Sheets 05.26,Format Monthly Sheets,1,50,Monthly dashboard fast canvas - runtime caches cleared: Unlock CP 05.,Monthly dashboard fast canvas - runtime caches cleared: Unlock CP,0.002,132.439,OK,267.257,0.010,106.731
Format Monthly Sheets,v1.8.9.3 - Wave 4 - Framework Timing Report.pdf,Format Monthly Sheets 05.26,Format Monthly Sheets,1,51,Created monthly dashboard fast canvas: Unlock CP,Created monthly dashboard fast canvas: Unlock CP,0.000,132.439,OK,267.257,0.000,106.731
Format Monthly Sheets,v1.8.9.3 - Wave 4 - Framework Timing Report.pdf,Format Monthly Sheets 05.26,Format Monthly Sheets,1,52,Locked monthly dashboard row heights: Unlock CP 05.,Locked monthly dashboard row heights: Unlock CP,4.038,136.477,OK,267.257,0.941,106.731
Format Monthly Sheets,v1.8.9.3 - Wave 4 - Framework Timing Report.pdf,Format Monthly Sheets 05.26,Format Monthly Sheets,1,53,Raw archive detail - archive workbook opened: Source - Unlocked CP 05.,Raw archive detail - archive workbook opened: Source - Unlocked CP,0.116,136.593,OK,267.257,0.172,106.731
Format Monthly Sheets,v1.8.9.3 - Wave 4 - Framework Timing Report.pdf,Format Monthly Sheets 05.26,Format Monthly Sheets,1,54,Raw archive detail - existing archive sheet deleted if present: Source - Unlocked CP 05.,Raw archive detail - existing archive sheet deleted if present: Source - Unlocked CP,0.001,136.594,OK,267.257,0.097,106.731
Format Monthly Sheets,v1.8.9.3 - Wave 4 - Framework Timing Report.pdf,Format Monthly Sheets 05.26,Format Monthly Sheets,1,55,Raw archive detail - source sheet copied to archive workbook: Source - Unlocked CP 05.,Raw archive detail - source sheet copied to archive workbook: Source - Unlocked CP,2.604,139.198,OK,267.257,1.249,106.731
Format Monthly Sheets,v1.8.9.3 - Wave 4 - Framework Timing Report.pdf,Format Monthly Sheets 05.26,Format Monthly Sheets,1,56,Raw archive detail - archive sheet renamed: Source - Unlocked CP 05.,Raw archive detail - archive sheet renamed: Source - Unlocked CP,0.121,139.319,OK,267.257,0.217,106.731
Format Monthly Sheets,v1.8.9.3 - Wave 4 - Framework Timing Report.pdf,Format Monthly Sheets 05.26,Format Monthly Sheets,1,57,Raw archive detail - archive sheet visibility enforced visible: Source - Unlocked CP 05.,Raw archive detail - archive sheet visibility enforced visible: Source - Unlocked CP,0.080,139.399,OK,267.257,0.099,106.731
Format Monthly Sheets,v1.8.9.3 - Wave 4 - Framework Timing Report.pdf,Format Monthly Sheets 05.26,Format Monthly Sheets,1,58,Raw data copied to archive: Source - Unlocked CP,Raw data copied to archive: Source - Unlocked CP,0.000,139.399,OK,267.257,0.000,106.731
Format Monthly Sheets,v1.8.9.3 - Wave 4 - Framework Timing Report.pdf,Format Monthly Sheets 05.26,Format Monthly Sheets,1,59,Local raw sheet deleted to preserve workbook speed,Local raw sheet deleted to preserve workbook speed,1.732,141.131,OK,267.257,0.752,106.731
Format Monthly Sheets,v1.8.9.3 - Wave 4 - Framework Timing Report.pdf,Format Monthly Sheets 05.26,Format Monthly Sheets,1,60,Hide governed output sheet: Unlock CP 05.,Hide governed output sheet: Unlock CP,2.875,144.006,OK,267.257,1.091,106.731
Format Monthly Sheets,v1.8.9.3 - Wave 4 - Framework Timing Report.pdf,Format Monthly Sheets 05.26,Format Monthly Sheets,1,61,Formatted monthly import tab: UC from UC May,Formatted monthly import tab: UC from UC,0.320,144.326,OK,267.257,0.145,106.731
Format Monthly Sheets,v1.8.9.3 - Wave 4 - Framework Timing Report.pdf,Format Monthly Sheets 05.26,Format Monthly Sheets,1,62,Read Raw Data source in place without editing imported values | Rows:,Read Raw Data source in place without editing imported values | Rows,21.033,165.359,SLOW,267.257,5.920,106.731
Format Monthly Sheets,v1.8.9.3 - Wave 4 - Framework Timing Report.pdf,Format Monthly Sheets 05.26,Format Monthly Sheets,1,63,Rename Raw Data import sheet in place and place in configured creation order: RD May -> Raw Data 05.,Rename Raw Data import sheet in place and place in configured creation order: RD -> Raw Data,38.481,203.840,BOTTLENECK,267.257,7.021,106.731
Format Monthly Sheets,v1.8.9.3 - Wave 4 - Framework Timing Report.pdf,Format Monthly Sheets 05.26,Format Monthly Sheets,1,64,Wave 4 Raw Data header row detection complete | Header row:,Wave 4 Raw Data header row detection complete | Header row,3.284,207.124,OK,267.257,0.730,106.731
Format Monthly Sheets,v1.8.9.3 - Wave 4 - Framework Timing Report.pdf,Format Monthly Sheets 05.26,Format Monthly Sheets,1,65,Wave 4 Raw Data title-row insert complete | Rows inserted:,Wave 4 Raw Data title-row insert complete | Rows inserted,0.889,208.013,OK,267.257,0.998,106.731
Format Monthly Sheets,v1.8.9.3 - Wave 4 - Framework Timing Report.pdf,Format Monthly Sheets 05.26,Format Monthly Sheets,1,66,Wave 4 Raw Data approved-column append complete | Columns added:,Wave 4 Raw Data approved-column append complete | Columns added,4.030,212.043,OK,267.257,1.084,106.731
Format Monthly Sheets,v1.8.9.3 - Wave 4 - Framework Timing Report.pdf,Format Monthly Sheets 05.26,Format Monthly Sheets,1,67,Wave 4 Raw Data title/header formatting start | Width:,Wave 4 Raw Data title/header formatting start | Width,2.184,214.227,OK,267.257,0.545,106.731
Format Monthly Sheets,v1.8.9.3 - Wave 4 - Framework Timing Report.pdf,Format Monthly Sheets 05.26,Format Monthly Sheets,1,68,Wave 4 Raw Data title/header formatting complete,Wave 4 Raw Data title/header formatting complete,0.155,214.382,OK,267.257,0.271,106.731
Format Monthly Sheets,v1.8.9.3 - Wave 4 - Framework Timing Report.pdf,Format Monthly Sheets 05.26,Format Monthly Sheets,1,69,Wave 4 Raw Data frozen rows set,Wave 4 Raw Data frozen rows set,2.118,216.500,OK,267.257,0.635,106.731
Format Monthly Sheets,v1.8.9.3 - Wave 4 - Framework Timing Report.pdf,Format Monthly Sheets 05.26,Format Monthly Sheets,1,70,Wave 4 Raw Data filter removal skipped - no existing filter,Wave 4 Raw Data filter removal skipped - no existing filter,0.938,217.438,OK,267.257,0.292,106.731
Format Monthly Sheets,v1.8.9.3 - Wave 4 - Framework Timing Report.pdf,Format Monthly Sheets 05.26,Format Monthly Sheets,1,71,Wave 4 Raw Data filter creation complete | Rows: 5978; Columns:,Wave 4 Raw Data filter creation complete | Rows: 5978; Columns,2.282,219.720,OK,267.257,0.609,106.731
Format Monthly Sheets,v1.8.9.3 - Wave 4 - Framework Timing Report.pdf,Format Monthly Sheets 05.26,Format Monthly Sheets,1,72,"Wave 4 Raw Data in-place title/header/column work complete | Added columns: Notes, Safety - 2 Person, Wanderer, Interpreter Needed, Fall Risk, DPOA or Guardian Active, Palliative Care, Primary PMR Row","Wave 4 Raw Data in-place title/header/column work complete | Added columns: Notes, Safety - 2 Person, Wanderer, Interpreter Needed, Fall Risk, DPOA or Guardian Active, Palliative Care, Primary PMR Row",0.001,219.721,OK,267.257,0.004,106.731
Format Monthly Sheets,v1.8.9.3 - Wave 4 - Framework Timing Report.pdf,Format Monthly Sheets 05.26,Format Monthly Sheets,1,73,Wave 4 Raw Data approved-sync columns start,Wave 4 Raw Data approved-sync columns start,0.000,219.721,OK,267.257,0.000,106.731
Format Monthly Sheets,v1.8.9.3 - Wave 4 - Framework Timing Report.pdf,Format Monthly Sheets 05.26,Format Monthly Sheets,1,74,Wave 4 Raw Data approved-sync bulk read complete | Rows:,Wave 4 Raw Data approved-sync bulk read complete | Rows,9.945,229.666,OK,267.257,4.008,106.731
Format Monthly Sheets,v1.8.9.3 - Wave 4 - Framework Timing Report.pdf,Format Monthly Sheets 05.26,Format Monthly Sheets,1,75,Wave 4 Raw Data approved-sync guarded write complete | Changed column groups:,Wave 4 Raw Data approved-sync guarded write complete | Changed column groups,0.066,229.732,OK,267.257,0.077,106.731
Format Monthly Sheets,v1.8.9.3 - Wave 4 - Framework Timing Report.pdf,Format Monthly Sheets 05.26,Format Monthly Sheets,1,76,Wave 4 Raw Data approved-sync columns complete | Changed column groups:,Wave 4 Raw Data approved-sync columns complete | Changed column groups,0.006,229.738,OK,267.257,0.006,106.731
Format Monthly Sheets,v1.8.9.3 - Wave 4 - Framework Timing Report.pdf,Format Monthly Sheets 05.26,Format Monthly Sheets,1,77,Wave 4 Raw Data banner-column sync start,Wave 4 Raw Data banner-column sync start,0.000,229.738,OK,267.257,0.000,106.731
Format Monthly Sheets,v1.8.9.3 - Wave 4 - Framework Timing Report.pdf,Format Monthly Sheets 05.26,Format Monthly Sheets,1,78,Wave 4 Raw Data banner-sync bulk read complete | Rows:,Wave 4 Raw Data banner-sync bulk read complete | Rows,8.992,238.730,OK,267.257,4.399,106.731
Format Monthly Sheets,v1.8.9.3 - Wave 4 - Framework Timing Report.pdf,Format Monthly Sheets 05.26,Format Monthly Sheets,1,79,Wave 4 Raw Data banner-sync source map built | Keys:,Wave 4 Raw Data banner-sync source map built | Keys,1.803,240.533,OK,267.257,0.740,106.731
Format Monthly Sheets,v1.8.9.3 - Wave 4 - Framework Timing Report.pdf,Format Monthly Sheets 05.26,Format Monthly Sheets,1,80,Wave 4 Raw Data banner-sync guarded write complete | Changed column groups:,Wave 4 Raw Data banner-sync guarded write complete | Changed column groups,2.817,243.350,OK,267.257,1.222,106.731
Format Monthly Sheets,v1.8.9.3 - Wave 4 - Framework Timing Report.pdf,Format Monthly Sheets 05.26,Format Monthly Sheets,1,81,Wave 4 Raw Data banner-column sync complete | Rows updated:,Wave 4 Raw Data banner-column sync complete | Rows updated,0.011,243.361,OK,267.257,0.010,106.731
Format Monthly Sheets,v1.8.9.3 - Wave 4 - Framework Timing Report.pdf,Format Monthly Sheets 05.26,Format Monthly Sheets,1,82,Wave 4 Raw Data row-height lock start,Wave 4 Raw Data row-height lock start,0.000,243.361,OK,267.257,0.000,106.731
Format Monthly Sheets,v1.8.9.3 - Wave 4 - Framework Timing Report.pdf,Format Monthly Sheets 05.26,Format Monthly Sheets,1,83,Wave 4 Raw Data row-height lock complete,Wave 4 Raw Data row-height lock complete,1.581,244.942,OK,267.257,0.992,106.731
Format Monthly Sheets,v1.8.9.3 - Wave 4 - Framework Timing Report.pdf,Format Monthly Sheets 05.26,Format Monthly Sheets,1,84,Wave 4 Raw Data visibility policy start,Wave 4 Raw Data visibility policy start,0.000,244.942,OK,267.257,0.000,106.731
Format Monthly Sheets,v1.8.9.3 - Wave 4 - Framework Timing Report.pdf,Format Monthly Sheets 05.26,Format Monthly Sheets,1,85,Hide governed output sheet: Raw Data 05.,Hide governed output sheet: Raw Data,0.348,245.290,OK,267.257,0.288,106.731
Format Monthly Sheets,v1.8.9.3 - Wave 4 - Framework Timing Report.pdf,Format Monthly Sheets 05.26,Format Monthly Sheets,1,86,Wave 4 Raw Data visibility policy complete,Wave 4 Raw Data visibility policy complete,0.000,245.290,OK,267.257,0.000,106.731
Format Monthly Sheets,v1.8.9.3 - Wave 4 - Framework Timing Report.pdf,Format Monthly Sheets 05.26,Format Monthly Sheets,1,87,Raw Data Index refresh deferred,Raw Data Index refresh deferred,0.001,245.291,OK,267.257,0.005,106.731
Format Monthly Sheets,v1.8.9.3 - Wave 4 - Framework Timing Report.pdf,Format Monthly Sheets 05.26,Format Monthly Sheets,1,88,Formatted monthly Raw Data in place without deleting imported columns: Raw Data 05.,Formatted monthly Raw Data in place without deleting imported columns: Raw Data,0.198,245.489,OK,267.257,1.100,106.731
Format Monthly Sheets,v1.8.9.3 - Wave 4 - Framework Timing Report.pdf,Format Monthly Sheets 05.26,Format Monthly Sheets,1,89,Formatted monthly import tab: RD from RD May,Formatted monthly import tab: RD from RD,0.000,245.489,OK,267.257,0.002,106.731
Format Monthly Sheets,v1.8.9.3 - Wave 4 - Framework Timing Report.pdf,Format Monthly Sheets 05.26,Format Monthly Sheets,1,90,Index explicitly refreshed once after all monthly sheets formatted,Index explicitly refreshed once after all monthly sheets formatted,21.714,267.203,SLOW,267.257,15.158,106.731
Format Monthly Sheets,v1.8.9.3 - Wave 4 - Framework Timing Report.pdf,Format Monthly Sheets 05.26,Format Monthly Sheets,1,91,Complete,Complete,0.054,267.257,OK,267.257,0.105,106.731
Format Monthly Sheets,v1.8.9.3 - Wave 4 - Framework Timing Report.pdf,Format Monthly Sheets 06.26,Format Monthly Sheets,1,1,Start,Start,0.413,0.413,OK,158.060,0.331,106.731
Format Monthly Sheets,v1.8.9.3 - Wave 4 - Framework Timing Report.pdf,Format Monthly Sheets 06.26,Format Monthly Sheets,1,2,Banner output sheet shown: Banners 06.,Banner output sheet shown: Banners,15.142,15.555,SLOW,158.060,12.426,106.731
Format Monthly Sheets,v1.8.9.3 - Wave 4 - Framework Timing Report.pdf,Format Monthly Sheets 06.26,Format Monthly Sheets,1,3,Raw archive detail - archive workbook opened: Source - Banners 06.,Raw archive detail - archive workbook opened: Source - Banners,1.585,17.140,OK,158.060,2.285,106.731
Format Monthly Sheets,v1.8.9.3 - Wave 4 - Framework Timing Report.pdf,Format Monthly Sheets 06.26,Format Monthly Sheets,1,4,Raw archive detail - existing archive sheet deleted if present: Source - Banners 06.,Raw archive detail - existing archive sheet deleted if present: Source - Banners,0.001,17.141,OK,158.060,0.160,106.731
Format Monthly Sheets,v1.8.9.3 - Wave 4 - Framework Timing Report.pdf,Format Monthly Sheets 06.26,Format Monthly Sheets,1,5,Raw archive detail - source sheet copied to archive workbook: Source - Banners 06.,Raw archive detail - source sheet copied to archive workbook: Source - Banners,1.707,18.848,OK,158.060,1.544,106.731
Format Monthly Sheets,v1.8.9.3 - Wave 4 - Framework Timing Report.pdf,Format Monthly Sheets 06.26,Format Monthly Sheets,1,6,Raw archive detail - archive sheet renamed: Source - Banners 06.,Raw archive detail - archive sheet renamed: Source - Banners,0.190,19.038,OK,158.060,1.097,106.731
Format Monthly Sheets,v1.8.9.3 - Wave 4 - Framework Timing Report.pdf,Format Monthly Sheets 06.26,Format Monthly Sheets,1,7,Raw archive detail - archive sheet visibility enforced visible: Source - Banners 06.,Raw archive detail - archive sheet visibility enforced visible: Source - Banners,0.091,19.129,OK,158.060,0.095,106.731
Format Monthly Sheets,v1.8.9.3 - Wave 4 - Framework Timing Report.pdf,Format Monthly Sheets 06.26,Format Monthly Sheets,1,8,Raw data copied to archive: Source - Banners,Raw data copied to archive: Source - Banners,0.000,19.129,OK,158.060,0.000,106.731
Format Monthly Sheets,v1.8.9.3 - Wave 4 - Framework Timing Report.pdf,Format Monthly Sheets 06.26,Format Monthly Sheets,1,9,Local raw sheet deleted to preserve workbook speed,Local raw sheet deleted to preserve workbook speed,2.065,21.194,OK,158.060,0.752,106.731
Format Monthly Sheets,v1.8.9.3 - Wave 4 - Framework Timing Report.pdf,Format Monthly Sheets 06.26,Format Monthly Sheets,1,10,Hide governed output sheet: Banners 06.,Hide governed output sheet: Banners,0.866,22.060,OK,158.060,0.758,106.731
Format Monthly Sheets,v1.8.9.3 - Wave 4 - Framework Timing Report.pdf,Format Monthly Sheets 06.26,Format Monthly Sheets,1,11,Formatted monthly import tab: B from B June,Formatted monthly import tab: B from B,0.164,22.224,OK,158.060,0.168,106.731
Format Monthly Sheets,v1.8.9.3 - Wave 4 - Framework Timing Report.pdf,Format Monthly Sheets 06.26,Format Monthly Sheets,1,12,Prepared monthly dashboard source: CD June,Prepared monthly dashboard source: CD,0.862,23.086,OK,158.060,1.110,106.731
Format Monthly Sheets,v1.8.9.3 - Wave 4 - Framework Timing Report.pdf,Format Monthly Sheets 06.26,Format Monthly Sheets,1,13,Mapped monthly dashboard rows in memory:,Mapped monthly dashboard rows in memory,0.695,23.781,OK,158.060,0.762,106.731
Format Monthly Sheets,v1.8.9.3 - Wave 4 - Framework Timing Report.pdf,Format Monthly Sheets 06.26,Format Monthly Sheets,1,14,Monthly dashboard fast canvas - blank sheet inserted in configured creation order: CP Due 06.,Monthly dashboard fast canvas - blank sheet inserted in configured creation order: CP Due,12.610,36.391,SLOW,158.060,12.014,106.731
Format Monthly Sheets,v1.8.9.3 - Wave 4 - Framework Timing Report.pdf,Format Monthly Sheets 06.26,Format Monthly Sheets,1,15,Monthly dashboard fast canvas - grid resized to 340 rows x 5 cols: CP Due 06.,Monthly dashboard fast canvas - grid resized to 340 rows x 5 cols: CP Due,1.512,37.903,OK,158.060,0.844,106.731
Format Monthly Sheets,v1.8.9.3 - Wave 4 - Framework Timing Report.pdf,Format Monthly Sheets 06.26,Format Monthly Sheets,1,16,Monthly dashboard fast canvas - template column widths applied: CP Due 06.,Monthly dashboard fast canvas - template column widths applied: CP Due,0.939,38.842,OK,158.060,0.860,106.731
Format Monthly Sheets,v1.8.9.3 - Wave 4 - Framework Timing Report.pdf,Format Monthly Sheets 06.26,Format Monthly Sheets,1,17,Monthly dashboard fast canvas - raw values written | Rows: 336: CP Due 06.,Monthly dashboard fast canvas - raw values written | Rows: 336: CP Due,0.018,38.860,OK,158.060,0.017,106.731
Format Monthly Sheets,v1.8.9.3 - Wave 4 - Framework Timing Report.pdf,Format Monthly Sheets 06.26,Format Monthly Sheets,1,18,Monthly dashboard fast canvas - title rows copied from template: CP Due 06.,Monthly dashboard fast canvas - title rows copied from template: CP Due,0.007,38.867,OK,158.060,0.008,106.731
Format Monthly Sheets,v1.8.9.3 - Wave 4 - Framework Timing Report.pdf,Format Monthly Sheets 06.26,Format Monthly Sheets,1,19,Monthly dashboard fast canvas - header row copied from template: CP Due 06.,Monthly dashboard fast canvas - header row copied from template: CP Due,0.007,38.874,OK,158.060,0.006,106.731
Format Monthly Sheets,v1.8.9.3 - Wave 4 - Framework Timing Report.pdf,Format Monthly Sheets 06.26,Format Monthly Sheets,1,20,Monthly dashboard fast canvas - data-row format copied from template | Rows: 336: CP Due 06.,Monthly dashboard fast canvas - data-row format copied from template | Rows: 336: CP Due,0.006,38.880,OK,158.060,0.006,106.731
Format Monthly Sheets,v1.8.9.3 - Wave 4 - Framework Timing Report.pdf,Format Monthly Sheets 06.26,Format Monthly Sheets,1,21,Monthly dashboard fast canvas - title/date/header values stamped: CP Due 06.,Monthly dashboard fast canvas - title/date/header values stamped: CP Due,0.014,38.894,OK,158.060,0.018,106.731
Format Monthly Sheets,v1.8.9.3 - Wave 4 - Framework Timing Report.pdf,Format Monthly Sheets 06.26,Format Monthly Sheets,1,22,Monthly dashboard fast canvas - frozen rows/columns and tab color applied: CP Due 06.,Monthly dashboard fast canvas - frozen rows/columns and tab color applied: CP Due,1.306,40.200,OK,158.060,2.161,106.731
Format Monthly Sheets,v1.8.9.3 - Wave 4 - Framework Timing Report.pdf,Format Monthly Sheets 06.26,Format Monthly Sheets,1,23,Monthly dashboard fast canvas - filter created: CP Due 06.,Monthly dashboard fast canvas - filter created: CP Due,0.860,41.060,OK,158.060,0.915,106.731
Format Monthly Sheets,v1.8.9.3 - Wave 4 - Framework Timing Report.pdf,Format Monthly Sheets 06.26,Format Monthly Sheets,1,24,Monthly dashboard fast canvas - template-driven canvas wrap applied: CP Due 06.,Monthly dashboard fast canvas - template-driven canvas wrap applied: CP Due,0.942,42.002,OK,158.060,0.481,106.731
Format Monthly Sheets,v1.8.9.3 - Wave 4 - Framework Timing Report.pdf,Format Monthly Sheets 06.26,Format Monthly Sheets,1,25,Monthly dashboard fast canvas - runtime caches cleared: CP Due 06.,Monthly dashboard fast canvas - runtime caches cleared: CP Due,0.002,42.004,OK,158.060,0.004,106.731
Format Monthly Sheets,v1.8.9.3 - Wave 4 - Framework Timing Report.pdf,Format Monthly Sheets 06.26,Format Monthly Sheets,1,26,Created monthly dashboard fast canvas: CP Due,Created monthly dashboard fast canvas: CP Due,0.000,42.004,OK,158.060,0.000,106.731
Format Monthly Sheets,v1.8.9.3 - Wave 4 - Framework Timing Report.pdf,Format Monthly Sheets 06.26,Format Monthly Sheets,1,27,Locked monthly dashboard row heights: CP Due 06.,Locked monthly dashboard row heights: CP Due,1.130,43.134,OK,158.060,0.696,106.731
Format Monthly Sheets,v1.8.9.3 - Wave 4 - Framework Timing Report.pdf,Format Monthly Sheets 06.26,Format Monthly Sheets,1,28,Raw archive detail - archive workbook opened: Source - CP Due 06.,Raw archive detail - archive workbook opened: Source - CP Due,0.158,43.292,OK,158.060,0.180,106.731
Format Monthly Sheets,v1.8.9.3 - Wave 4 - Framework Timing Report.pdf,Format Monthly Sheets 06.26,Format Monthly Sheets,1,29,Raw archive detail - existing archive sheet deleted if present: Source - CP Due 06.,Raw archive detail - existing archive sheet deleted if present: Source - CP Due,0.002,43.294,OK,158.060,0.098,106.731
Format Monthly Sheets,v1.8.9.3 - Wave 4 - Framework Timing Report.pdf,Format Monthly Sheets 06.26,Format Monthly Sheets,1,30,Raw archive detail - source sheet copied to archive workbook: Source - CP Due 06.,Raw archive detail - source sheet copied to archive workbook: Source - CP Due,1.979,45.273,OK,158.060,1.282,106.731
Format Monthly Sheets,v1.8.9.3 - Wave 4 - Framework Timing Report.pdf,Format Monthly Sheets 06.26,Format Monthly Sheets,1,31,Raw archive detail - archive sheet renamed: Source - CP Due 06.,Raw archive detail - archive sheet renamed: Source - CP Due,0.138,45.411,OK,158.060,0.163,106.731
Format Monthly Sheets,v1.8.9.3 - Wave 4 - Framework Timing Report.pdf,Format Monthly Sheets 06.26,Format Monthly Sheets,1,32,Raw archive detail - archive sheet visibility enforced visible: Source - CP Due 06.,Raw archive detail - archive sheet visibility enforced visible: Source - CP Due,0.088,45.499,OK,158.060,0.084,106.731
Format Monthly Sheets,v1.8.9.3 - Wave 4 - Framework Timing Report.pdf,Format Monthly Sheets 06.26,Format Monthly Sheets,1,33,Raw data copied to archive: Source - CP Due,Raw data copied to archive: Source - CP Due,0.000,45.499,OK,158.060,0.000,106.731
Format Monthly Sheets,v1.8.9.3 - Wave 4 - Framework Timing Report.pdf,Format Monthly Sheets 06.26,Format Monthly Sheets,1,34,Local raw sheet deleted to preserve workbook speed,Local raw sheet deleted to preserve workbook speed,0.595,46.094,OK,158.060,0.752,106.731
Format Monthly Sheets,v1.8.9.3 - Wave 4 - Framework Timing Report.pdf,Format Monthly Sheets 06.26,Format Monthly Sheets,1,35,Hide governed output sheet: CP Due 06.,Hide governed output sheet: CP Due,1.056,47.150,OK,158.060,0.703,106.731
Format Monthly Sheets,v1.8.9.3 - Wave 4 - Framework Timing Report.pdf,Format Monthly Sheets 06.26,Format Monthly Sheets,1,36,Formatted monthly import tab: CD from CD June,Formatted monthly import tab: CD from CD,0.198,47.348,OK,158.060,0.162,106.731
Format Monthly Sheets,v1.8.9.3 - Wave 4 - Framework Timing Report.pdf,Format Monthly Sheets 06.26,Format Monthly Sheets,1,37,Prepared monthly dashboard source: UC June,Prepared monthly dashboard source: UC,0.678,48.026,OK,158.060,0.774,106.731
Format Monthly Sheets,v1.8.9.3 - Wave 4 - Framework Timing Report.pdf,Format Monthly Sheets 06.26,Format Monthly Sheets,1,38,Mapped monthly dashboard rows in memory:,Mapped monthly dashboard rows in memory,1.616,49.642,OK,158.060,0.762,106.731
Format Monthly Sheets,v1.8.9.3 - Wave 4 - Framework Timing Report.pdf,Format Monthly Sheets 06.26,Format Monthly Sheets,1,39,Monthly dashboard fast canvas - blank sheet inserted in configured creation order: Unlock CP 06.,Monthly dashboard fast canvas - blank sheet inserted in configured creation order: Unlock CP,25.654,75.296,SLOW,158.060,11.441,106.731
Format Monthly Sheets,v1.8.9.3 - Wave 4 - Framework Timing Report.pdf,Format Monthly Sheets 06.26,Format Monthly Sheets,1,40,Monthly dashboard fast canvas - grid resized to 353 rows x 4 cols: Unlock CP 06.,Monthly dashboard fast canvas - grid resized to 353 rows x 4 cols: Unlock CP,1.378,76.674,OK,158.060,1.478,106.731
Format Monthly Sheets,v1.8.9.3 - Wave 4 - Framework Timing Report.pdf,Format Monthly Sheets 06.26,Format Monthly Sheets,1,41,Monthly dashboard fast canvas - template column widths applied: Unlock CP 06.,Monthly dashboard fast canvas - template column widths applied: Unlock CP,0.648,77.322,OK,158.060,0.559,106.731
Format Monthly Sheets,v1.8.9.3 - Wave 4 - Framework Timing Report.pdf,Format Monthly Sheets 06.26,Format Monthly Sheets,1,42,Monthly dashboard fast canvas - raw values written | Rows: 349: Unlock CP 06.,Monthly dashboard fast canvas - raw values written | Rows: 349: Unlock CP,0.017,77.339,OK,158.060,0.042,106.731
Format Monthly Sheets,v1.8.9.3 - Wave 4 - Framework Timing Report.pdf,Format Monthly Sheets 06.26,Format Monthly Sheets,1,43,Monthly dashboard fast canvas - title rows copied from template: Unlock CP 06.,Monthly dashboard fast canvas - title rows copied from template: Unlock CP,0.007,77.346,OK,158.060,0.015,106.731
Format Monthly Sheets,v1.8.9.3 - Wave 4 - Framework Timing Report.pdf,Format Monthly Sheets 06.26,Format Monthly Sheets,1,44,Monthly dashboard fast canvas - header row copied from template: Unlock CP 06.,Monthly dashboard fast canvas - header row copied from template: Unlock CP,0.005,77.351,OK,158.060,0.014,106.731
Format Monthly Sheets,v1.8.9.3 - Wave 4 - Framework Timing Report.pdf,Format Monthly Sheets 06.26,Format Monthly Sheets,1,45,Monthly dashboard fast canvas - data-row format copied from template | Rows: 349: Unlock CP 06.,Monthly dashboard fast canvas - data-row format copied from template | Rows: 349: Unlock CP,0.006,77.357,OK,158.060,0.021,106.731
Format Monthly Sheets,v1.8.9.3 - Wave 4 - Framework Timing Report.pdf,Format Monthly Sheets 06.26,Format Monthly Sheets,1,46,Monthly dashboard fast canvas - title/date/header values stamped: Unlock CP 06.,Monthly dashboard fast canvas - title/date/header values stamped: Unlock CP,0.021,77.378,OK,158.060,0.039,106.731
Format Monthly Sheets,v1.8.9.3 - Wave 4 - Framework Timing Report.pdf,Format Monthly Sheets 06.26,Format Monthly Sheets,1,47,Monthly dashboard fast canvas - frozen rows/columns and tab color applied: Unlock CP 06.,Monthly dashboard fast canvas - frozen rows/columns and tab color applied: Unlock CP,1.621,78.999,OK,158.060,1.001,106.731
Format Monthly Sheets,v1.8.9.3 - Wave 4 - Framework Timing Report.pdf,Format Monthly Sheets 06.26,Format Monthly Sheets,1,48,Monthly dashboard fast canvas - filter created: Unlock CP 06.,Monthly dashboard fast canvas - filter created: Unlock CP,1.080,80.079,OK,158.060,0.845,106.731
Format Monthly Sheets,v1.8.9.3 - Wave 4 - Framework Timing Report.pdf,Format Monthly Sheets 06.26,Format Monthly Sheets,1,49,Monthly dashboard fast canvas - template-driven canvas wrap applied: Unlock CP 06.,Monthly dashboard fast canvas - template-driven canvas wrap applied: Unlock CP,0.953,81.032,OK,158.060,0.465,106.731
Format Monthly Sheets,v1.8.9.3 - Wave 4 - Framework Timing Report.pdf,Format Monthly Sheets 06.26,Format Monthly Sheets,1,50,Monthly dashboard fast canvas - runtime caches cleared: Unlock CP 06.,Monthly dashboard fast canvas - runtime caches cleared: Unlock CP,0.003,81.035,OK,158.060,0.010,106.731
Format Monthly Sheets,v1.8.9.3 - Wave 4 - Framework Timing Report.pdf,Format Monthly Sheets 06.26,Format Monthly Sheets,1,51,Created monthly dashboard fast canvas: Unlock CP,Created monthly dashboard fast canvas: Unlock CP,0.000,81.035,OK,158.060,0.000,106.731
Format Monthly Sheets,v1.8.9.3 - Wave 4 - Framework Timing Report.pdf,Format Monthly Sheets 06.26,Format Monthly Sheets,1,52,Locked monthly dashboard row heights: Unlock CP 06.,Locked monthly dashboard row heights: Unlock CP,1.560,82.595,OK,158.060,0.941,106.731
Format Monthly Sheets,v1.8.9.3 - Wave 4 - Framework Timing Report.pdf,Format Monthly Sheets 06.26,Format Monthly Sheets,1,53,Raw archive detail - archive workbook opened: Source - Unlocked CP 06.,Raw archive detail - archive workbook opened: Source - Unlocked CP,0.147,82.742,OK,158.060,0.172,106.731
Format Monthly Sheets,v1.8.9.3 - Wave 4 - Framework Timing Report.pdf,Format Monthly Sheets 06.26,Format Monthly Sheets,1,54,Raw archive detail - existing archive sheet deleted if present: Source - Unlocked CP 06.,Raw archive detail - existing archive sheet deleted if present: Source - Unlocked CP,0.001,82.743,OK,158.060,0.097,106.731
Format Monthly Sheets,v1.8.9.3 - Wave 4 - Framework Timing Report.pdf,Format Monthly Sheets 06.26,Format Monthly Sheets,1,55,Raw archive detail - source sheet copied to archive workbook: Source - Unlocked CP 06.,Raw archive detail - source sheet copied to archive workbook: Source - Unlocked CP,1.743,84.486,OK,158.060,1.249,106.731
Format Monthly Sheets,v1.8.9.3 - Wave 4 - Framework Timing Report.pdf,Format Monthly Sheets 06.26,Format Monthly Sheets,1,56,Raw archive detail - archive sheet renamed: Source - Unlocked CP 06.,Raw archive detail - archive sheet renamed: Source - Unlocked CP,0.272,84.758,OK,158.060,0.217,106.731
Format Monthly Sheets,v1.8.9.3 - Wave 4 - Framework Timing Report.pdf,Format Monthly Sheets 06.26,Format Monthly Sheets,1,57,Raw archive detail - archive sheet visibility enforced visible: Source - Unlocked CP 06.,Raw archive detail - archive sheet visibility enforced visible: Source - Unlocked CP,0.182,84.940,OK,158.060,0.099,106.731
Format Monthly Sheets,v1.8.9.3 - Wave 4 - Framework Timing Report.pdf,Format Monthly Sheets 06.26,Format Monthly Sheets,1,58,Raw data copied to archive: Source - Unlocked CP,Raw data copied to archive: Source - Unlocked CP,0.000,84.940,OK,158.060,0.000,106.731
Format Monthly Sheets,v1.8.9.3 - Wave 4 - Framework Timing Report.pdf,Format Monthly Sheets 06.26,Format Monthly Sheets,1,59,Local raw sheet deleted to preserve workbook speed,Local raw sheet deleted to preserve workbook speed,2.001,86.941,OK,158.060,0.752,106.731
Format Monthly Sheets,v1.8.9.3 - Wave 4 - Framework Timing Report.pdf,Format Monthly Sheets 06.26,Format Monthly Sheets,1,60,Hide governed output sheet: Unlock CP 06.,Hide governed output sheet: Unlock CP,9.874,96.815,OK,158.060,1.091,106.731
Format Monthly Sheets,v1.8.9.3 - Wave 4 - Framework Timing Report.pdf,Format Monthly Sheets 06.26,Format Monthly Sheets,1,61,Formatted monthly import tab: UC from UC June,Formatted monthly import tab: UC from UC,0.618,97.433,OK,158.060,0.145,106.731
Format Monthly Sheets,v1.8.9.3 - Wave 4 - Framework Timing Report.pdf,Format Monthly Sheets 06.26,Format Monthly Sheets,1,62,Read Raw Data source in place without editing imported values | Rows:,Read Raw Data source in place without editing imported values | Rows,16.204,113.637,SLOW,158.060,5.920,106.731
Format Monthly Sheets,v1.8.9.3 - Wave 4 - Framework Timing Report.pdf,Format Monthly Sheets 06.26,Format Monthly Sheets,1,63,Rename Raw Data import sheet in place and place in configured creation order: RD June -> Raw Data 06.,Rename Raw Data import sheet in place and place in configured creation order: RD -> Raw Data,7.850,121.487,OK,158.060,7.021,106.731
Format Monthly Sheets,v1.8.9.3 - Wave 4 - Framework Timing Report.pdf,Format Monthly Sheets 06.26,Format Monthly Sheets,1,64,Wave 4 Raw Data header row detection complete | Header row:,Wave 4 Raw Data header row detection complete | Header row,1.111,122.598,OK,158.060,0.730,106.731
Format Monthly Sheets,v1.8.9.3 - Wave 4 - Framework Timing Report.pdf,Format Monthly Sheets 06.26,Format Monthly Sheets,1,65,Wave 4 Raw Data title-row insert complete | Rows inserted:,Wave 4 Raw Data title-row insert complete | Rows inserted,0.152,122.750,OK,158.060,0.998,106.731
Format Monthly Sheets,v1.8.9.3 - Wave 4 - Framework Timing Report.pdf,Format Monthly Sheets 06.26,Format Monthly Sheets,1,66,Wave 4 Raw Data approved-column append complete | Columns added:,Wave 4 Raw Data approved-column append complete | Columns added,0.684,123.434,OK,158.060,1.084,106.731
Format Monthly Sheets,v1.8.9.3 - Wave 4 - Framework Timing Report.pdf,Format Monthly Sheets 06.26,Format Monthly Sheets,1,67,Wave 4 Raw Data title/header formatting start | Width:,Wave 4 Raw Data title/header formatting start | Width,0.472,123.906,OK,158.060,0.545,106.731
Format Monthly Sheets,v1.8.9.3 - Wave 4 - Framework Timing Report.pdf,Format Monthly Sheets 06.26,Format Monthly Sheets,1,68,Wave 4 Raw Data title/header formatting complete,Wave 4 Raw Data title/header formatting complete,0.260,124.166,OK,158.060,0.271,106.731
Format Monthly Sheets,v1.8.9.3 - Wave 4 - Framework Timing Report.pdf,Format Monthly Sheets 06.26,Format Monthly Sheets,1,69,Wave 4 Raw Data frozen rows set,Wave 4 Raw Data frozen rows set,0.370,124.536,OK,158.060,0.635,106.731
Format Monthly Sheets,v1.8.9.3 - Wave 4 - Framework Timing Report.pdf,Format Monthly Sheets 06.26,Format Monthly Sheets,1,70,Wave 4 Raw Data filter removal skipped - no existing filter,Wave 4 Raw Data filter removal skipped - no existing filter,0.203,124.739,OK,158.060,0.292,106.731
Format Monthly Sheets,v1.8.9.3 - Wave 4 - Framework Timing Report.pdf,Format Monthly Sheets 06.26,Format Monthly Sheets,1,71,Wave 4 Raw Data filter creation complete | Rows: 5984; Columns:,Wave 4 Raw Data filter creation complete | Rows: 5984; Columns,0.402,125.141,OK,158.060,0.701,106.731
Format Monthly Sheets,v1.8.9.3 - Wave 4 - Framework Timing Report.pdf,Format Monthly Sheets 06.26,Format Monthly Sheets,1,72,"Wave 4 Raw Data in-place title/header/column work complete | Added columns: Notes, Safety - 2 Person, Wanderer, Interpreter Needed, Fall Risk, DPOA or Guardian Active, Palliative Care, Primary PMR Row","Wave 4 Raw Data in-place title/header/column work complete | Added columns: Notes, Safety - 2 Person, Wanderer, Interpreter Needed, Fall Risk, DPOA or Guardian Active, Palliative Care, Primary PMR Row",0.003,125.144,OK,158.060,0.004,106.731
Format Monthly Sheets,v1.8.9.3 - Wave 4 - Framework Timing Report.pdf,Format Monthly Sheets 06.26,Format Monthly Sheets,1,73,Wave 4 Raw Data approved-sync columns start,Wave 4 Raw Data approved-sync columns start,0.000,125.144,OK,158.060,0.000,106.731
Format Monthly Sheets,v1.8.9.3 - Wave 4 - Framework Timing Report.pdf,Format Monthly Sheets 06.26,Format Monthly Sheets,1,74,Wave 4 Raw Data approved-sync bulk read complete | Rows:,Wave 4 Raw Data approved-sync bulk read complete | Rows,4.192,129.336,OK,158.060,4.008,106.731
Format Monthly Sheets,v1.8.9.3 - Wave 4 - Framework Timing Report.pdf,Format Monthly Sheets 06.26,Format Monthly Sheets,1,75,Wave 4 Raw Data approved-sync guarded write complete | Changed column groups:,Wave 4 Raw Data approved-sync guarded write complete | Changed column groups,0.070,129.406,OK,158.060,0.077,106.731
Format Monthly Sheets,v1.8.9.3 - Wave 4 - Framework Timing Report.pdf,Format Monthly Sheets 06.26,Format Monthly Sheets,1,76,Wave 4 Raw Data approved-sync columns complete | Changed column groups:,Wave 4 Raw Data approved-sync columns complete | Changed column groups,0.006,129.412,OK,158.060,0.006,106.731
Format Monthly Sheets,v1.8.9.3 - Wave 4 - Framework Timing Report.pdf,Format Monthly Sheets 06.26,Format Monthly Sheets,1,77,Wave 4 Raw Data banner-column sync start,Wave 4 Raw Data banner-column sync start,0.000,129.412,OK,158.060,0.000,106.731
Format Monthly Sheets,v1.8.9.3 - Wave 4 - Framework Timing Report.pdf,Format Monthly Sheets 06.26,Format Monthly Sheets,1,78,Wave 4 Raw Data banner-sync bulk read complete | Rows:,Wave 4 Raw Data banner-sync bulk read complete | Rows,4.498,133.910,OK,158.060,4.399,106.731
Format Monthly Sheets,v1.8.9.3 - Wave 4 - Framework Timing Report.pdf,Format Monthly Sheets 06.26,Format Monthly Sheets,1,79,Wave 4 Raw Data banner-sync source map built | Keys:,Wave 4 Raw Data banner-sync source map built | Keys,0.772,134.682,OK,158.060,0.740,106.731
Format Monthly Sheets,v1.8.9.3 - Wave 4 - Framework Timing Report.pdf,Format Monthly Sheets 06.26,Format Monthly Sheets,1,80,Wave 4 Raw Data banner-sync guarded write complete | Changed column groups:,Wave 4 Raw Data banner-sync guarded write complete | Changed column groups,1.554,136.236,OK,158.060,1.222,106.731
Format Monthly Sheets,v1.8.9.3 - Wave 4 - Framework Timing Report.pdf,Format Monthly Sheets 06.26,Format Monthly Sheets,1,81,Wave 4 Raw Data banner-column sync complete | Rows updated:,Wave 4 Raw Data banner-column sync complete | Rows updated,0.007,136.243,OK,158.060,0.010,106.731
Format Monthly Sheets,v1.8.9.3 - Wave 4 - Framework Timing Report.pdf,Format Monthly Sheets 06.26,Format Monthly Sheets,1,82,Wave 4 Raw Data row-height lock start,Wave 4 Raw Data row-height lock start,0.001,136.244,OK,158.060,0.000,106.731
Format Monthly Sheets,v1.8.9.3 - Wave 4 - Framework Timing Report.pdf,Format Monthly Sheets 06.26,Format Monthly Sheets,1,83,Wave 4 Raw Data row-height lock complete,Wave 4 Raw Data row-height lock complete,0.826,137.070,OK,158.060,0.992,106.731
Format Monthly Sheets,v1.8.9.3 - Wave 4 - Framework Timing Report.pdf,Format Monthly Sheets 06.26,Format Monthly Sheets,1,84,Wave 4 Raw Data visibility policy start,Wave 4 Raw Data visibility policy start,0.000,137.070,OK,158.060,0.000,106.731
Format Monthly Sheets,v1.8.9.3 - Wave 4 - Framework Timing Report.pdf,Format Monthly Sheets 06.26,Format Monthly Sheets,1,85,Hide governed output sheet: Raw Data 06.,Hide governed output sheet: Raw Data,0.215,137.285,OK,158.060,0.288,106.731
Format Monthly Sheets,v1.8.9.3 - Wave 4 - Framework Timing Report.pdf,Format Monthly Sheets 06.26,Format Monthly Sheets,1,86,Wave 4 Raw Data visibility policy complete,Wave 4 Raw Data visibility policy complete,0.000,137.285,OK,158.060,0.000,106.731
Format Monthly Sheets,v1.8.9.3 - Wave 4 - Framework Timing Report.pdf,Format Monthly Sheets 06.26,Format Monthly Sheets,1,87,Raw Data Index refresh deferred,Raw Data Index refresh deferred,0.002,137.287,OK,158.060,0.005,106.731
Format Monthly Sheets,v1.8.9.3 - Wave 4 - Framework Timing Report.pdf,Format Monthly Sheets 06.26,Format Monthly Sheets,1,88,Formatted monthly Raw Data in place without deleting imported columns: Raw Data 06.,Formatted monthly Raw Data in place without deleting imported columns: Raw Data,0.079,137.366,OK,158.060,1.100,106.731
Format Monthly Sheets,v1.8.9.3 - Wave 4 - Framework Timing Report.pdf,Format Monthly Sheets 06.26,Format Monthly Sheets,1,89,Formatted monthly import tab: RD from RD June,Formatted monthly import tab: RD from RD,0.001,137.367,OK,158.060,0.002,106.731
Format Monthly Sheets,v1.8.9.3 - Wave 4 - Framework Timing Report.pdf,Format Monthly Sheets 06.26,Format Monthly Sheets,1,90,Index explicitly refreshed once after all monthly sheets formatted,Index explicitly refreshed once after all monthly sheets formatted,20.549,157.916,SLOW,158.060,15.158,106.731
Format Monthly Sheets,v1.8.9.3 - Wave 4 - Framework Timing Report.pdf,Format Monthly Sheets 06.26,Format Monthly Sheets,1,91,Complete,Complete,0.144,158.060,OK,158.060,0.105,106.731
Format Monthly Sheets,v1.8.9.3 - Wave 4.1 - Framework Timing Report (1).pdf,Format Monthly Sheets 04.26,Format Monthly Sheets,1,1,Monthly dashboard fast canvas - frozen rows/columns and tab color applied: CP Due 04.,Monthly dashboard fast canvas - frozen rows/columns and tab color applied: CP Due,25.077,25.077,OK,82.883,2.161,106.731
Format Monthly Sheets,v1.8.9.3 - Wave 4.1 - Framework Timing Report (1).pdf,Format Monthly Sheets 04.26,Format Monthly Sheets,1,2,Monthly dashboard fast canvas - filter created: CP Due 04.,Monthly dashboard fast canvas - filter created: CP Due,0.428,25.505,OK,82.883,0.915,106.731
Format Monthly Sheets,v1.8.9.3 - Wave 4.1 - Framework Timing Report (1).pdf,Format Monthly Sheets 04.26,Format Monthly Sheets,1,3,Monthly dashboard fast canvas - template-driven canvas wrap applied: CP Due 04.,Monthly dashboard fast canvas - template-driven canvas wrap applied: CP Due,0.497,26.002,OK,82.883,0.481,106.731
Format Monthly Sheets,v1.8.9.3 - Wave 4.1 - Framework Timing Report (1).pdf,Format Monthly Sheets 04.26,Format Monthly Sheets,1,4,Monthly dashboard fast canvas - runtime caches cleared: CP Due 04.,Monthly dashboard fast canvas - runtime caches cleared: CP Due,0.003,26.005,OK,82.883,0.004,106.731
Format Monthly Sheets,v1.8.9.3 - Wave 4.1 - Framework Timing Report (1).pdf,Format Monthly Sheets 04.26,Format Monthly Sheets,1,5,Created monthly dashboard fast canvas: CP Due,Created monthly dashboard fast canvas: CP Due,0.000,26.005,OK,82.883,0.000,106.731
Format Monthly Sheets,v1.8.9.3 - Wave 4.1 - Framework Timing Report (1).pdf,Format Monthly Sheets 04.26,Format Monthly Sheets,1,6,Locked monthly dashboard row heights: CP Due 04.,Locked monthly dashboard row heights: CP Due,0.468,26.473,OK,82.883,0.696,106.731
Format Monthly Sheets,v1.8.9.3 - Wave 4.1 - Framework Timing Report (1).pdf,Format Monthly Sheets 04.26,Format Monthly Sheets,1,7,Raw archive detail - reused pre-opened archive workbook connection: Source - CP Due 04.,Raw archive detail - reused pre-opened archive workbook connection: Source - CP Due,0.001,26.474,OK,82.883,0.000,106.731
Format Monthly Sheets,v1.8.9.3 - Wave 4.1 - Framework Timing Report (1).pdf,Format Monthly Sheets 04.26,Format Monthly Sheets,1,8,Raw archive detail - existing archive sheet deleted if present: Source - CP Due 04.,Raw archive detail - existing archive sheet deleted if present: Source - CP Due,0.319,26.793,OK,82.883,0.098,106.731
Format Monthly Sheets,v1.8.9.3 - Wave 4.1 - Framework Timing Report (1).pdf,Format Monthly Sheets 04.26,Format Monthly Sheets,1,9,Raw archive detail - source sheet copied to archive workbook: Source - CP Due 04.,Raw archive detail - source sheet copied to archive workbook: Source - CP Due,0.947,27.740,OK,82.883,1.282,106.731
Format Monthly Sheets,v1.8.9.3 - Wave 4.1 - Framework Timing Report (1).pdf,Format Monthly Sheets 04.26,Format Monthly Sheets,1,10,Raw archive detail - archive sheet renamed: Source - CP Due 04.,Raw archive detail - archive sheet renamed: Source - CP Due,0.153,27.893,OK,82.883,0.163,106.731
Format Monthly Sheets,v1.8.9.3 - Wave 4.1 - Framework Timing Report (1).pdf,Format Monthly Sheets 04.26,Format Monthly Sheets,1,11,Raw archive detail - archive sheet visibility enforced visible: Source - CP Due 04.,Raw archive detail - archive sheet visibility enforced visible: Source - CP Due,0.101,27.994,OK,82.883,0.084,106.731
Format Monthly Sheets,v1.8.9.3 - Wave 4.1 - Framework Timing Report (1).pdf,Format Monthly Sheets 04.26,Format Monthly Sheets,1,12,Raw data copied to archive: Source - CP Due,Raw data copied to archive: Source - CP Due,0.000,27.994,OK,82.883,0.000,106.731
Format Monthly Sheets,v1.8.9.3 - Wave 4.1 - Framework Timing Report (1).pdf,Format Monthly Sheets 04.26,Format Monthly Sheets,1,13,Local raw sheet deleted to preserve workbook speed,Local raw sheet deleted to preserve workbook speed,0.372,28.366,OK,82.883,0.752,106.731
Format Monthly Sheets,v1.8.9.3 - Wave 4.1 - Framework Timing Report (1).pdf,Format Monthly Sheets 04.26,Format Monthly Sheets,1,14,Hide governed output sheet: CP Due 04.,Hide governed output sheet: CP Due,0.501,28.867,OK,82.883,0.703,106.731
Format Monthly Sheets,v1.8.9.3 - Wave 4.1 - Framework Timing Report (1).pdf,Format Monthly Sheets 04.26,Format Monthly Sheets,1,15,Formatted monthly import tab: CD from CD April,Formatted monthly import tab: CD from CD,0.080,28.947,OK,82.883,0.162,106.731
Format Monthly Sheets,v1.8.9.3 - Wave 4.1 - Framework Timing Report (1).pdf,Format Monthly Sheets 04.26,Format Monthly Sheets,1,16,Prepared monthly dashboard source: UC April,Prepared monthly dashboard source: UC,0.621,29.568,OK,82.883,0.774,106.731
Format Monthly Sheets,v1.8.9.3 - Wave 4.1 - Framework Timing Report (1).pdf,Format Monthly Sheets 04.26,Format Monthly Sheets,1,17,Mapped monthly dashboard rows in memory:,Mapped monthly dashboard rows in memory,0.603,30.171,OK,82.883,0.762,106.731
Format Monthly Sheets,v1.8.9.3 - Wave 4.1 - Framework Timing Report (1).pdf,Format Monthly Sheets 04.26,Format Monthly Sheets,1,18,Monthly dashboard fast canvas - blank sheet inserted in configured creation order: Unlock CP 04.,Monthly dashboard fast canvas - blank sheet inserted in configured creation order: Unlock CP,7.524,37.695,OK,82.883,11.441,106.731
Format Monthly Sheets,v1.8.9.3 - Wave 4.1 - Framework Timing Report (1).pdf,Format Monthly Sheets 04.26,Format Monthly Sheets,1,19,Monthly dashboard fast canvas - grid resized to 358 rows x 4 cols: Unlock CP 04.,Monthly dashboard fast canvas - grid resized to 358 rows x 4 cols: Unlock CP,0.603,38.298,OK,82.883,0.753,106.731
Format Monthly Sheets,v1.8.9.3 - Wave 4.1 - Framework Timing Report (1).pdf,Format Monthly Sheets 04.26,Format Monthly Sheets,1,20,Monthly dashboard fast canvas - template column widths applied: Unlock CP 04.,Monthly dashboard fast canvas - template column widths applied: Unlock CP,0.418,38.716,OK,82.883,0.559,106.731
Format Monthly Sheets,v1.8.9.3 - Wave 4.1 - Framework Timing Report (1).pdf,Format Monthly Sheets 04.26,Format Monthly Sheets,1,21,Monthly dashboard fast canvas - raw values written | Rows: 354: Unlock CP 04.,Monthly dashboard fast canvas - raw values written | Rows: 354: Unlock CP,0.020,38.736,OK,82.883,0.019,106.731
Format Monthly Sheets,v1.8.9.3 - Wave 4.1 - Framework Timing Report (1).pdf,Format Monthly Sheets 04.26,Format Monthly Sheets,1,22,Monthly dashboard fast canvas - title rows copied from template: Unlock CP 04.,Monthly dashboard fast canvas - title rows copied from template: Unlock CP,0.015,38.751,OK,82.883,0.015,106.731
Format Monthly Sheets,v1.8.9.3 - Wave 4.1 - Framework Timing Report (1).pdf,Format Monthly Sheets 04.26,Format Monthly Sheets,1,23,Monthly dashboard fast canvas - header row copied from template: Unlock CP 04.,Monthly dashboard fast canvas - header row copied from template: Unlock CP,0.007,38.758,OK,82.883,0.014,106.731
Format Monthly Sheets,v1.8.9.3 - Wave 4.1 - Framework Timing Report (1).pdf,Format Monthly Sheets 04.26,Format Monthly Sheets,1,24,Monthly dashboard fast canvas - data-row format copied from template | Rows: 354: Unlock CP 04.,Monthly dashboard fast canvas - data-row format copied from template | Rows: 354: Unlock CP,0.007,38.765,OK,82.883,0.012,106.731
Format Monthly Sheets,v1.8.9.3 - Wave 4.1 - Framework Timing Report (1).pdf,Format Monthly Sheets 04.26,Format Monthly Sheets,1,25,Monthly dashboard fast canvas - title/date/header values stamped: Unlock CP 04.,Monthly dashboard fast canvas - title/date/header values stamped: Unlock CP,0.042,38.807,OK,82.883,0.039,106.731
Format Monthly Sheets,v1.8.9.3 - Wave 4.1 - Framework Timing Report (1).pdf,Format Monthly Sheets 04.26,Format Monthly Sheets,1,26,Monthly dashboard fast canvas - frozen rows/columns and tab color applied: Unlock CP 04.,Monthly dashboard fast canvas - frozen rows/columns and tab color applied: Unlock CP,0.680,39.487,OK,82.883,1.001,106.731
Format Monthly Sheets,v1.8.9.3 - Wave 4.1 - Framework Timing Report (1).pdf,Format Monthly Sheets 04.26,Format Monthly Sheets,1,27,Monthly dashboard fast canvas - filter created: Unlock CP 04.,Monthly dashboard fast canvas - filter created: Unlock CP,0.545,40.032,OK,82.883,0.845,106.731
Format Monthly Sheets,v1.8.9.3 - Wave 4.1 - Framework Timing Report (1).pdf,Format Monthly Sheets 04.26,Format Monthly Sheets,1,28,Monthly dashboard fast canvas - template-driven canvas wrap applied: Unlock CP 04.,Monthly dashboard fast canvas - template-driven canvas wrap applied: Unlock CP,0.253,40.285,OK,82.883,0.465,106.731
Format Monthly Sheets,v1.8.9.3 - Wave 4.1 - Framework Timing Report (1).pdf,Format Monthly Sheets 04.26,Format Monthly Sheets,1,29,Monthly dashboard fast canvas - runtime caches cleared: Unlock CP 04.,Monthly dashboard fast canvas - runtime caches cleared: Unlock CP,0.004,40.289,OK,82.883,0.010,106.731
Format Monthly Sheets,v1.8.9.3 - Wave 4.1 - Framework Timing Report (1).pdf,Format Monthly Sheets 04.26,Format Monthly Sheets,1,30,Created monthly dashboard fast canvas: Unlock CP,Created monthly dashboard fast canvas: Unlock CP,0.000,40.289,OK,82.883,0.000,106.731
Format Monthly Sheets,v1.8.9.3 - Wave 4.1 - Framework Timing Report (1).pdf,Format Monthly Sheets 04.26,Format Monthly Sheets,1,31,Locked monthly dashboard row heights: Unlock CP 04.,Locked monthly dashboard row heights: Unlock CP,0.610,40.899,OK,82.883,0.941,106.731
Format Monthly Sheets,v1.8.9.3 - Wave 4.1 - Framework Timing Report (1).pdf,Format Monthly Sheets 04.26,Format Monthly Sheets,1,32,Raw archive detail - reused pre-opened archive workbook connection: Source - Unlocked CP,Raw archive detail - reused pre-opened archive workbook connection: Source - Unlocked CP,0.000,40.899,OK,82.883,0.000,106.731
Format Monthly Sheets,v1.8.9.3 - Wave 4.1 - Framework Timing Report (1).pdf,Format Monthly Sheets 04.26,Format Monthly Sheets,1,33,Raw archive detail - existing archive sheet deleted if present: Source - Unlocked CP 04.,Raw archive detail - existing archive sheet deleted if present: Source - Unlocked CP,0.328,41.227,OK,82.883,0.097,106.731
Format Monthly Sheets,v1.8.9.3 - Wave 4.1 - Framework Timing Report (1).pdf,Format Monthly Sheets 04.26,Format Monthly Sheets,1,34,Raw archive detail - source sheet copied to archive workbook: Source - Unlocked CP 04.,Raw archive detail - source sheet copied to archive workbook: Source - Unlocked CP,0.931,42.158,OK,82.883,1.249,106.731
Format Monthly Sheets,v1.8.9.3 - Wave 4.1 - Framework Timing Report (1).pdf,Format Monthly Sheets 04.26,Format Monthly Sheets,1,35,Raw archive detail - archive sheet renamed: Source - Unlocked CP 04.,Raw archive detail - archive sheet renamed: Source - Unlocked CP,0.153,42.311,OK,82.883,0.217,106.731
Format Monthly Sheets,v1.8.9.3 - Wave 4.1 - Framework Timing Report (1).pdf,Format Monthly Sheets 04.26,Format Monthly Sheets,1,36,Raw archive detail - archive sheet visibility enforced visible: Source - Unlocked CP 04.,Raw archive detail - archive sheet visibility enforced visible: Source - Unlocked CP,0.101,42.412,OK,82.883,0.099,106.731
Format Monthly Sheets,v1.8.9.3 - Wave 4.1 - Framework Timing Report (1).pdf,Format Monthly Sheets 04.26,Format Monthly Sheets,1,37,Raw data copied to archive: Source - Unlocked CP,Raw data copied to archive: Source - Unlocked CP,0.000,42.412,OK,82.883,0.000,106.731
Format Monthly Sheets,v1.8.9.3 - Wave 4.1 - Framework Timing Report (1).pdf,Format Monthly Sheets 04.26,Format Monthly Sheets,1,38,Local raw sheet deleted to preserve workbook speed,Local raw sheet deleted to preserve workbook speed,0.406,42.818,OK,82.883,0.752,106.731
Format Monthly Sheets,v1.8.9.3 - Wave 4.1 - Framework Timing Report (1).pdf,Format Monthly Sheets 04.26,Format Monthly Sheets,1,39,Hide governed output sheet: Unlock CP 04.,Hide governed output sheet: Unlock CP,0.640,43.458,OK,82.883,1.091,106.731
Format Monthly Sheets,v1.8.9.3 - Wave 4.1 - Framework Timing Report (1).pdf,Format Monthly Sheets 04.26,Format Monthly Sheets,1,40,Formatted monthly import tab: UC from UC April,Formatted monthly import tab: UC from UC,0.082,43.540,OK,82.883,0.145,106.731
Format Monthly Sheets,v1.8.9.3 - Wave 4.1 - Framework Timing Report (1).pdf,Format Monthly Sheets 04.26,Format Monthly Sheets,1,41,Read Raw Data source in place without editing imported values | Rows:,Read Raw Data source in place without editing imported values | Rows,5.366,48.906,OK,82.883,5.920,106.731
Format Monthly Sheets,v1.8.9.3 - Wave 4.1 - Framework Timing Report (1).pdf,Format Monthly Sheets 04.26,Format Monthly Sheets,1,42,Rename Raw Data import sheet in place and place in configured creation order: RD April -> Raw Data 04.,Rename Raw Data import sheet in place and place in configured creation order: RD -> Raw Data,6.814,55.720,OK,82.883,7.021,106.731
Format Monthly Sheets,v1.8.9.3 - Wave 4.1 - Framework Timing Report (1).pdf,Format Monthly Sheets 04.26,Format Monthly Sheets,1,43,Wave 4 Raw Data header row detection complete | Header row:,Wave 4 Raw Data header row detection complete | Header row,0.545,56.265,OK,82.883,0.730,106.731
Format Monthly Sheets,v1.8.9.3 - Wave 4.1 - Framework Timing Report (1).pdf,Format Monthly Sheets 04.26,Format Monthly Sheets,1,44,Wave 4 Raw Data title-row insert complete | Rows inserted:,Wave 4 Raw Data title-row insert complete | Rows inserted,0.134,56.399,OK,82.883,0.998,106.731
Format Monthly Sheets,v1.8.9.3 - Wave 4.1 - Framework Timing Report (1).pdf,Format Monthly Sheets 04.26,Format Monthly Sheets,1,45,Wave 4 Raw Data approved-column append complete | Columns added:,Wave 4 Raw Data approved-column append complete | Columns added,1.473,57.872,OK,82.883,1.084,106.731
Format Monthly Sheets,v1.8.9.3 - Wave 4.1 - Framework Timing Report (1).pdf,Format Monthly Sheets 04.26,Format Monthly Sheets,1,46,Wave 4 Raw Data title/header formatting start | Width:,Wave 4 Raw Data title/header formatting start | Width,0.543,58.415,OK,82.883,0.545,106.731
Format Monthly Sheets,v1.8.9.3 - Wave 4.1 - Framework Timing Report (1).pdf,Format Monthly Sheets 04.26,Format Monthly Sheets,1,47,Wave 4 Raw Data title/header formatting complete,Wave 4 Raw Data title/header formatting complete,0.209,58.624,OK,82.883,0.271,106.731
Format Monthly Sheets,v1.8.9.3 - Wave 4.1 - Framework Timing Report (1).pdf,Format Monthly Sheets 04.26,Format Monthly Sheets,1,48,Wave 4 Raw Data frozen rows set,Wave 4 Raw Data frozen rows set,0.580,59.204,OK,82.883,0.635,106.731
Format Monthly Sheets,v1.8.9.3 - Wave 4.1 - Framework Timing Report (1).pdf,Format Monthly Sheets 04.26,Format Monthly Sheets,1,49,Wave 4 Raw Data filter removal complete,Wave 4 Raw Data filter removal complete,0.433,59.637,OK,82.883,0.709,106.731
Format Monthly Sheets,v1.8.9.3 - Wave 4.1 - Framework Timing Report (1).pdf,Format Monthly Sheets 04.26,Format Monthly Sheets,1,50,Wave 4 Raw Data filter creation complete | Rows: 5932; Columns:,Wave 4 Raw Data filter creation complete | Rows: 5932; Columns,0.455,60.092,OK,82.883,0.775,106.731
Format Monthly Sheets,v1.8.9.3 - Wave 4.1 - Framework Timing Report (1).pdf,Format Monthly Sheets 04.26,Format Monthly Sheets,1,51,"Wave 4 Raw Data in-place title/header/column work complete | Added columns: Safety - 2 Person, Wanderer, Interpreter Needed, Fall Risk, DPOA or Guardian Active, Palliative Care, Primary PMR Row","Wave 4 Raw Data in-place title/header/column work complete | Added columns: Safety - 2 Person, Wanderer, Interpreter Needed, Fall Risk, DPOA or Guardian Active, Palliative Care, Primary PMR Row",0.003,60.095,OK,82.883,0.005,106.731
Format Monthly Sheets,v1.8.9.3 - Wave 4.1 - Framework Timing Report (1).pdf,Format Monthly Sheets 04.26,Format Monthly Sheets,1,52,Wave 4 Raw Data approved-sync columns start,Wave 4 Raw Data approved-sync columns start,0.000,60.095,OK,82.883,0.000,106.731
Format Monthly Sheets,v1.8.9.3 - Wave 4.1 - Framework Timing Report (1).pdf,Format Monthly Sheets 04.26,Format Monthly Sheets,1,53,Wave 4 Raw Data approved-sync bulk read complete | Rows:,Wave 4 Raw Data approved-sync bulk read complete | Rows,3.849,63.944,OK,82.883,4.008,106.731
Format Monthly Sheets,v1.8.9.3 - Wave 4.1 - Framework Timing Report (1).pdf,Format Monthly Sheets 04.26,Format Monthly Sheets,1,54,Wave 4 Raw Data approved-sync guarded write complete | Changed column groups:,Wave 4 Raw Data approved-sync guarded write complete | Changed column groups,0.098,64.042,OK,82.883,0.077,106.731
Format Monthly Sheets,v1.8.9.3 - Wave 4.1 - Framework Timing Report (1).pdf,Format Monthly Sheets 04.26,Format Monthly Sheets,1,55,Wave 4 Raw Data approved-sync columns complete | Changed column groups:,Wave 4 Raw Data approved-sync columns complete | Changed column groups,0.008,64.050,OK,82.883,0.006,106.731
Format Monthly Sheets,v1.8.9.3 - Wave 4.1 - Framework Timing Report (1).pdf,Format Monthly Sheets 04.26,Format Monthly Sheets,1,56,Wave 4 Raw Data banner-column sync start,Wave 4 Raw Data banner-column sync start,0.000,64.050,OK,82.883,0.000,106.731
Format Monthly Sheets,v1.8.9.3 - Wave 4.1 - Framework Timing Report (1).pdf,Format Monthly Sheets 04.26,Format Monthly Sheets,1,57,Wave 4 Raw Data banner-sync bulk read complete | Rows:,Wave 4 Raw Data banner-sync bulk read complete | Rows,3.794,67.844,OK,82.883,4.399,106.731
Format Monthly Sheets,v1.8.9.3 - Wave 4.1 - Framework Timing Report (1).pdf,Format Monthly Sheets 04.26,Format Monthly Sheets,1,58,Wave 4 Raw Data banner-sync source map built | Keys:,Wave 4 Raw Data banner-sync source map built | Keys,0.544,68.388,OK,82.883,0.740,106.731
Format Monthly Sheets,v1.8.9.3 - Wave 4.1 - Framework Timing Report (1).pdf,Format Monthly Sheets 04.26,Format Monthly Sheets,1,59,Wave 4 Raw Data banner-sync guarded write complete | Changed column groups:,Wave 4 Raw Data banner-sync guarded write complete | Changed column groups,0.995,69.383,OK,82.883,1.222,106.731
Format Monthly Sheets,v1.8.9.3 - Wave 4.1 - Framework Timing Report (1).pdf,Format Monthly Sheets 04.26,Format Monthly Sheets,1,60,Wave 4 Raw Data banner-column sync complete | Rows updated:,Wave 4 Raw Data banner-column sync complete | Rows updated,0.011,69.394,OK,82.883,0.010,106.731
Format Monthly Sheets,v1.8.9.3 - Wave 4.1 - Framework Timing Report (1).pdf,Format Monthly Sheets 04.26,Format Monthly Sheets,1,61,Wave 4 Raw Data row-height lock start,Wave 4 Raw Data row-height lock start,0.000,69.394,OK,82.883,0.000,106.731
Format Monthly Sheets,v1.8.9.3 - Wave 4.1 - Framework Timing Report (1).pdf,Format Monthly Sheets 04.26,Format Monthly Sheets,1,62,Wave 4 Raw Data row-height lock complete,Wave 4 Raw Data row-height lock complete,0.901,70.295,OK,82.883,0.992,106.731
Format Monthly Sheets,v1.8.9.3 - Wave 4.1 - Framework Timing Report (1).pdf,Format Monthly Sheets 04.26,Format Monthly Sheets,1,63,Wave 4 Raw Data visibility policy start,Wave 4 Raw Data visibility policy start,0.000,70.295,OK,82.883,0.000,106.731
Format Monthly Sheets,v1.8.9.3 - Wave 4.1 - Framework Timing Report (1).pdf,Format Monthly Sheets 04.26,Format Monthly Sheets,1,64,Hide governed output sheet: Raw Data 04.,Hide governed output sheet: Raw Data,0.251,70.546,OK,82.883,0.288,106.731
Format Monthly Sheets,v1.8.9.3 - Wave 4.1 - Framework Timing Report (1).pdf,Format Monthly Sheets 04.26,Format Monthly Sheets,1,65,Wave 4 Raw Data visibility policy complete,Wave 4 Raw Data visibility policy complete,0.000,70.546,OK,82.883,0.000,106.731
Format Monthly Sheets,v1.8.9.3 - Wave 4.1 - Framework Timing Report (1).pdf,Format Monthly Sheets 04.26,Format Monthly Sheets,1,66,Raw Data Index refresh deferred,Raw Data Index refresh deferred,0.003,70.549,OK,82.883,0.005,106.731
Format Monthly Sheets,v1.8.9.3 - Wave 4.1 - Framework Timing Report (1).pdf,Format Monthly Sheets 04.26,Format Monthly Sheets,1,67,Formatted monthly Raw Data in place without deleting imported columns: Raw Data 04.,Formatted monthly Raw Data in place without deleting imported columns: Raw Data,0.091,70.640,OK,82.883,1.100,106.731
Format Monthly Sheets,v1.8.9.3 - Wave 4.1 - Framework Timing Report (1).pdf,Format Monthly Sheets 04.26,Format Monthly Sheets,1,68,Formatted monthly import tab: RD from RD April,Formatted monthly import tab: RD from RD,0.001,70.641,OK,82.883,0.002,106.731
Format Monthly Sheets,v1.8.9.3 - Wave 4.1 - Framework Timing Report (1).pdf,Format Monthly Sheets 04.26,Format Monthly Sheets,1,69,Index explicitly refreshed once after all monthly sheets formatted,Index explicitly refreshed once after all monthly sheets formatted,12.020,82.661,SLOW,82.883,15.158,106.731
Format Monthly Sheets,v1.8.9.3 - Wave 4.1 - Framework Timing Report (1).pdf,Format Monthly Sheets 04.26,Format Monthly Sheets,1,70,Complete,Complete,0.222,82.883,OK,82.883,0.105,106.731
Format Monthly Sheets,v1.8.9.3 - Wave 4.1 - Framework Timing Report (1).pdf,Format Monthly Sheets 05.26,Format Monthly Sheets,1,1,Start,Start,0.364,0.364,OK,85.843,0.331,106.731
Format Monthly Sheets,v1.8.9.3 - Wave 4.1 - Framework Timing Report (1).pdf,Format Monthly Sheets 05.26,Format Monthly Sheets,1,2,Archive connection opened once for batch processing,Archive connection opened once for batch processing,0.315,0.679,OK,85.843,0.729,106.731
Format Monthly Sheets,v1.8.9.3 - Wave 4.1 - Framework Timing Report (1).pdf,Format Monthly Sheets 05.26,Format Monthly Sheets,1,3,Banner output sheet shown: Banners 05.,Banner output sheet shown: Banners,9.710,10.389,OK,85.843,12.426,106.731
Format Monthly Sheets,v1.8.9.3 - Wave 4.1 - Framework Timing Report (1).pdf,Format Monthly Sheets 05.26,Format Monthly Sheets,1,4,Raw archive detail - reused pre-opened archive workbook connection: Source - Banners 05.,Raw archive detail - reused pre-opened archive workbook connection: Source - Banners,0.991,11.380,OK,85.843,1.056,106.731
Format Monthly Sheets,v1.8.9.3 - Wave 4.1 - Framework Timing Report (1).pdf,Format Monthly Sheets 05.26,Format Monthly Sheets,1,5,Raw archive detail - existing archive sheet deleted if present: Source - Banners 05.,Raw archive detail - existing archive sheet deleted if present: Source - Banners,0.775,12.155,OK,85.843,0.160,106.731
Format Monthly Sheets,v1.8.9.3 - Wave 4.1 - Framework Timing Report (1).pdf,Format Monthly Sheets 05.26,Format Monthly Sheets,1,6,Raw archive detail - source sheet copied to archive workbook: Source - Banners 05.,Raw archive detail - source sheet copied to archive workbook: Source - Banners,1.242,13.397,OK,85.843,1.544,106.731
Format Monthly Sheets,v1.8.9.3 - Wave 4.1 - Framework Timing Report (1).pdf,Format Monthly Sheets 05.26,Format Monthly Sheets,1,7,Raw archive detail - archive sheet renamed: Source - Banners 05.,Raw archive detail - archive sheet renamed: Source - Banners,0.142,13.539,OK,85.843,1.097,106.731
Format Monthly Sheets,v1.8.9.3 - Wave 4.1 - Framework Timing Report (1).pdf,Format Monthly Sheets 05.26,Format Monthly Sheets,1,8,Raw archive detail - archive sheet visibility enforced visible: Source - Banners 05.,Raw archive detail - archive sheet visibility enforced visible: Source - Banners,0.080,13.619,OK,85.843,0.095,106.731
Format Monthly Sheets,v1.8.9.3 - Wave 4.1 - Framework Timing Report (1).pdf,Format Monthly Sheets 05.26,Format Monthly Sheets,1,9,Raw data copied to archive: Source - Banners,Raw data copied to archive: Source - Banners,0.000,13.619,OK,85.843,0.000,106.731
Format Monthly Sheets,v1.8.9.3 - Wave 4.1 - Framework Timing Report (1).pdf,Format Monthly Sheets 05.26,Format Monthly Sheets,1,10,Local raw sheet deleted to preserve workbook speed,Local raw sheet deleted to preserve workbook speed,1.282,14.901,OK,85.843,0.752,106.731
Format Monthly Sheets,v1.8.9.3 - Wave 4.1 - Framework Timing Report (1).pdf,Format Monthly Sheets 05.26,Format Monthly Sheets,1,11,Hide governed output sheet: Banners 05.,Hide governed output sheet: Banners,0.586,15.487,OK,85.843,0.758,106.731
Format Monthly Sheets,v1.8.9.3 - Wave 4.1 - Framework Timing Report (1).pdf,Format Monthly Sheets 05.26,Format Monthly Sheets,1,12,Formatted monthly import tab: B from B May,Formatted monthly import tab: B from B,0.104,15.591,OK,85.843,0.168,106.731
Format Monthly Sheets,v1.8.9.3 - Wave 4.1 - Framework Timing Report (1).pdf,Format Monthly Sheets 05.26,Format Monthly Sheets,1,13,Prepared monthly dashboard source: CD May,Prepared monthly dashboard source: CD,0.959,16.550,OK,85.843,1.110,106.731
Format Monthly Sheets,v1.8.9.3 - Wave 4.1 - Framework Timing Report (1).pdf,Format Monthly Sheets 05.26,Format Monthly Sheets,1,14,Mapped monthly dashboard rows in memory:,Mapped monthly dashboard rows in memory,0.731,17.281,OK,85.843,0.762,106.731
Format Monthly Sheets,v1.8.9.3 - Wave 4.1 - Framework Timing Report (1).pdf,Format Monthly Sheets 05.26,Format Monthly Sheets,1,15,Monthly dashboard fast canvas - blank sheet inserted in configured creation order: CP Due 05.,Monthly dashboard fast canvas - blank sheet inserted in configured creation order: CP Due,9.191,26.472,OK,85.843,12.014,106.731
Format Monthly Sheets,v1.8.9.3 - Wave 4.1 - Framework Timing Report (1).pdf,Format Monthly Sheets 05.26,Format Monthly Sheets,1,16,Monthly dashboard fast canvas - grid resized to 339 rows x 5 cols: CP Due 05.,Monthly dashboard fast canvas - grid resized to 339 rows x 5 cols: CP Due,1.157,27.629,OK,85.843,1.136,106.731
Format Monthly Sheets,v1.8.9.3 - Wave 4.1 - Framework Timing Report (1).pdf,Format Monthly Sheets 05.26,Format Monthly Sheets,1,17,Monthly dashboard fast canvas - template column widths applied: CP Due 05.,Monthly dashboard fast canvas - template column widths applied: CP Due,0.539,28.168,OK,85.843,0.860,106.731
Format Monthly Sheets,v1.8.9.3 - Wave 4.1 - Framework Timing Report (1).pdf,Format Monthly Sheets 05.26,Format Monthly Sheets,1,18,Monthly dashboard fast canvas - raw values written | Rows: 335: CP Due 05.,Monthly dashboard fast canvas - raw values written | Rows: 335: CP Due,0.010,28.178,OK,85.843,0.018,106.731
Format Monthly Sheets,v1.8.9.3 - Wave 4.1 - Framework Timing Report (1).pdf,Format Monthly Sheets 05.26,Format Monthly Sheets,1,19,Monthly dashboard fast canvas - title rows copied from template: CP Due 05.,Monthly dashboard fast canvas - title rows copied from template: CP Due,0.007,28.185,OK,85.843,0.008,106.731
Format Monthly Sheets,v1.8.9.3 - Wave 4.1 - Framework Timing Report (1).pdf,Format Monthly Sheets 05.26,Format Monthly Sheets,1,20,Monthly dashboard fast canvas - header row copied from template: CP Due 05.,Monthly dashboard fast canvas - header row copied from template: CP Due,0.003,28.188,OK,85.843,0.006,106.731
Format Monthly Sheets,v1.8.9.3 - Wave 4.1 - Framework Timing Report (1).pdf,Format Monthly Sheets 05.26,Format Monthly Sheets,1,21,Monthly dashboard fast canvas - data-row format copied from template | Rows: 335: CP Due 05.,Monthly dashboard fast canvas - data-row format copied from template | Rows: 335: CP Due,0.005,28.193,OK,85.843,0.010,106.731
Format Monthly Sheets,v1.8.9.3 - Wave 4.1 - Framework Timing Report (1).pdf,Format Monthly Sheets 05.26,Format Monthly Sheets,1,22,Monthly dashboard fast canvas - title/date/header values stamped: CP Due 05.,Monthly dashboard fast canvas - title/date/header values stamped: CP Due,0.021,28.214,OK,85.843,0.018,106.731
Format Monthly Sheets,v1.8.9.3 - Wave 4.1 - Framework Timing Report (1).pdf,Format Monthly Sheets 05.26,Format Monthly Sheets,1,23,Monthly dashboard fast canvas - frozen rows/columns and tab color applied: CP Due 05.,Monthly dashboard fast canvas - frozen rows/columns and tab color applied: CP Due,0.882,29.096,OK,85.843,2.161,106.731
Format Monthly Sheets,v1.8.9.3 - Wave 4.1 - Framework Timing Report (1).pdf,Format Monthly Sheets 05.26,Format Monthly Sheets,1,24,Monthly dashboard fast canvas - filter created: CP Due 05.,Monthly dashboard fast canvas - filter created: CP Due,0.498,29.594,OK,85.843,0.915,106.731
Format Monthly Sheets,v1.8.9.3 - Wave 4.1 - Framework Timing Report (1).pdf,Format Monthly Sheets 05.26,Format Monthly Sheets,1,25,Monthly dashboard fast canvas - template-driven canvas wrap applied: CP Due 05.,Monthly dashboard fast canvas - template-driven canvas wrap applied: CP Due,0.314,29.908,OK,85.843,0.481,106.731
Format Monthly Sheets,v1.8.9.3 - Wave 4.1 - Framework Timing Report (1).pdf,Format Monthly Sheets 05.26,Format Monthly Sheets,1,26,Monthly dashboard fast canvas - runtime caches cleared: CP Due 05.,Monthly dashboard fast canvas - runtime caches cleared: CP Due,0.001,29.909,OK,85.843,0.004,106.731
Format Monthly Sheets,v1.8.9.3 - Wave 4.1 - Framework Timing Report (1).pdf,Format Monthly Sheets 05.26,Format Monthly Sheets,1,27,Created monthly dashboard fast canvas: CP Due,Created monthly dashboard fast canvas: CP Due,0.000,29.909,OK,85.843,0.000,106.731
Format Monthly Sheets,v1.8.9.3 - Wave 4.1 - Framework Timing Report (1).pdf,Format Monthly Sheets 05.26,Format Monthly Sheets,1,28,Locked monthly dashboard row heights: CP Due 05.,Locked monthly dashboard row heights: CP Due,0.570,30.479,OK,85.843,0.696,106.731
Format Monthly Sheets,v1.8.9.3 - Wave 4.1 - Framework Timing Report (1).pdf,Format Monthly Sheets 05.26,Format Monthly Sheets,1,29,Raw archive detail - reused pre-opened archive workbook connection: Source - CP Due,Raw archive detail - reused pre-opened archive workbook connection: Source - CP Due,0.000,30.479,OK,85.843,0.000,106.731
Format Monthly Sheets,v1.8.9.3 - Wave 4.1 - Framework Timing Report (1).pdf,Format Monthly Sheets 05.26,Format Monthly Sheets,1,30,Raw archive detail - existing archive sheet deleted if present: Source - CP Due 05.,Raw archive detail - existing archive sheet deleted if present: Source - CP Due,0.291,30.770,OK,85.843,0.098,106.731
Format Monthly Sheets,v1.8.9.3 - Wave 4.1 - Framework Timing Report (1).pdf,Format Monthly Sheets 05.26,Format Monthly Sheets,1,31,Raw archive detail - source sheet copied to archive workbook: Source - CP Due 05.,Raw archive detail - source sheet copied to archive workbook: Source - CP Due,1.237,32.007,OK,85.843,1.282,106.731
Format Monthly Sheets,v1.8.9.3 - Wave 4.1 - Framework Timing Report (1).pdf,Format Monthly Sheets 05.26,Format Monthly Sheets,1,32,Raw archive detail - archive sheet renamed: Source - CP Due 05.,Raw archive detail - archive sheet renamed: Source - CP Due,0.144,32.151,OK,85.843,0.163,106.731
Format Monthly Sheets,v1.8.9.3 - Wave 4.1 - Framework Timing Report (1).pdf,Format Monthly Sheets 05.26,Format Monthly Sheets,1,33,Raw archive detail - archive sheet visibility enforced visible: Source - CP Due 05.,Raw archive detail - archive sheet visibility enforced visible: Source - CP Due,0.082,32.233,OK,85.843,0.084,106.731
Format Monthly Sheets,v1.8.9.3 - Wave 4.1 - Framework Timing Report (1).pdf,Format Monthly Sheets 05.26,Format Monthly Sheets,1,34,Raw data copied to archive: Source - CP Due,Raw data copied to archive: Source - CP Due,0.000,32.233,OK,85.843,0.000,106.731
Format Monthly Sheets,v1.8.9.3 - Wave 4.1 - Framework Timing Report (1).pdf,Format Monthly Sheets 05.26,Format Monthly Sheets,1,35,Local raw sheet deleted to preserve workbook speed,Local raw sheet deleted to preserve workbook speed,1.248,33.481,OK,85.843,0.752,106.731
Format Monthly Sheets,v1.8.9.3 - Wave 4.1 - Framework Timing Report (1).pdf,Format Monthly Sheets 05.26,Format Monthly Sheets,1,36,Hide governed output sheet: CP Due 05.,Hide governed output sheet: CP Due,0.533,34.014,OK,85.843,0.703,106.731
Format Monthly Sheets,v1.8.9.3 - Wave 4.1 - Framework Timing Report (1).pdf,Format Monthly Sheets 05.26,Format Monthly Sheets,1,37,Formatted monthly import tab: CD from CD May,Formatted monthly import tab: CD from CD,0.106,34.120,OK,85.843,0.162,106.731
Format Monthly Sheets,v1.8.9.3 - Wave 4.1 - Framework Timing Report (1).pdf,Format Monthly Sheets 05.26,Format Monthly Sheets,1,38,Prepared monthly dashboard source: UC May,Prepared monthly dashboard source: UC,0.670,34.790,OK,85.843,0.774,106.731
Format Monthly Sheets,v1.8.9.3 - Wave 4.1 - Framework Timing Report (1).pdf,Format Monthly Sheets 05.26,Format Monthly Sheets,1,39,Mapped monthly dashboard rows in memory:,Mapped monthly dashboard rows in memory,1.022,35.812,OK,85.843,0.762,106.731
Format Monthly Sheets,v1.8.9.3 - Wave 4.1 - Framework Timing Report (1).pdf,Format Monthly Sheets 05.26,Format Monthly Sheets,1,40,Monthly dashboard fast canvas - blank sheet inserted in configured creation order: Unlock CP 05.,Monthly dashboard fast canvas - blank sheet inserted in configured creation order: Unlock CP,8.966,44.778,OK,85.843,11.441,106.731
Format Monthly Sheets,v1.8.9.3 - Wave 4.1 - Framework Timing Report (1).pdf,Format Monthly Sheets 05.26,Format Monthly Sheets,1,41,Monthly dashboard fast canvas - grid resized to 351 rows x 4 cols: Unlock CP 05.,Monthly dashboard fast canvas - grid resized to 351 rows x 4 cols: Unlock CP,0.648,45.426,OK,85.843,0.885,106.731
Format Monthly Sheets,v1.8.9.3 - Wave 4.1 - Framework Timing Report (1).pdf,Format Monthly Sheets 05.26,Format Monthly Sheets,1,42,Monthly dashboard fast canvas - template column widths applied: Unlock CP 05.,Monthly dashboard fast canvas - template column widths applied: Unlock CP,0.391,45.817,OK,85.843,0.559,106.731
Format Monthly Sheets,v1.8.9.3 - Wave 4.1 - Framework Timing Report (1).pdf,Format Monthly Sheets 05.26,Format Monthly Sheets,1,43,Monthly dashboard fast canvas - raw values written | Rows: 347: Unlock CP 05.,Monthly dashboard fast canvas - raw values written | Rows: 347: Unlock CP,0.008,45.825,OK,85.843,0.015,106.731
Format Monthly Sheets,v1.8.9.3 - Wave 4.1 - Framework Timing Report (1).pdf,Format Monthly Sheets 05.26,Format Monthly Sheets,1,44,Monthly dashboard fast canvas - title rows copied from template: Unlock CP 05.,Monthly dashboard fast canvas - title rows copied from template: Unlock CP,0.004,45.829,OK,85.843,0.015,106.731
Format Monthly Sheets,v1.8.9.3 - Wave 4.1 - Framework Timing Report (1).pdf,Format Monthly Sheets 05.26,Format Monthly Sheets,1,45,Monthly dashboard fast canvas - header row copied from template: Unlock CP 05.,Monthly dashboard fast canvas - header row copied from template: Unlock CP,0.005,45.834,OK,85.843,0.014,106.731
Format Monthly Sheets,v1.8.9.3 - Wave 4.1 - Framework Timing Report (1).pdf,Format Monthly Sheets 05.26,Format Monthly Sheets,1,46,Monthly dashboard fast canvas - data-row format copied from template | Rows: 347: Unlock CP 05.,Monthly dashboard fast canvas - data-row format copied from template | Rows: 347: Unlock CP,0.005,45.839,OK,85.843,0.007,106.731
Format Monthly Sheets,v1.8.9.3 - Wave 4.1 - Framework Timing Report (1).pdf,Format Monthly Sheets 05.26,Format Monthly Sheets,1,47,Monthly dashboard fast canvas - title/date/header values stamped: Unlock CP 05.,Monthly dashboard fast canvas - title/date/header values stamped: Unlock CP,0.013,45.852,OK,85.843,0.039,106.731
Format Monthly Sheets,v1.8.9.3 - Wave 4.1 - Framework Timing Report (1).pdf,Format Monthly Sheets 05.26,Format Monthly Sheets,1,48,Monthly dashboard fast canvas - frozen rows/columns and tab color applied: Unlock CP 05.,Monthly dashboard fast canvas - frozen rows/columns and tab color applied: Unlock CP,0.643,46.495,OK,85.843,1.001,106.731
Format Monthly Sheets,v1.8.9.3 - Wave 4.1 - Framework Timing Report (1).pdf,Format Monthly Sheets 05.26,Format Monthly Sheets,1,49,Monthly dashboard fast canvas - filter created: Unlock CP 05.,Monthly dashboard fast canvas - filter created: Unlock CP,0.672,47.167,OK,85.843,0.845,106.731
Format Monthly Sheets,v1.8.9.3 - Wave 4.1 - Framework Timing Report (1).pdf,Format Monthly Sheets 05.26,Format Monthly Sheets,1,50,Monthly dashboard fast canvas - template-driven canvas wrap applied: Unlock CP 05.,Monthly dashboard fast canvas - template-driven canvas wrap applied: Unlock CP,0.248,47.415,OK,85.843,0.465,106.731
Format Monthly Sheets,v1.8.9.3 - Wave 4.1 - Framework Timing Report (1).pdf,Format Monthly Sheets 05.26,Format Monthly Sheets,1,51,Monthly dashboard fast canvas - runtime caches cleared: Unlock CP 05.,Monthly dashboard fast canvas - runtime caches cleared: Unlock CP,0.007,47.422,OK,85.843,0.010,106.731
Format Monthly Sheets,v1.8.9.3 - Wave 4.1 - Framework Timing Report (1).pdf,Format Monthly Sheets 05.26,Format Monthly Sheets,1,52,Created monthly dashboard fast canvas: Unlock CP,Created monthly dashboard fast canvas: Unlock CP,0.000,47.422,OK,85.843,0.000,106.731
Format Monthly Sheets,v1.8.9.3 - Wave 4.1 - Framework Timing Report (1).pdf,Format Monthly Sheets 05.26,Format Monthly Sheets,1,53,Locked monthly dashboard row heights: Unlock CP 05.,Locked monthly dashboard row heights: Unlock CP,1.513,48.935,OK,85.843,0.941,106.731
Format Monthly Sheets,v1.8.9.3 - Wave 4.1 - Framework Timing Report (1).pdf,Format Monthly Sheets 05.26,Format Monthly Sheets,1,54,Raw archive detail - reused pre-opened archive workbook connection: Source - Unlocked CP,Raw archive detail - reused pre-opened archive workbook connection: Source - Unlocked CP,0.000,48.935,OK,85.843,0.000,106.731
Format Monthly Sheets,v1.8.9.3 - Wave 4.1 - Framework Timing Report (1).pdf,Format Monthly Sheets 05.26,Format Monthly Sheets,1,55,Raw archive detail - existing archive sheet deleted if present: Source - Unlocked CP 05.,Raw archive detail - existing archive sheet deleted if present: Source - Unlocked CP,0.269,49.204,OK,85.843,0.097,106.731
Format Monthly Sheets,v1.8.9.3 - Wave 4.1 - Framework Timing Report (1).pdf,Format Monthly Sheets 05.26,Format Monthly Sheets,1,56,Raw archive detail - source sheet copied to archive workbook: Source - Unlocked CP 05.,Raw archive detail - source sheet copied to archive workbook: Source - Unlocked CP,1.348,50.552,OK,85.843,1.249,106.731
Format Monthly Sheets,v1.8.9.3 - Wave 4.1 - Framework Timing Report (1).pdf,Format Monthly Sheets 05.26,Format Monthly Sheets,1,57,Raw archive detail - archive sheet renamed: Source - Unlocked CP 05.,Raw archive detail - archive sheet renamed: Source - Unlocked CP,0.156,50.708,OK,85.843,0.217,106.731
Format Monthly Sheets,v1.8.9.3 - Wave 4.1 - Framework Timing Report (1).pdf,Format Monthly Sheets 05.26,Format Monthly Sheets,1,58,Raw archive detail - archive sheet visibility enforced visible: Source - Unlocked CP 05.,Raw archive detail - archive sheet visibility enforced visible: Source - Unlocked CP,0.089,50.797,OK,85.843,0.099,106.731
Format Monthly Sheets,v1.8.9.3 - Wave 4.1 - Framework Timing Report (1).pdf,Format Monthly Sheets 05.26,Format Monthly Sheets,1,59,Raw data copied to archive: Source - Unlocked CP,Raw data copied to archive: Source - Unlocked CP,0.000,50.797,OK,85.843,0.000,106.731
Format Monthly Sheets,v1.8.9.3 - Wave 4.1 - Framework Timing Report (1).pdf,Format Monthly Sheets 05.26,Format Monthly Sheets,1,60,Local raw sheet deleted to preserve workbook speed,Local raw sheet deleted to preserve workbook speed,0.343,51.140,OK,85.843,0.752,106.731
Format Monthly Sheets,v1.8.9.3 - Wave 4.1 - Framework Timing Report (1).pdf,Format Monthly Sheets 05.26,Format Monthly Sheets,1,61,Hide governed output sheet: Unlock CP 05.,Hide governed output sheet: Unlock CP,0.449,51.589,OK,85.843,1.091,106.731
Format Monthly Sheets,v1.8.9.3 - Wave 4.1 - Framework Timing Report (1).pdf,Format Monthly Sheets 05.26,Format Monthly Sheets,1,62,Formatted monthly import tab: UC from UC May,Formatted monthly import tab: UC from UC,0.092,51.681,OK,85.843,0.145,106.731
Format Monthly Sheets,v1.8.9.3 - Wave 4.1 - Framework Timing Report (1).pdf,Format Monthly Sheets 05.26,Format Monthly Sheets,1,63,Read Raw Data source in place without editing imported values | Rows:,Read Raw Data source in place without editing imported values | Rows,3.637,55.318,OK,85.843,5.920,106.731
Format Monthly Sheets,v1.8.9.3 - Wave 4.1 - Framework Timing Report (1).pdf,Format Monthly Sheets 05.26,Format Monthly Sheets,1,64,Rename Raw Data import sheet in place and place in configured creation order: RD May -> Raw Data 05.,Rename Raw Data import sheet in place and place in configured creation order: RD -> Raw Data,5.563,60.881,OK,85.843,7.021,106.731
Format Monthly Sheets,v1.8.9.3 - Wave 4.1 - Framework Timing Report (1).pdf,Format Monthly Sheets 05.26,Format Monthly Sheets,1,65,Wave 4 Raw Data header row detection complete | Header row:,Wave 4 Raw Data header row detection complete | Header row,0.458,61.339,OK,85.843,0.730,106.731
Format Monthly Sheets,v1.8.9.3 - Wave 4.1 - Framework Timing Report (1).pdf,Format Monthly Sheets 05.26,Format Monthly Sheets,1,66,Wave 4 Raw Data title-row insert complete | Rows inserted:,Wave 4 Raw Data title-row insert complete | Rows inserted,0.126,61.465,OK,85.843,0.998,106.731
Format Monthly Sheets,v1.8.9.3 - Wave 4.1 - Framework Timing Report (1).pdf,Format Monthly Sheets 05.26,Format Monthly Sheets,1,67,Wave 4 Raw Data approved-column append complete | Columns added:,Wave 4 Raw Data approved-column append complete | Columns added,0.608,62.073,OK,85.843,1.084,106.731
Format Monthly Sheets,v1.8.9.3 - Wave 4.1 - Framework Timing Report (1).pdf,Format Monthly Sheets 05.26,Format Monthly Sheets,1,68,Wave 4 Raw Data title/header formatting start | Width:,Wave 4 Raw Data title/header formatting start | Width,0.418,62.491,OK,85.843,0.545,106.731
Format Monthly Sheets,v1.8.9.3 - Wave 4.1 - Framework Timing Report (1).pdf,Format Monthly Sheets 05.26,Format Monthly Sheets,1,69,Wave 4 Raw Data title/header formatting complete,Wave 4 Raw Data title/header formatting complete,0.133,62.624,OK,85.843,0.271,106.731
Format Monthly Sheets,v1.8.9.3 - Wave 4.1 - Framework Timing Report (1).pdf,Format Monthly Sheets 05.26,Format Monthly Sheets,1,70,Wave 4 Raw Data frozen rows set,Wave 4 Raw Data frozen rows set,0.415,63.039,OK,85.843,0.635,106.731
Format Monthly Sheets,v1.8.9.3 - Wave 4.1 - Framework Timing Report (1).pdf,Format Monthly Sheets 05.26,Format Monthly Sheets,1,71,Wave 4 Raw Data filter removal skipped - no existing filter,Wave 4 Raw Data filter removal skipped - no existing filter,0.155,63.194,OK,85.843,0.292,106.731
Format Monthly Sheets,v1.8.9.3 - Wave 4.1 - Framework Timing Report (1).pdf,Format Monthly Sheets 05.26,Format Monthly Sheets,1,72,Wave 4 Raw Data filter creation complete | Rows: 5978; Columns:,Wave 4 Raw Data filter creation complete | Rows: 5978; Columns,0.366,63.560,OK,85.843,0.609,106.731
Format Monthly Sheets,v1.8.9.3 - Wave 4.1 - Framework Timing Report (1).pdf,Format Monthly Sheets 05.26,Format Monthly Sheets,1,73,"Wave 4 Raw Data in-place title/header/column work complete | Added columns: Notes, Safety - 2 Person, Wanderer, Interpreter Needed, Fall Risk, DPOA or Guardian Active, Palliative Care, Primary PMR Row","Wave 4 Raw Data in-place title/header/column work complete | Added columns: Notes, Safety - 2 Person, Wanderer, Interpreter Needed, Fall Risk, DPOA or Guardian Active, Palliative Care, Primary PMR Row",0.001,63.561,OK,85.843,0.004,106.731
Format Monthly Sheets,v1.8.9.3 - Wave 4.1 - Framework Timing Report (1).pdf,Format Monthly Sheets 05.26,Format Monthly Sheets,1,74,Wave 4 Raw Data approved-sync columns start,Wave 4 Raw Data approved-sync columns start,0.000,63.561,OK,85.843,0.000,106.731
Format Monthly Sheets,v1.8.9.3 - Wave 4.1 - Framework Timing Report (1).pdf,Format Monthly Sheets 05.26,Format Monthly Sheets,1,75,Wave 4 Raw Data approved-sync bulk read complete | Rows:,Wave 4 Raw Data approved-sync bulk read complete | Rows,2.427,65.988,OK,85.843,4.008,106.731
Format Monthly Sheets,v1.8.9.3 - Wave 4.1 - Framework Timing Report (1).pdf,Format Monthly Sheets 05.26,Format Monthly Sheets,1,76,Wave 4 Raw Data approved-sync guarded write complete | Changed column groups:,Wave 4 Raw Data approved-sync guarded write complete | Changed column groups,0.037,66.025,OK,85.843,0.077,106.731
Format Monthly Sheets,v1.8.9.3 - Wave 4.1 - Framework Timing Report (1).pdf,Format Monthly Sheets 05.26,Format Monthly Sheets,1,77,Wave 4 Raw Data approved-sync columns complete | Changed column groups:,Wave 4 Raw Data approved-sync columns complete | Changed column groups,0.004,66.029,OK,85.843,0.006,106.731
Format Monthly Sheets,v1.8.9.3 - Wave 4.1 - Framework Timing Report (1).pdf,Format Monthly Sheets 05.26,Format Monthly Sheets,1,78,Wave 4 Raw Data banner-column sync start,Wave 4 Raw Data banner-column sync start,0.000,66.029,OK,85.843,0.000,106.731
Format Monthly Sheets,v1.8.9.3 - Wave 4.1 - Framework Timing Report (1).pdf,Format Monthly Sheets 05.26,Format Monthly Sheets,1,79,Wave 4 Raw Data banner-sync bulk read complete | Rows:,Wave 4 Raw Data banner-sync bulk read complete | Rows,3.016,69.045,OK,85.843,4.399,106.731
Format Monthly Sheets,v1.8.9.3 - Wave 4.1 - Framework Timing Report (1).pdf,Format Monthly Sheets 05.26,Format Monthly Sheets,1,80,Wave 4 Raw Data banner-sync source map built | Keys:,Wave 4 Raw Data banner-sync source map built | Keys,0.567,69.612,OK,85.843,0.740,106.731
Format Monthly Sheets,v1.8.9.3 - Wave 4.1 - Framework Timing Report (1).pdf,Format Monthly Sheets 05.26,Format Monthly Sheets,1,81,Wave 4 Raw Data banner-sync guarded write complete | Changed column groups:,Wave 4 Raw Data banner-sync guarded write complete | Changed column groups,0.928,70.540,OK,85.843,1.222,106.731
Format Monthly Sheets,v1.8.9.3 - Wave 4.1 - Framework Timing Report (1).pdf,Format Monthly Sheets 05.26,Format Monthly Sheets,1,82,Wave 4 Raw Data banner-column sync complete | Rows updated:,Wave 4 Raw Data banner-column sync complete | Rows updated,0.006,70.546,OK,85.843,0.010,106.731
Format Monthly Sheets,v1.8.9.3 - Wave 4.1 - Framework Timing Report (1).pdf,Format Monthly Sheets 05.26,Format Monthly Sheets,1,83,Wave 4 Raw Data row-height lock start,Wave 4 Raw Data row-height lock start,0.000,70.546,OK,85.843,0.000,106.731
Format Monthly Sheets,v1.8.9.3 - Wave 4.1 - Framework Timing Report (1).pdf,Format Monthly Sheets 05.26,Format Monthly Sheets,1,84,Wave 4 Raw Data row-height lock complete,Wave 4 Raw Data row-height lock complete,0.610,71.156,OK,85.843,0.992,106.731
Format Monthly Sheets,v1.8.9.3 - Wave 4.1 - Framework Timing Report (1).pdf,Format Monthly Sheets 05.26,Format Monthly Sheets,1,85,Wave 4 Raw Data visibility policy start,Wave 4 Raw Data visibility policy start,0.000,71.156,OK,85.843,0.000,106.731
Format Monthly Sheets,v1.8.9.3 - Wave 4.1 - Framework Timing Report (1).pdf,Format Monthly Sheets 05.26,Format Monthly Sheets,1,86,Hide governed output sheet: Raw Data 05.,Hide governed output sheet: Raw Data,0.193,71.349,OK,85.843,0.288,106.731
Format Monthly Sheets,v1.8.9.3 - Wave 4.1 - Framework Timing Report (1).pdf,Format Monthly Sheets 05.26,Format Monthly Sheets,1,87,Wave 4 Raw Data visibility policy complete,Wave 4 Raw Data visibility policy complete,0.000,71.349,OK,85.843,0.000,106.731
Format Monthly Sheets,v1.8.9.3 - Wave 4.1 - Framework Timing Report (1).pdf,Format Monthly Sheets 05.26,Format Monthly Sheets,1,88,Raw Data Index refresh deferred,Raw Data Index refresh deferred,0.001,71.350,OK,85.843,0.005,106.731
Format Monthly Sheets,v1.8.9.3 - Wave 4.1 - Framework Timing Report (1).pdf,Format Monthly Sheets 05.26,Format Monthly Sheets,1,89,Formatted monthly Raw Data in place without deleting imported columns: Raw Data 05.,Formatted monthly Raw Data in place without deleting imported columns: Raw Data,0.403,71.753,OK,85.843,1.100,106.731
Format Monthly Sheets,v1.8.9.3 - Wave 4.1 - Framework Timing Report (1).pdf,Format Monthly Sheets 05.26,Format Monthly Sheets,1,90,Formatted monthly import tab: RD from RD May,Formatted monthly import tab: RD from RD,0.000,71.753,OK,85.843,0.002,106.731
Format Monthly Sheets,v1.8.9.3 - Wave 4.1 - Framework Timing Report (1).pdf,Format Monthly Sheets 05.26,Format Monthly Sheets,1,91,Index explicitly refreshed once after all monthly sheets formatted,Index explicitly refreshed once after all monthly sheets formatted,14.022,85.775,SLOW,85.843,15.158,106.731
Format Monthly Sheets,v1.8.9.3 - Wave 4.1 - Framework Timing Report (1).pdf,Format Monthly Sheets 05.26,Format Monthly Sheets,1,92,Complete,Complete,0.068,85.843,OK,85.843,0.105,106.731
Format Monthly Sheets,v1.8.9.3 - Wave 4.1 - Framework Timing Report (1).pdf,Format Monthly Sheets 07.26,Format Monthly Sheets,1,1,Start,Start,0.206,0.206,OK,95.205,0.331,106.731
Format Monthly Sheets,v1.8.9.3 - Wave 4.1 - Framework Timing Report (1).pdf,Format Monthly Sheets 07.26,Format Monthly Sheets,1,2,Archive connection opened once for batch processing,Archive connection opened once for batch processing,0.276,0.482,OK,95.205,0.729,106.731
Format Monthly Sheets,v1.8.9.3 - Wave 4.1 - Framework Timing Report (1).pdf,Format Monthly Sheets 07.26,Format Monthly Sheets,1,3,Banner output sheet shown: Banners 07.,Banner output sheet shown: Banners,10.539,11.021,SLOW,95.205,12.426,106.731
Format Monthly Sheets,v1.8.9.3 - Wave 4.1 - Framework Timing Report (1).pdf,Format Monthly Sheets 07.26,Format Monthly Sheets,1,4,Raw archive detail - reused pre-opened archive workbook connection: Source - Banners 07.,Raw archive detail - reused pre-opened archive workbook connection: Source - Banners,0.980,12.001,OK,95.205,1.056,106.731
Format Monthly Sheets,v1.8.9.3 - Wave 4.1 - Framework Timing Report (1).pdf,Format Monthly Sheets 07.26,Format Monthly Sheets,1,5,Raw archive detail - existing archive sheet deleted if present: Source - Banners 07.,Raw archive detail - existing archive sheet deleted if present: Source - Banners,0.247,12.248,OK,95.205,0.160,106.731
Format Monthly Sheets,v1.8.9.3 - Wave 4.1 - Framework Timing Report (1).pdf,Format Monthly Sheets 07.26,Format Monthly Sheets,1,6,Raw archive detail - source sheet copied to archive workbook: Source - Banners 07.,Raw archive detail - source sheet copied to archive workbook: Source - Banners,1.804,14.052,OK,95.205,1.544,106.731
Format Monthly Sheets,v1.8.9.3 - Wave 4.1 - Framework Timing Report (1).pdf,Format Monthly Sheets 07.26,Format Monthly Sheets,1,7,Raw archive detail - archive sheet renamed: Source - Banners 07.,Raw archive detail - archive sheet renamed: Source - Banners,0.115,14.167,OK,95.205,1.097,106.731
Format Monthly Sheets,v1.8.9.3 - Wave 4.1 - Framework Timing Report (1).pdf,Format Monthly Sheets 07.26,Format Monthly Sheets,1,8,Raw archive detail - archive sheet visibility enforced visible: Source - Banners 07.,Raw archive detail - archive sheet visibility enforced visible: Source - Banners,0.061,14.228,OK,95.205,0.095,106.731
Format Monthly Sheets,v1.8.9.3 - Wave 4.1 - Framework Timing Report (1).pdf,Format Monthly Sheets 07.26,Format Monthly Sheets,1,9,Raw data copied to archive: Source - Banners 07.,Raw data copied to archive: Source - Banners,0.001,14.229,OK,95.205,0.000,106.731
Format Monthly Sheets,v1.8.9.3 - Wave 4.1 - Framework Timing Report (1).pdf,Format Monthly Sheets 07.26,Format Monthly Sheets,1,10,Local raw sheet deleted to preserve workbook speed,Local raw sheet deleted to preserve workbook speed,1.427,15.656,OK,95.205,0.752,106.731
Format Monthly Sheets,v1.8.9.3 - Wave 4.1 - Framework Timing Report (1).pdf,Format Monthly Sheets 07.26,Format Monthly Sheets,1,11,Hide governed output sheet: Banners 07.,Hide governed output sheet: Banners,0.503,16.159,OK,95.205,0.758,106.731
Format Monthly Sheets,v1.8.9.3 - Wave 4.1 - Framework Timing Report (1).pdf,Format Monthly Sheets 07.26,Format Monthly Sheets,1,12,Formatted monthly import tab: B from B,Formatted monthly import tab: B from B,0.130,16.289,OK,95.205,0.168,106.731
Format Monthly Sheets,v1.8.9.3 - Wave 4.1 - Framework Timing Report (1).pdf,Format Monthly Sheets 07.26,Format Monthly Sheets,1,13,Prepared monthly dashboard source: CD,Prepared monthly dashboard source: CD,0.993,17.282,OK,95.205,1.110,106.731
Format Monthly Sheets,v1.8.9.3 - Wave 4.1 - Framework Timing Report (1).pdf,Format Monthly Sheets 07.26,Format Monthly Sheets,1,14,Mapped monthly dashboard rows in memory:,Mapped monthly dashboard rows in memory,0.524,17.806,OK,95.205,0.762,106.731
Format Monthly Sheets,v1.8.9.3 - Wave 4.1 - Framework Timing Report (1).pdf,Format Monthly Sheets 07.26,Format Monthly Sheets,1,15,Monthly dashboard fast canvas - blank sheet inserted in configured creation order: CP Due 07.,Monthly dashboard fast canvas - blank sheet inserted in configured creation order: CP Due,10.442,28.248,SLOW,95.205,12.014,106.731
Format Monthly Sheets,v1.8.9.3 - Wave 4.1 - Framework Timing Report (1).pdf,Format Monthly Sheets 07.26,Format Monthly Sheets,1,16,Monthly dashboard fast canvas - grid resized to 346 rows x 5 cols: CP Due 07.,Monthly dashboard fast canvas - grid resized to 346 rows x 5 cols: CP Due,0.589,28.837,OK,95.205,0.837,106.731
Format Monthly Sheets,v1.8.9.3 - Wave 4.1 - Framework Timing Report (1).pdf,Format Monthly Sheets 07.26,Format Monthly Sheets,1,17,Monthly dashboard fast canvas - template column widths applied: CP Due 07.,Monthly dashboard fast canvas - template column widths applied: CP Due,0.616,29.453,OK,95.205,0.860,106.731
Format Monthly Sheets,v1.8.9.3 - Wave 4.1 - Framework Timing Report (1).pdf,Format Monthly Sheets 07.26,Format Monthly Sheets,1,18,Monthly dashboard fast canvas - raw values written | Rows: 342: CP Due 07.,Monthly dashboard fast canvas - raw values written | Rows: 342: CP Due,0.014,29.467,OK,95.205,0.013,106.731
Format Monthly Sheets,v1.8.9.3 - Wave 4.1 - Framework Timing Report (1).pdf,Format Monthly Sheets 07.26,Format Monthly Sheets,1,19,Monthly dashboard fast canvas - title rows copied from template: CP Due 07.,Monthly dashboard fast canvas - title rows copied from template: CP Due,0.005,29.472,OK,95.205,0.008,106.731
Format Monthly Sheets,v1.8.9.3 - Wave 4.1 - Framework Timing Report (1).pdf,Format Monthly Sheets 07.26,Format Monthly Sheets,1,20,Monthly dashboard fast canvas - header row copied from template: CP Due 07.,Monthly dashboard fast canvas - header row copied from template: CP Due,0.004,29.476,OK,95.205,0.006,106.731
Format Monthly Sheets,v1.8.9.3 - Wave 4.1 - Framework Timing Report (1).pdf,Format Monthly Sheets 07.26,Format Monthly Sheets,1,21,Monthly dashboard fast canvas - data-row format copied from template | Rows: 342: CP Due 07.,Monthly dashboard fast canvas - data-row format copied from template | Rows: 342: CP Due,0.003,29.479,OK,95.205,0.004,106.731
Format Monthly Sheets,v1.8.9.3 - Wave 4.1 - Framework Timing Report (1).pdf,Format Monthly Sheets 07.26,Format Monthly Sheets,1,22,Monthly dashboard fast canvas - title/date/header values stamped: CP Due 07.,Monthly dashboard fast canvas - title/date/header values stamped: CP Due,0.011,29.490,OK,95.205,0.018,106.731
Format Monthly Sheets,v1.8.9.3 - Wave 4.1 - Framework Timing Report (1).pdf,Format Monthly Sheets 07.26,Format Monthly Sheets,1,23,Monthly dashboard fast canvas - frozen rows/columns and tab color applied: CP Due 07.,Monthly dashboard fast canvas - frozen rows/columns and tab color applied: CP Due,0.901,30.391,OK,95.205,2.161,106.731
Format Monthly Sheets,v1.8.9.3 - Wave 4.1 - Framework Timing Report (1).pdf,Format Monthly Sheets 07.26,Format Monthly Sheets,1,24,Monthly dashboard fast canvas - filter created: CP Due 07.,Monthly dashboard fast canvas - filter created: CP Due,0.864,31.255,OK,95.205,0.915,106.731
Format Monthly Sheets,v1.8.9.3 - Wave 4.1 - Framework Timing Report (1).pdf,Format Monthly Sheets 07.26,Format Monthly Sheets,1,25,Monthly dashboard fast canvas - template-driven canvas wrap applied: CP Due 07.,Monthly dashboard fast canvas - template-driven canvas wrap applied: CP Due,0.469,31.724,OK,95.205,0.481,106.731
Format Monthly Sheets,v1.8.9.3 - Wave 4.1 - Framework Timing Report (1).pdf,Format Monthly Sheets 07.26,Format Monthly Sheets,1,26,Monthly dashboard fast canvas - runtime caches cleared: CP Due 07.,Monthly dashboard fast canvas - runtime caches cleared: CP Due,0.002,31.726,OK,95.205,0.004,106.731
Format Monthly Sheets,v1.8.9.3 - Wave 4.1 - Framework Timing Report (1).pdf,Format Monthly Sheets 07.26,Format Monthly Sheets,1,27,Created monthly dashboard fast canvas: CP Due,Created monthly dashboard fast canvas: CP Due,0.000,31.726,OK,95.205,0.000,106.731
Format Monthly Sheets,v1.8.9.3 - Wave 4.1 - Framework Timing Report (1).pdf,Format Monthly Sheets 07.26,Format Monthly Sheets,1,28,Locked monthly dashboard row heights: CP Due 07.,Locked monthly dashboard row heights: CP Due,0.500,32.226,OK,95.205,0.696,106.731
Format Monthly Sheets,v1.8.9.3 - Wave 4.1 - Framework Timing Report (1).pdf,Format Monthly Sheets 07.26,Format Monthly Sheets,1,29,Raw archive detail - reused pre-opened archive workbook connection: Source - CP Due,Raw archive detail - reused pre-opened archive workbook connection: Source - CP Due,0.000,32.226,OK,95.205,0.000,106.731
Format Monthly Sheets,v1.8.9.3 - Wave 4.1 - Framework Timing Report (1).pdf,Format Monthly Sheets 07.26,Format Monthly Sheets,1,30,Raw archive detail - existing archive sheet deleted if present: Source - CP Due 07.,Raw archive detail - existing archive sheet deleted if present: Source - CP Due,0.082,32.308,OK,95.205,0.098,106.731
Format Monthly Sheets,v1.8.9.3 - Wave 4.1 - Framework Timing Report (1).pdf,Format Monthly Sheets 07.26,Format Monthly Sheets,1,31,Raw archive detail - source sheet copied to archive workbook: Source - CP Due 07.,Raw archive detail - source sheet copied to archive workbook: Source - CP Due,1.445,33.753,OK,95.205,1.282,106.731
Format Monthly Sheets,v1.8.9.3 - Wave 4.1 - Framework Timing Report (1).pdf,Format Monthly Sheets 07.26,Format Monthly Sheets,1,32,Raw archive detail - archive sheet renamed: Source - CP Due 07.,Raw archive detail - archive sheet renamed: Source - CP Due,0.091,33.844,OK,95.205,0.163,106.731
Format Monthly Sheets,v1.8.9.3 - Wave 4.1 - Framework Timing Report (1).pdf,Format Monthly Sheets 07.26,Format Monthly Sheets,1,33,Raw archive detail - archive sheet visibility enforced visible: Source - CP Due 07.,Raw archive detail - archive sheet visibility enforced visible: Source - CP Due,0.059,33.903,OK,95.205,0.084,106.731
Format Monthly Sheets,v1.8.9.3 - Wave 4.1 - Framework Timing Report (1).pdf,Format Monthly Sheets 07.26,Format Monthly Sheets,1,34,Raw data copied to archive: Source - CP Due,Raw data copied to archive: Source - CP Due,0.000,33.903,OK,95.205,0.000,106.731
Format Monthly Sheets,v1.8.9.3 - Wave 4.1 - Framework Timing Report (1).pdf,Format Monthly Sheets 07.26,Format Monthly Sheets,1,35,Local raw sheet deleted to preserve workbook speed,Local raw sheet deleted to preserve workbook speed,0.460,34.363,OK,95.205,0.752,106.731
Format Monthly Sheets,v1.8.9.3 - Wave 4.1 - Framework Timing Report (1).pdf,Format Monthly Sheets 07.26,Format Monthly Sheets,1,36,Hide governed output sheet: CP Due 07.,Hide governed output sheet: CP Due,1.436,35.799,OK,95.205,0.703,106.731
Format Monthly Sheets,v1.8.9.3 - Wave 4.1 - Framework Timing Report (1).pdf,Format Monthly Sheets 07.26,Format Monthly Sheets,1,37,Formatted monthly import tab: CD from CD,Formatted monthly import tab: CD from CD,0.163,35.962,OK,95.205,0.162,106.731
Format Monthly Sheets,v1.8.9.3 - Wave 4.1 - Framework Timing Report (1).pdf,Format Monthly Sheets 07.26,Format Monthly Sheets,1,38,Prepared monthly dashboard source: UC July,Prepared monthly dashboard source: UC,0.521,36.483,OK,95.205,0.774,106.731
Format Monthly Sheets,v1.8.9.3 - Wave 4.1 - Framework Timing Report (1).pdf,Format Monthly Sheets 07.26,Format Monthly Sheets,1,39,Mapped monthly dashboard rows in memory:,Mapped monthly dashboard rows in memory,0.549,37.032,OK,95.205,0.762,106.731
Format Monthly Sheets,v1.8.9.3 - Wave 4.1 - Framework Timing Report (1).pdf,Format Monthly Sheets 07.26,Format Monthly Sheets,1,40,Monthly dashboard fast canvas - blank sheet inserted in configured creation order: Unlock CP 07.,Monthly dashboard fast canvas - blank sheet inserted in configured creation order: Unlock CP,11.653,48.685,SLOW,95.205,11.441,106.731
Format Monthly Sheets,v1.8.9.3 - Wave 4.1 - Framework Timing Report (1).pdf,Format Monthly Sheets 07.26,Format Monthly Sheets,1,41,Monthly dashboard fast canvas - grid resized to 354 rows x 4 cols: Unlock CP 07.,Monthly dashboard fast canvas - grid resized to 354 rows x 4 cols: Unlock CP,0.656,49.341,OK,95.205,1.055,106.731
Format Monthly Sheets,v1.8.9.3 - Wave 4.1 - Framework Timing Report (1).pdf,Format Monthly Sheets 07.26,Format Monthly Sheets,1,42,Monthly dashboard fast canvas - template column widths applied: Unlock CP 07.,Monthly dashboard fast canvas - template column widths applied: Unlock CP,0.537,49.878,OK,95.205,0.559,106.731
Format Monthly Sheets,v1.8.9.3 - Wave 4.1 - Framework Timing Report (1).pdf,Format Monthly Sheets 07.26,Format Monthly Sheets,1,43,Monthly dashboard fast canvas - raw values written | Rows: 350: Unlock CP 07.,Monthly dashboard fast canvas - raw values written | Rows: 350: Unlock CP,0.011,49.889,OK,95.205,0.014,106.731
Format Monthly Sheets,v1.8.9.3 - Wave 4.1 - Framework Timing Report (1).pdf,Format Monthly Sheets 07.26,Format Monthly Sheets,1,44,Monthly dashboard fast canvas - title rows copied from template: Unlock CP 07.,Monthly dashboard fast canvas - title rows copied from template: Unlock CP,0.005,49.894,OK,95.205,0.015,106.731
Format Monthly Sheets,v1.8.9.3 - Wave 4.1 - Framework Timing Report (1).pdf,Format Monthly Sheets 07.26,Format Monthly Sheets,1,45,Monthly dashboard fast canvas - header row copied from template: Unlock CP 07.,Monthly dashboard fast canvas - header row copied from template: Unlock CP,0.003,49.897,OK,95.205,0.014,106.731
Format Monthly Sheets,v1.8.9.3 - Wave 4.1 - Framework Timing Report (1).pdf,Format Monthly Sheets 07.26,Format Monthly Sheets,1,46,Monthly dashboard fast canvas - data-row format copied from template | Rows: 350: Unlock CP 07.,Monthly dashboard fast canvas - data-row format copied from template | Rows: 350: Unlock CP,0.004,49.901,OK,95.205,0.008,106.731
Format Monthly Sheets,v1.8.9.3 - Wave 4.1 - Framework Timing Report (1).pdf,Format Monthly Sheets 07.26,Format Monthly Sheets,1,47,Monthly dashboard fast canvas - title/date/header values stamped: Unlock CP 07.,Monthly dashboard fast canvas - title/date/header values stamped: Unlock CP,0.014,49.915,OK,95.205,0.039,106.731
Format Monthly Sheets,v1.8.9.3 - Wave 4.1 - Framework Timing Report (1).pdf,Format Monthly Sheets 07.26,Format Monthly Sheets,1,48,Monthly dashboard fast canvas - frozen rows/columns and tab color applied: Unlock CP 07.,Monthly dashboard fast canvas - frozen rows/columns and tab color applied: Unlock CP,0.774,50.689,OK,95.205,1.001,106.731
Format Monthly Sheets,v1.8.9.3 - Wave 4.1 - Framework Timing Report (1).pdf,Format Monthly Sheets 07.26,Format Monthly Sheets,1,49,Monthly dashboard fast canvas - filter created: Unlock CP 07.,Monthly dashboard fast canvas - filter created: Unlock CP,0.811,51.500,OK,95.205,0.845,106.731
Format Monthly Sheets,v1.8.9.3 - Wave 4.1 - Framework Timing Report (1).pdf,Format Monthly Sheets 07.26,Format Monthly Sheets,1,50,Monthly dashboard fast canvas - template-driven canvas wrap applied: Unlock CP 07.,Monthly dashboard fast canvas - template-driven canvas wrap applied: Unlock CP,0.451,51.951,OK,95.205,0.465,106.731
Format Monthly Sheets,v1.8.9.3 - Wave 4.1 - Framework Timing Report (1).pdf,Format Monthly Sheets 07.26,Format Monthly Sheets,1,51,Monthly dashboard fast canvas - runtime caches cleared: Unlock CP 07.,Monthly dashboard fast canvas - runtime caches cleared: Unlock CP,0.001,51.952,OK,95.205,0.010,106.731
Format Monthly Sheets,v1.8.9.3 - Wave 4.1 - Framework Timing Report (1).pdf,Format Monthly Sheets 07.26,Format Monthly Sheets,1,52,Created monthly dashboard fast canvas: Unlock CP,Created monthly dashboard fast canvas: Unlock CP,0.000,51.952,OK,95.205,0.000,106.731
Format Monthly Sheets,v1.8.9.3 - Wave 4.1 - Framework Timing Report (1).pdf,Format Monthly Sheets 07.26,Format Monthly Sheets,1,53,Locked monthly dashboard row heights: Unlock CP 07.,Locked monthly dashboard row heights: Unlock CP,0.523,52.475,OK,95.205,0.941,106.731
Format Monthly Sheets,v1.8.9.3 - Wave 4.1 - Framework Timing Report (1).pdf,Format Monthly Sheets 07.26,Format Monthly Sheets,1,54,Raw archive detail - reused pre-opened archive workbook connection: Source - Unlocked CP,Raw archive detail - reused pre-opened archive workbook connection: Source - Unlocked CP,0.000,52.475,OK,95.205,0.000,106.731
Format Monthly Sheets,v1.8.9.3 - Wave 4.1 - Framework Timing Report (1).pdf,Format Monthly Sheets 07.26,Format Monthly Sheets,1,55,Raw archive detail - existing archive sheet deleted if present: Source - Unlocked CP 07.,Raw archive detail - existing archive sheet deleted if present: Source - Unlocked CP,0.091,52.566,OK,95.205,0.097,106.731
Format Monthly Sheets,v1.8.9.3 - Wave 4.1 - Framework Timing Report (1).pdf,Format Monthly Sheets 07.26,Format Monthly Sheets,1,56,Raw archive detail - source sheet copied to archive workbook: Source - Unlocked CP 07.,Raw archive detail - source sheet copied to archive workbook: Source - Unlocked CP,2.130,54.696,OK,95.205,1.249,106.731
Format Monthly Sheets,v1.8.9.3 - Wave 4.1 - Framework Timing Report (1).pdf,Format Monthly Sheets 07.26,Format Monthly Sheets,1,57,Raw archive detail - archive sheet renamed: Source - Unlocked CP 07.,Raw archive detail - archive sheet renamed: Source - Unlocked CP,0.088,54.784,OK,95.205,0.217,106.731
Format Monthly Sheets,v1.8.9.3 - Wave 4.1 - Framework Timing Report (1).pdf,Format Monthly Sheets 07.26,Format Monthly Sheets,1,58,Raw archive detail - archive sheet visibility enforced visible: Source - Unlocked CP 07.,Raw archive detail - archive sheet visibility enforced visible: Source - Unlocked CP,0.055,54.839,OK,95.205,0.099,106.731
Format Monthly Sheets,v1.8.9.3 - Wave 4.1 - Framework Timing Report (1).pdf,Format Monthly Sheets 07.26,Format Monthly Sheets,1,59,Raw data copied to archive: Source - Unlocked CP,Raw data copied to archive: Source - Unlocked CP,0.000,54.839,OK,95.205,0.000,106.731
Format Monthly Sheets,v1.8.9.3 - Wave 4.1 - Framework Timing Report (1).pdf,Format Monthly Sheets 07.26,Format Monthly Sheets,1,60,Local raw sheet deleted to preserve workbook speed,Local raw sheet deleted to preserve workbook speed,0.569,55.408,OK,95.205,0.752,106.731
Format Monthly Sheets,v1.8.9.3 - Wave 4.1 - Framework Timing Report (1).pdf,Format Monthly Sheets 07.26,Format Monthly Sheets,1,61,Hide governed output sheet: Unlock CP 07.,Hide governed output sheet: Unlock CP,0.501,55.909,OK,95.205,1.091,106.731
Format Monthly Sheets,v1.8.9.3 - Wave 4.1 - Framework Timing Report (1).pdf,Format Monthly Sheets 07.26,Format Monthly Sheets,1,62,Formatted monthly import tab: UC from UC July,Formatted monthly import tab: UC from UC,0.159,56.068,OK,95.205,0.145,106.731
Format Monthly Sheets,v1.8.9.3 - Wave 4.1 - Framework Timing Report (1).pdf,Format Monthly Sheets 07.26,Format Monthly Sheets,1,63,Read Raw Data source in place without editing imported values | Rows:,Read Raw Data source in place without editing imported values | Rows,5.333,61.401,OK,95.205,5.920,106.731
Format Monthly Sheets,v1.8.9.3 - Wave 4.1 - Framework Timing Report (1).pdf,Format Monthly Sheets 07.26,Format Monthly Sheets,1,64,Rename Raw Data import sheet in place and place in configured creation order: RD July -> Raw Data 07.,Rename Raw Data import sheet in place and place in configured creation order: RD -> Raw Data,6.759,68.160,OK,95.205,7.021,106.731
Format Monthly Sheets,v1.8.9.3 - Wave 4.1 - Framework Timing Report (1).pdf,Format Monthly Sheets 07.26,Format Monthly Sheets,1,65,Wave 4 Raw Data header row detection complete | Header row:,Wave 4 Raw Data header row detection complete | Header row,0.482,68.642,OK,95.205,0.730,106.731
Format Monthly Sheets,v1.8.9.3 - Wave 4.1 - Framework Timing Report (1).pdf,Format Monthly Sheets 07.26,Format Monthly Sheets,1,66,Wave 4 Raw Data title-row insert complete | Rows inserted:,Wave 4 Raw Data title-row insert complete | Rows inserted,0.145,68.787,OK,95.205,0.998,106.731
Format Monthly Sheets,v1.8.9.3 - Wave 4.1 - Framework Timing Report (1).pdf,Format Monthly Sheets 07.26,Format Monthly Sheets,1,67,Wave 4 Raw Data approved-column append complete | Columns added:,Wave 4 Raw Data approved-column append complete | Columns added,0.790,69.577,OK,95.205,1.084,106.731
Format Monthly Sheets,v1.8.9.3 - Wave 4.1 - Framework Timing Report (1).pdf,Format Monthly Sheets 07.26,Format Monthly Sheets,1,68,Wave 4 Raw Data title/header formatting start | Width:,Wave 4 Raw Data title/header formatting start | Width,0.361,69.938,OK,95.205,0.545,106.731
Format Monthly Sheets,v1.8.9.3 - Wave 4.1 - Framework Timing Report (1).pdf,Format Monthly Sheets 07.26,Format Monthly Sheets,1,69,Wave 4 Raw Data title/header formatting complete,Wave 4 Raw Data title/header formatting complete,0.158,70.096,OK,95.205,0.271,106.731
Format Monthly Sheets,v1.8.9.3 - Wave 4.1 - Framework Timing Report (1).pdf,Format Monthly Sheets 07.26,Format Monthly Sheets,1,70,Wave 4 Raw Data frozen rows set,Wave 4 Raw Data frozen rows set,0.380,70.476,OK,95.205,0.635,106.731
Format Monthly Sheets,v1.8.9.3 - Wave 4.1 - Framework Timing Report (1).pdf,Format Monthly Sheets 07.26,Format Monthly Sheets,1,71,Wave 4 Raw Data filter removal skipped - no existing filter,Wave 4 Raw Data filter removal skipped - no existing filter,0.211,70.687,OK,95.205,0.292,106.731
Format Monthly Sheets,v1.8.9.3 - Wave 4.1 - Framework Timing Report (1).pdf,Format Monthly Sheets 07.26,Format Monthly Sheets,1,72,Wave 4 Raw Data filter creation complete | Rows: 6097; Columns:,Wave 4 Raw Data filter creation complete | Rows: 6097; Columns,0.552,71.239,OK,95.205,0.594,106.731
Format Monthly Sheets,v1.8.9.3 - Wave 4.1 - Framework Timing Report (1).pdf,Format Monthly Sheets 07.26,Format Monthly Sheets,1,73,"Wave 4 Raw Data in-place title/header/column work complete | Added columns: Notes, Safety - 2 Person, Wanderer, Interpreter Needed, Fall Risk, DPOA or Guardian Active, Palliative Care, Primary PMR Row","Wave 4 Raw Data in-place title/header/column work complete | Added columns: Notes, Safety - 2 Person, Wanderer, Interpreter Needed, Fall Risk, DPOA or Guardian Active, Palliative Care, Primary PMR Row",0.002,71.241,OK,95.205,0.004,106.731
Format Monthly Sheets,v1.8.9.3 - Wave 4.1 - Framework Timing Report (1).pdf,Format Monthly Sheets 07.26,Format Monthly Sheets,1,74,Wave 4 Raw Data approved-sync columns start,Wave 4 Raw Data approved-sync columns start,0.000,71.241,OK,95.205,0.000,106.731
Format Monthly Sheets,v1.8.9.3 - Wave 4.1 - Framework Timing Report (1).pdf,Format Monthly Sheets 07.26,Format Monthly Sheets,1,75,Wave 4 Raw Data approved-sync bulk read complete | Rows:,Wave 4 Raw Data approved-sync bulk read complete | Rows,4.587,75.828,OK,95.205,4.008,106.731
Format Monthly Sheets,v1.8.9.3 - Wave 4.1 - Framework Timing Report (1).pdf,Format Monthly Sheets 07.26,Format Monthly Sheets,1,76,Wave 4 Raw Data approved-sync guarded write complete | Changed column groups:,Wave 4 Raw Data approved-sync guarded write complete | Changed column groups,0.067,75.895,OK,95.205,0.077,106.731
Format Monthly Sheets,v1.8.9.3 - Wave 4.1 - Framework Timing Report (1).pdf,Format Monthly Sheets 07.26,Format Monthly Sheets,1,77,Wave 4 Raw Data approved-sync columns complete | Changed column groups:,Wave 4 Raw Data approved-sync columns complete | Changed column groups,0.007,75.902,OK,95.205,0.006,106.731
Format Monthly Sheets,v1.8.9.3 - Wave 4.1 - Framework Timing Report (1).pdf,Format Monthly Sheets 07.26,Format Monthly Sheets,1,78,Wave 4 Raw Data banner-column sync start,Wave 4 Raw Data banner-column sync start,0.000,75.902,OK,95.205,0.000,106.731
Format Monthly Sheets,v1.8.9.3 - Wave 4.1 - Framework Timing Report (1).pdf,Format Monthly Sheets 07.26,Format Monthly Sheets,1,79,Wave 4 Raw Data banner-sync bulk read complete | Rows:,Wave 4 Raw Data banner-sync bulk read complete | Rows,4.859,80.761,OK,95.205,4.399,106.731
Format Monthly Sheets,v1.8.9.3 - Wave 4.1 - Framework Timing Report (1).pdf,Format Monthly Sheets 07.26,Format Monthly Sheets,1,80,Wave 4 Raw Data banner-sync source map built | Keys:,Wave 4 Raw Data banner-sync source map built | Keys,0.433,81.194,OK,95.205,0.740,106.731
Format Monthly Sheets,v1.8.9.3 - Wave 4.1 - Framework Timing Report (1).pdf,Format Monthly Sheets 07.26,Format Monthly Sheets,1,81,Wave 4 Raw Data banner-sync guarded write complete | Changed column groups:,Wave 4 Raw Data banner-sync guarded write complete | Changed column groups,1.054,82.248,OK,95.205,1.222,106.731
Format Monthly Sheets,v1.8.9.3 - Wave 4.1 - Framework Timing Report (1).pdf,Format Monthly Sheets 07.26,Format Monthly Sheets,1,82,Wave 4 Raw Data banner-column sync complete | Rows updated:,Wave 4 Raw Data banner-column sync complete | Rows updated,0.010,82.258,OK,95.205,0.010,106.731
Format Monthly Sheets,v1.8.9.3 - Wave 4.1 - Framework Timing Report (1).pdf,Format Monthly Sheets 07.26,Format Monthly Sheets,1,83,Wave 4 Raw Data row-height lock start,Wave 4 Raw Data row-height lock start,0.000,82.258,OK,95.205,0.000,106.731
Format Monthly Sheets,v1.8.9.3 - Wave 4.1 - Framework Timing Report (1).pdf,Format Monthly Sheets 07.26,Format Monthly Sheets,1,84,Wave 4 Raw Data row-height lock complete,Wave 4 Raw Data row-height lock complete,0.807,83.065,OK,95.205,0.992,106.731
Format Monthly Sheets,v1.8.9.3 - Wave 4.1 - Framework Timing Report (1).pdf,Format Monthly Sheets 07.26,Format Monthly Sheets,1,85,Wave 4 Raw Data visibility policy start,Wave 4 Raw Data visibility policy start,0.000,83.065,OK,95.205,0.000,106.731
Format Monthly Sheets,v1.8.9.3 - Wave 4.1 - Framework Timing Report (1).pdf,Format Monthly Sheets 07.26,Format Monthly Sheets,1,86,Hide governed output sheet: Raw Data 07.,Hide governed output sheet: Raw Data,0.150,83.215,OK,95.205,0.288,106.731
Format Monthly Sheets,v1.8.9.3 - Wave 4.1 - Framework Timing Report (1).pdf,Format Monthly Sheets 07.26,Format Monthly Sheets,1,87,Wave 4 Raw Data visibility policy complete,Wave 4 Raw Data visibility policy complete,0.000,83.215,OK,95.205,0.000,106.731
Format Monthly Sheets,v1.8.9.3 - Wave 4.1 - Framework Timing Report (1).pdf,Format Monthly Sheets 07.26,Format Monthly Sheets,1,88,Raw Data Index refresh deferred,Raw Data Index refresh deferred,0.001,83.216,OK,95.205,0.005,106.731
Format Monthly Sheets,v1.8.9.3 - Wave 4.1 - Framework Timing Report (1).pdf,Format Monthly Sheets 07.26,Format Monthly Sheets,1,89,Formatted monthly Raw Data in place without deleting imported columns: Raw Data 07.,Formatted monthly Raw Data in place without deleting imported columns: Raw Data,0.171,83.387,OK,95.205,1.100,106.731
Format Monthly Sheets,v1.8.9.3 - Wave 4.1 - Framework Timing Report (1).pdf,Format Monthly Sheets 07.26,Format Monthly Sheets,1,90,Formatted monthly import tab: RD from RD July,Formatted monthly import tab: RD from RD,0.001,83.388,OK,95.205,0.002,106.731
Format Monthly Sheets,v1.8.9.3 - Wave 4.1 - Framework Timing Report (1).pdf,Format Monthly Sheets 07.26,Format Monthly Sheets,1,91,Index explicitly refreshed once after all monthly sheets formatted,Index explicitly refreshed once after all monthly sheets formatted,11.760,95.148,SLOW,95.205,15.158,106.731
Format Monthly Sheets,v1.8.9.3 - Wave 4.1 - Framework Timing Report (1).pdf,Format Monthly Sheets 07.26,Format Monthly Sheets,1,92,Complete,Complete,0.057,95.205,OK,95.205,0.105,106.731
Format Monthly Sheets,v1.8.9.3 - Wave 4.1 - Framework Timing Report.pdf,Format Monthly Sheets 04.26,Format Monthly Sheets,1,1,Start,Start,0.284,0.284,OK,82.883,0.331,106.731
Format Monthly Sheets,v1.8.9.3 - Wave 4.1 - Framework Timing Report.pdf,Format Monthly Sheets 04.26,Format Monthly Sheets,1,2,Archive connection opened once for batch processing,Archive connection opened once for batch processing,1.019,1.303,OK,82.883,0.729,106.731
Format Monthly Sheets,v1.8.9.3 - Wave 4.1 - Framework Timing Report.pdf,Format Monthly Sheets 04.26,Format Monthly Sheets,1,3,Banner output sheet shown: Banners 04.,Banner output sheet shown: Banners,9.908,11.211,OK,82.883,12.426,106.731
Format Monthly Sheets,v1.8.9.3 - Wave 4.1 - Framework Timing Report.pdf,Format Monthly Sheets 04.26,Format Monthly Sheets,1,4,Raw archive detail - reused pre-opened archive workbook connection: Source - Banners 04.,Raw archive detail - reused pre-opened archive workbook connection: Source - Banners,1.027,12.238,OK,82.883,1.056,106.731
Format Monthly Sheets,v1.8.9.3 - Wave 4.1 - Framework Timing Report.pdf,Format Monthly Sheets 04.26,Format Monthly Sheets,1,5,Raw archive detail - existing archive sheet deleted if present: Source - Banners 04.,Raw archive detail - existing archive sheet deleted if present: Source - Banners,0.423,12.661,OK,82.883,0.160,106.731
Format Monthly Sheets,v1.8.9.3 - Wave 4.1 - Framework Timing Report.pdf,Format Monthly Sheets 04.26,Format Monthly Sheets,1,6,Raw archive detail - source sheet copied to archive workbook: Source - Banners 04.,Raw archive detail - source sheet copied to archive workbook: Source - Banners,1.213,13.874,OK,82.883,1.544,106.731
Format Monthly Sheets,v1.8.9.3 - Wave 4.1 - Framework Timing Report.pdf,Format Monthly Sheets 04.26,Format Monthly Sheets,1,7,Raw archive detail - archive sheet renamed: Source - Banners 04.,Raw archive detail - archive sheet renamed: Source - Banners,0.141,14.015,OK,82.883,1.097,106.731
Format Monthly Sheets,v1.8.9.3 - Wave 4.1 - Framework Timing Report.pdf,Format Monthly Sheets 04.26,Format Monthly Sheets,1,8,Raw archive detail - archive sheet visibility enforced visible: Source - Banners 04.,Raw archive detail - archive sheet visibility enforced visible: Source - Banners,0.089,14.104,OK,82.883,0.095,106.731
Format Monthly Sheets,v1.8.9.3 - Wave 4.1 - Framework Timing Report.pdf,Format Monthly Sheets 04.26,Format Monthly Sheets,1,9,Raw data copied to archive: Source - Banners,Raw data copied to archive: Source - Banners,0.000,14.104,OK,82.883,0.000,106.731
Format Monthly Sheets,v1.8.9.3 - Wave 4.1 - Framework Timing Report.pdf,Format Monthly Sheets 04.26,Format Monthly Sheets,1,10,Local raw sheet deleted to preserve workbook speed,Local raw sheet deleted to preserve workbook speed,0.374,14.478,OK,82.883,0.752,106.731
Format Monthly Sheets,v1.8.9.3 - Wave 4.1 - Framework Timing Report.pdf,Format Monthly Sheets 04.26,Format Monthly Sheets,1,11,Hide governed output sheet: Banners 04.,Hide governed output sheet: Banners,0.524,15.002,OK,82.883,0.758,106.731
Format Monthly Sheets,v1.8.9.3 - Wave 4.1 - Framework Timing Report.pdf,Format Monthly Sheets 04.26,Format Monthly Sheets,1,12,Formatted monthly import tab: B from B April,Formatted monthly import tab: B from B,0.085,15.087,OK,82.883,0.168,106.731
Format Monthly Sheets,v1.8.9.3 - Wave 4.1 - Framework Timing Report.pdf,Format Monthly Sheets 04.26,Format Monthly Sheets,1,13,Prepared monthly dashboard source: CD April,Prepared monthly dashboard source: CD,0.670,15.757,OK,82.883,1.110,106.731
Format Monthly Sheets,v1.8.9.3 - Wave 4.1 - Framework Timing Report.pdf,Format Monthly Sheets 04.26,Format Monthly Sheets,1,14,Mapped monthly dashboard rows in memory:,Mapped monthly dashboard rows in memory,0.679,16.436,OK,82.883,0.762,106.731
Format Monthly Sheets,v1.8.9.3 - Wave 4.1 - Framework Timing Report.pdf,Format Monthly Sheets 04.26,Format Monthly Sheets,1,15,Monthly dashboard fast canvas - blank sheet inserted in configured creation order: CP Due 04.,Monthly dashboard fast canvas - blank sheet inserted in configured creation order: CP Due,6.933,23.369,OK,82.883,12.014,106.731
Format Monthly Sheets,v1.8.9.3 - Wave 4.1 - Framework Timing Report.pdf,Format Monthly Sheets 04.26,Format Monthly Sheets,1,16,Monthly dashboard fast canvas - grid resized to 343 rows x 5 cols: CP Due 04.,Monthly dashboard fast canvas - grid resized to 343 rows x 5 cols: CP Due,0.566,23.935,OK,82.883,1.299,106.731
Format Monthly Sheets,v1.8.9.3 - Wave 4.1 - Framework Timing Report.pdf,Format Monthly Sheets 04.26,Format Monthly Sheets,1,17,Monthly dashboard fast canvas - template column widths applied: CP Due 04.,Monthly dashboard fast canvas - template column widths applied: CP Due,0.463,24.398,OK,82.883,0.860,106.731
Format Monthly Sheets,v1.8.9.3 - Wave 4.1 - Framework Timing Report.pdf,Format Monthly Sheets 04.26,Format Monthly Sheets,1,18,Monthly dashboard fast canvas - raw values written | Rows: 339: CP Due 04.,Monthly dashboard fast canvas - raw values written | Rows: 339: CP Due,0.021,24.419,OK,82.883,0.021,106.731
Format Monthly Sheets,v1.8.9.3 - Wave 4.1 - Framework Timing Report.pdf,Format Monthly Sheets 04.26,Format Monthly Sheets,1,19,Monthly dashboard fast canvas - title rows copied from template: CP Due 04.,Monthly dashboard fast canvas - title rows copied from template: CP Due,0.007,24.426,OK,82.883,0.008,106.731
Format Monthly Sheets,v1.8.9.3 - Wave 4.1 - Framework Timing Report.pdf,Format Monthly Sheets 04.26,Format Monthly Sheets,1,20,Monthly dashboard fast canvas - header row copied from template: CP Due 04.,Monthly dashboard fast canvas - header row copied from template: CP Due,0.006,24.432,OK,82.883,0.006,106.731
Format Monthly Sheets,v1.8.9.3 - Wave 4.1 - Framework Timing Report.pdf,Format Monthly Sheets 04.26,Format Monthly Sheets,1,21,Monthly dashboard fast canvas - data-row format copied from template | Rows: 339: CP Due 04.,Monthly dashboard fast canvas - data-row format copied from template | Rows: 339: CP Due,0.011,24.443,OK,82.883,0.011,106.731
Format Monthly Sheets,v1.8.9.3 - Wave 4.1 - Framework Timing Report.pdf,Format Monthly Sheets 04.26,Format Monthly Sheets,1,22,Monthly dashboard fast canvas - title/date/header values stamped: CP Due 04.,Monthly dashboard fast canvas - title/date/header values stamped: CP Due,0.023,24.466,OK,82.883,0.018,106.731
Format Monthly Sheets,v1.8.9.3 - Wave 4.1 - Framework Timing Report.pdf,Format Monthly Sheets 04.26,Format Monthly Sheets,1,23,Monthly dashboard fast canvas - frozen rows/columns and tab color applied: CP Due 04.,Monthly dashboard fast canvas - frozen rows/columns and tab color applied: CP Due,0.611,25.077,OK,82.883,2.161,106.731
Format Monthly Sheets,v1.8.9.3 - Wave 4.1 - Framework Timing Report.pdf,Format Monthly Sheets 04.26,Format Monthly Sheets,1,24,Monthly dashboard fast canvas - filter created: CP Due 04.,Monthly dashboard fast canvas - filter created: CP Due,0.428,25.505,OK,82.883,0.915,106.731
Format Monthly Sheets,v1.8.9.3 - Wave 4.1 - Framework Timing Report.pdf,Format Monthly Sheets 04.26,Format Monthly Sheets,1,25,Monthly dashboard fast canvas - template-driven canvas wrap applied: CP Due 04.,Monthly dashboard fast canvas - template-driven canvas wrap applied: CP Due,0.497,26.002,OK,82.883,0.481,106.731
Format Monthly Sheets,v1.8.9.3 - Wave 4.1 - Framework Timing Report.pdf,Format Monthly Sheets 04.26,Format Monthly Sheets,1,26,Monthly dashboard fast canvas - runtime caches cleared: CP Due 04.,Monthly dashboard fast canvas - runtime caches cleared: CP Due,0.003,26.005,OK,82.883,0.004,106.731
Format Monthly Sheets,v1.8.9.3 - Wave 4.1 - Framework Timing Report.pdf,Format Monthly Sheets 04.26,Format Monthly Sheets,1,27,Created monthly dashboard fast canvas: CP Due,Created monthly dashboard fast canvas: CP Due,0.000,26.005,OK,82.883,0.000,106.731
Format Monthly Sheets,v1.8.9.3 - Wave 4.1 - Framework Timing Report.pdf,Format Monthly Sheets 04.26,Format Monthly Sheets,1,28,Locked monthly dashboard row heights: CP Due 04.,Locked monthly dashboard row heights: CP Due,0.468,26.473,OK,82.883,0.696,106.731
Format Monthly Sheets,v1.8.9.3 - Wave 4.1 - Framework Timing Report.pdf,Format Monthly Sheets 04.26,Format Monthly Sheets,1,29,Raw archive detail - reused pre-opened archive workbook connection: Source - CP Due 04.,Raw archive detail - reused pre-opened archive workbook connection: Source - CP Due,0.001,26.474,OK,82.883,0.000,106.731
Format Monthly Sheets,v1.8.9.3 - Wave 4.1 - Framework Timing Report.pdf,Format Monthly Sheets 04.26,Format Monthly Sheets,1,30,Raw archive detail - existing archive sheet deleted if present: Source - CP Due 04.,Raw archive detail - existing archive sheet deleted if present: Source - CP Due,0.319,26.793,OK,82.883,0.098,106.731
Format Monthly Sheets,v1.8.9.3 - Wave 4.1 - Framework Timing Report.pdf,Format Monthly Sheets 04.26,Format Monthly Sheets,1,31,Raw archive detail - source sheet copied to archive workbook: Source - CP Due 04.,Raw archive detail - source sheet copied to archive workbook: Source - CP Due,0.947,27.740,OK,82.883,1.282,106.731
Format Monthly Sheets,v1.8.9.3 - Wave 4.1 - Framework Timing Report.pdf,Format Monthly Sheets 04.26,Format Monthly Sheets,1,32,Raw archive detail - archive sheet renamed: Source - CP Due 04.,Raw archive detail - archive sheet renamed: Source - CP Due,0.153,27.893,OK,82.883,0.163,106.731
Format Monthly Sheets,v1.8.9.3 - Wave 4.1 - Framework Timing Report.pdf,Format Monthly Sheets 04.26,Format Monthly Sheets,1,33,Raw archive detail - archive sheet visibility enforced visible: Source - CP Due 04.,Raw archive detail - archive sheet visibility enforced visible: Source - CP Due,0.101,27.994,OK,82.883,0.084,106.731
Format Monthly Sheets,v1.8.9.3 - Wave 4.1 - Framework Timing Report.pdf,Format Monthly Sheets 04.26,Format Monthly Sheets,1,34,Raw data copied to archive: Source - CP Due,Raw data copied to archive: Source - CP Due,0.000,27.994,OK,82.883,0.000,106.731
Format Monthly Sheets,v1.8.9.3 - Wave 4.1 - Framework Timing Report.pdf,Format Monthly Sheets 04.26,Format Monthly Sheets,1,35,Local raw sheet deleted to preserve workbook speed,Local raw sheet deleted to preserve workbook speed,0.372,28.366,OK,82.883,0.752,106.731
Format Monthly Sheets,v1.8.9.3 - Wave 4.1 - Framework Timing Report.pdf,Format Monthly Sheets 04.26,Format Monthly Sheets,1,36,Hide governed output sheet: CP Due 04.,Hide governed output sheet: CP Due,0.501,28.867,OK,82.883,0.703,106.731
Format Monthly Sheets,v1.8.9.3 - Wave 4.1 - Framework Timing Report.pdf,Format Monthly Sheets 04.26,Format Monthly Sheets,1,37,Formatted monthly import tab: CD from CD April,Formatted monthly import tab: CD from CD,0.080,28.947,OK,82.883,0.162,106.731
Format Monthly Sheets,v1.8.9.3 - Wave 4.1 - Framework Timing Report.pdf,Format Monthly Sheets 04.26,Format Monthly Sheets,1,38,Prepared monthly dashboard source: UC April,Prepared monthly dashboard source: UC,0.621,29.568,OK,82.883,0.774,106.731
Format Monthly Sheets,v1.8.9.3 - Wave 4.1 - Framework Timing Report.pdf,Format Monthly Sheets 04.26,Format Monthly Sheets,1,39,Mapped monthly dashboard rows in memory:,Mapped monthly dashboard rows in memory,0.603,30.171,OK,82.883,0.762,106.731
Format Monthly Sheets,v1.8.9.3 - Wave 4.1 - Framework Timing Report.pdf,Format Monthly Sheets 04.26,Format Monthly Sheets,1,40,Monthly dashboard fast canvas - blank sheet inserted in configured creation order: Unlock CP 04.,Monthly dashboard fast canvas - blank sheet inserted in configured creation order: Unlock CP,7.524,37.695,OK,82.883,11.441,106.731
Format Monthly Sheets,v1.8.9.3 - Wave 4.1 - Framework Timing Report.pdf,Format Monthly Sheets 04.26,Format Monthly Sheets,1,41,Monthly dashboard fast canvas - grid resized to 358 rows x 4 cols: Unlock CP 04.,Monthly dashboard fast canvas - grid resized to 358 rows x 4 cols: Unlock CP,0.603,38.298,OK,82.883,0.753,106.731
Format Monthly Sheets,v1.8.9.3 - Wave 4.1 - Framework Timing Report.pdf,Format Monthly Sheets 04.26,Format Monthly Sheets,1,42,Monthly dashboard fast canvas - template column widths applied: Unlock CP 04.,Monthly dashboard fast canvas - template column widths applied: Unlock CP,0.418,38.716,OK,82.883,0.559,106.731
Format Monthly Sheets,v1.8.9.3 - Wave 4.1 - Framework Timing Report.pdf,Format Monthly Sheets 04.26,Format Monthly Sheets,1,43,Monthly dashboard fast canvas - raw values written | Rows: 354: Unlock CP 04.,Monthly dashboard fast canvas - raw values written | Rows: 354: Unlock CP,0.020,38.736,OK,82.883,0.019,106.731
Format Monthly Sheets,v1.8.9.3 - Wave 4.1 - Framework Timing Report.pdf,Format Monthly Sheets 04.26,Format Monthly Sheets,1,44,Monthly dashboard fast canvas - title rows copied from template: Unlock CP 04.,Monthly dashboard fast canvas - title rows copied from template: Unlock CP,0.015,38.751,OK,82.883,0.015,106.731
Format Monthly Sheets,v1.8.9.3 - Wave 4.1 - Framework Timing Report.pdf,Format Monthly Sheets 04.26,Format Monthly Sheets,1,45,Monthly dashboard fast canvas - header row copied from template: Unlock CP 04.,Monthly dashboard fast canvas - header row copied from template: Unlock CP,0.007,38.758,OK,82.883,0.014,106.731
Format Monthly Sheets,v1.8.9.3 - Wave 4.1 - Framework Timing Report.pdf,Format Monthly Sheets 04.26,Format Monthly Sheets,1,46,Monthly dashboard fast canvas - data-row format copied from template | Rows: 354: Unlock CP 04.,Monthly dashboard fast canvas - data-row format copied from template | Rows: 354: Unlock CP,0.007,38.765,OK,82.883,0.012,106.731
Format Monthly Sheets,v1.8.9.3 - Wave 4.1 - Framework Timing Report.pdf,Format Monthly Sheets 04.26,Format Monthly Sheets,1,47,Monthly dashboard fast canvas - title/date/header values stamped: Unlock CP 04.,Monthly dashboard fast canvas - title/date/header values stamped: Unlock CP,0.042,38.807,OK,82.883,0.039,106.731
Format Monthly Sheets,v1.8.9.3 - Wave 4.1 - Framework Timing Report.pdf,Format Monthly Sheets 04.26,Format Monthly Sheets,1,48,Monthly dashboard fast canvas - frozen rows/columns and tab color applied: Unlock CP 04.,Monthly dashboard fast canvas - frozen rows/columns and tab color applied: Unlock CP,0.680,39.487,OK,82.883,1.001,106.731
Format Monthly Sheets,v1.8.9.3 - Wave 4.1 - Framework Timing Report.pdf,Format Monthly Sheets 04.26,Format Monthly Sheets,1,49,Monthly dashboard fast canvas - filter created: Unlock CP 04.,Monthly dashboard fast canvas - filter created: Unlock CP,0.545,40.032,OK,82.883,0.845,106.731
Format Monthly Sheets,v1.8.9.3 - Wave 4.1 - Framework Timing Report.pdf,Format Monthly Sheets 04.26,Format Monthly Sheets,1,50,Monthly dashboard fast canvas - template-driven canvas wrap applied: Unlock CP 04.,Monthly dashboard fast canvas - template-driven canvas wrap applied: Unlock CP,0.253,40.285,OK,82.883,0.465,106.731
Format Monthly Sheets,v1.8.9.3 - Wave 4.1 - Framework Timing Report.pdf,Format Monthly Sheets 04.26,Format Monthly Sheets,1,51,Monthly dashboard fast canvas - runtime caches cleared: Unlock CP 04.,Monthly dashboard fast canvas - runtime caches cleared: Unlock CP,0.004,40.289,OK,82.883,0.010,106.731
Format Monthly Sheets,v1.8.9.3 - Wave 4.1 - Framework Timing Report.pdf,Format Monthly Sheets 04.26,Format Monthly Sheets,1,52,Created monthly dashboard fast canvas: Unlock CP,Created monthly dashboard fast canvas: Unlock CP,0.000,40.289,OK,82.883,0.000,106.731
Format Monthly Sheets,v1.8.9.3 - Wave 4.1 - Framework Timing Report.pdf,Format Monthly Sheets 04.26,Format Monthly Sheets,1,53,Locked monthly dashboard row heights: Unlock CP 04.,Locked monthly dashboard row heights: Unlock CP,0.610,40.899,OK,82.883,0.941,106.731
Format Monthly Sheets,v1.8.9.3 - Wave 4.1 - Framework Timing Report.pdf,Format Monthly Sheets 04.26,Format Monthly Sheets,1,54,Raw archive detail - reused pre-opened archive workbook connection: Source - Unlocked CP,Raw archive detail - reused pre-opened archive workbook connection: Source - Unlocked CP,0.000,40.899,OK,82.883,0.000,106.731
Format Monthly Sheets,v1.8.9.3 - Wave 4.1 - Framework Timing Report.pdf,Format Monthly Sheets 04.26,Format Monthly Sheets,1,55,Raw archive detail - existing archive sheet deleted if present: Source - Unlocked CP 04.,Raw archive detail - existing archive sheet deleted if present: Source - Unlocked CP,0.328,41.227,OK,82.883,0.097,106.731
Format Monthly Sheets,v1.8.9.3 - Wave 4.1 - Framework Timing Report.pdf,Format Monthly Sheets 04.26,Format Monthly Sheets,1,56,Raw archive detail - source sheet copied to archive workbook: Source - Unlocked CP 04.,Raw archive detail - source sheet copied to archive workbook: Source - Unlocked CP,0.931,42.158,OK,82.883,1.249,106.731
Format Monthly Sheets,v1.8.9.3 - Wave 4.1 - Framework Timing Report.pdf,Format Monthly Sheets 04.26,Format Monthly Sheets,1,57,Raw archive detail - archive sheet renamed: Source - Unlocked CP 04.,Raw archive detail - archive sheet renamed: Source - Unlocked CP,0.153,42.311,OK,82.883,0.217,106.731
Format Monthly Sheets,v1.8.9.3 - Wave 4.1 - Framework Timing Report.pdf,Format Monthly Sheets 04.26,Format Monthly Sheets,1,58,Raw archive detail - archive sheet visibility enforced visible: Source - Unlocked CP 04.,Raw archive detail - archive sheet visibility enforced visible: Source - Unlocked CP,0.101,42.412,OK,82.883,0.099,106.731
Format Monthly Sheets,v1.8.9.3 - Wave 4.1 - Framework Timing Report.pdf,Format Monthly Sheets 04.26,Format Monthly Sheets,1,59,Raw data copied to archive: Source - Unlocked CP,Raw data copied to archive: Source - Unlocked CP,0.000,42.412,OK,82.883,0.000,106.731
Format Monthly Sheets,v1.8.9.3 - Wave 4.1 - Framework Timing Report.pdf,Format Monthly Sheets 04.26,Format Monthly Sheets,1,60,Local raw sheet deleted to preserve workbook speed,Local raw sheet deleted to preserve workbook speed,0.406,42.818,OK,82.883,0.752,106.731
Format Monthly Sheets,v1.8.9.3 - Wave 4.1 - Framework Timing Report.pdf,Format Monthly Sheets 04.26,Format Monthly Sheets,1,61,Hide governed output sheet: Unlock CP 04.,Hide governed output sheet: Unlock CP,0.640,43.458,OK,82.883,1.091,106.731
Format Monthly Sheets,v1.8.9.3 - Wave 4.1 - Framework Timing Report.pdf,Format Monthly Sheets 04.26,Format Monthly Sheets,1,62,Formatted monthly import tab: UC from UC April,Formatted monthly import tab: UC from UC,0.082,43.540,OK,82.883,0.145,106.731
Format Monthly Sheets,v1.8.9.3 - Wave 4.1 - Framework Timing Report.pdf,Format Monthly Sheets 04.26,Format Monthly Sheets,1,63,Read Raw Data source in place without editing imported values | Rows:,Read Raw Data source in place without editing imported values | Rows,5.366,48.906,OK,82.883,5.920,106.731
Format Monthly Sheets,v1.8.9.3 - Wave 4.1 - Framework Timing Report.pdf,Format Monthly Sheets 04.26,Format Monthly Sheets,1,64,Rename Raw Data import sheet in place and place in configured creation order: RD April -> Raw Data 04.,Rename Raw Data import sheet in place and place in configured creation order: RD -> Raw Data,6.814,55.720,OK,82.883,7.021,106.731
Format Monthly Sheets,v1.8.9.3 - Wave 4.1 - Framework Timing Report.pdf,Format Monthly Sheets 04.26,Format Monthly Sheets,1,65,Wave 4 Raw Data header row detection complete | Header row:,Wave 4 Raw Data header row detection complete | Header row,0.545,56.265,OK,82.883,0.730,106.731
Format Monthly Sheets,v1.8.9.3 - Wave 4.1 - Framework Timing Report.pdf,Format Monthly Sheets 04.26,Format Monthly Sheets,1,66,Wave 4 Raw Data title-row insert complete | Rows inserted:,Wave 4 Raw Data title-row insert complete | Rows inserted,0.134,56.399,OK,82.883,0.998,106.731
Format Monthly Sheets,v1.8.9.3 - Wave 4.1 - Framework Timing Report.pdf,Format Monthly Sheets 04.26,Format Monthly Sheets,1,67,Wave 4 Raw Data approved-column append complete | Columns added:,Wave 4 Raw Data approved-column append complete | Columns added,1.473,57.872,OK,82.883,1.084,106.731
Format Monthly Sheets,v1.8.9.3 - Wave 4.1 - Framework Timing Report.pdf,Format Monthly Sheets 04.26,Format Monthly Sheets,1,68,Wave 4 Raw Data title/header formatting start | Width:,Wave 4 Raw Data title/header formatting start | Width,0.543,58.415,OK,82.883,0.545,106.731
Format Monthly Sheets,v1.8.9.3 - Wave 4.1 - Framework Timing Report.pdf,Format Monthly Sheets 04.26,Format Monthly Sheets,1,69,Wave 4 Raw Data title/header formatting complete,Wave 4 Raw Data title/header formatting complete,0.209,58.624,OK,82.883,0.271,106.731
Format Monthly Sheets,v1.8.9.3 - Wave 4.1 - Framework Timing Report.pdf,Format Monthly Sheets 04.26,Format Monthly Sheets,1,70,Wave 4 Raw Data frozen rows set,Wave 4 Raw Data frozen rows set,0.580,59.204,OK,82.883,0.635,106.731
Format Monthly Sheets,v1.8.9.3 - Wave 4.1 - Framework Timing Report.pdf,Format Monthly Sheets 04.26,Format Monthly Sheets,1,71,Wave 4 Raw Data filter removal complete,Wave 4 Raw Data filter removal complete,0.433,59.637,OK,82.883,0.709,106.731
Format Monthly Sheets,v1.8.9.3 - Wave 4.1 - Framework Timing Report.pdf,Format Monthly Sheets 04.26,Format Monthly Sheets,1,72,Wave 4 Raw Data filter creation complete | Rows: 5932; Columns:,Wave 4 Raw Data filter creation complete | Rows: 5932; Columns,0.455,60.092,OK,82.883,0.775,106.731
Format Monthly Sheets,v1.8.9.3 - Wave 4.1 - Framework Timing Report.pdf,Format Monthly Sheets 04.26,Format Monthly Sheets,1,73,"Wave 4 Raw Data in-place title/header/column work complete | Added columns: Safety - 2 Person, Wanderer, Interpreter Needed, Fall Risk, DPOA or Guardian Active, Palliative Care, Primary PMR Row","Wave 4 Raw Data in-place title/header/column work complete | Added columns: Safety - 2 Person, Wanderer, Interpreter Needed, Fall Risk, DPOA or Guardian Active, Palliative Care, Primary PMR Row",0.003,60.095,OK,82.883,0.005,106.731
Format Monthly Sheets,v1.8.9.3 - Wave 4.1 - Framework Timing Report.pdf,Format Monthly Sheets 04.26,Format Monthly Sheets,1,74,Wave 4 Raw Data approved-sync columns start,Wave 4 Raw Data approved-sync columns start,0.000,60.095,OK,82.883,0.000,106.731
Format Monthly Sheets,v1.8.9.3 - Wave 4.1 - Framework Timing Report.pdf,Format Monthly Sheets 04.26,Format Monthly Sheets,1,75,Wave 4 Raw Data approved-sync bulk read complete | Rows:,Wave 4 Raw Data approved-sync bulk read complete | Rows,3.849,63.944,OK,82.883,4.008,106.731
Format Monthly Sheets,v1.8.9.3 - Wave 4.1 - Framework Timing Report.pdf,Format Monthly Sheets 04.26,Format Monthly Sheets,1,76,Wave 4 Raw Data approved-sync guarded write complete | Changed column groups:,Wave 4 Raw Data approved-sync guarded write complete | Changed column groups,0.098,64.042,OK,82.883,0.077,106.731
Format Monthly Sheets,v1.8.9.3 - Wave 4.1 - Framework Timing Report.pdf,Format Monthly Sheets 04.26,Format Monthly Sheets,1,77,Wave 4 Raw Data approved-sync columns complete | Changed column groups:,Wave 4 Raw Data approved-sync columns complete | Changed column groups,0.008,64.050,OK,82.883,0.006,106.731
Format Monthly Sheets,v1.8.9.3 - Wave 4.1 - Framework Timing Report.pdf,Format Monthly Sheets 04.26,Format Monthly Sheets,1,78,Wave 4 Raw Data banner-column sync start,Wave 4 Raw Data banner-column sync start,0.000,64.050,OK,82.883,0.000,106.731
Format Monthly Sheets,v1.8.9.3 - Wave 4.1 - Framework Timing Report.pdf,Format Monthly Sheets 04.26,Format Monthly Sheets,1,79,Wave 4 Raw Data banner-sync bulk read complete | Rows:,Wave 4 Raw Data banner-sync bulk read complete | Rows,3.794,67.844,OK,82.883,4.399,106.731
Format Monthly Sheets,v1.8.9.3 - Wave 4.1 - Framework Timing Report.pdf,Format Monthly Sheets 04.26,Format Monthly Sheets,1,80,Wave 4 Raw Data banner-sync source map built | Keys:,Wave 4 Raw Data banner-sync source map built | Keys,0.544,68.388,OK,82.883,0.740,106.731
Format Monthly Sheets,v1.8.9.3 - Wave 4.1 - Framework Timing Report.pdf,Format Monthly Sheets 04.26,Format Monthly Sheets,1,81,Wave 4 Raw Data banner-sync guarded write complete | Changed column groups:,Wave 4 Raw Data banner-sync guarded write complete | Changed column groups,0.995,69.383,OK,82.883,1.222,106.731
Format Monthly Sheets,v1.8.9.3 - Wave 4.1 - Framework Timing Report.pdf,Format Monthly Sheets 04.26,Format Monthly Sheets,1,82,Wave 4 Raw Data banner-column sync complete | Rows updated:,Wave 4 Raw Data banner-column sync complete | Rows updated,0.011,69.394,OK,82.883,0.010,106.731
Format Monthly Sheets,v1.8.9.3 - Wave 4.1 - Framework Timing Report.pdf,Format Monthly Sheets 04.26,Format Monthly Sheets,1,83,Wave 4 Raw Data row-height lock start,Wave 4 Raw Data row-height lock start,0.000,69.394,OK,82.883,0.000,106.731
Format Monthly Sheets,v1.8.9.3 - Wave 4.1 - Framework Timing Report.pdf,Format Monthly Sheets 04.26,Format Monthly Sheets,1,84,Wave 4 Raw Data row-height lock complete,Wave 4 Raw Data row-height lock complete,0.901,70.295,OK,82.883,0.992,106.731
Format Monthly Sheets,v1.8.9.3 - Wave 4.1 - Framework Timing Report.pdf,Format Monthly Sheets 04.26,Format Monthly Sheets,1,85,Wave 4 Raw Data visibility policy start,Wave 4 Raw Data visibility policy start,0.000,70.295,OK,82.883,0.000,106.731
Format Monthly Sheets,v1.8.9.3 - Wave 4.1 - Framework Timing Report.pdf,Format Monthly Sheets 04.26,Format Monthly Sheets,1,86,Hide governed output sheet: Raw Data 04.,Hide governed output sheet: Raw Data,0.251,70.546,OK,82.883,0.288,106.731
Format Monthly Sheets,v1.8.9.3 - Wave 4.1 - Framework Timing Report.pdf,Format Monthly Sheets 04.26,Format Monthly Sheets,1,87,Wave 4 Raw Data visibility policy complete,Wave 4 Raw Data visibility policy complete,0.000,70.546,OK,82.883,0.000,106.731
Format Monthly Sheets,v1.8.9.3 - Wave 4.1 - Framework Timing Report.pdf,Format Monthly Sheets 04.26,Format Monthly Sheets,1,88,Raw Data Index refresh deferred,Raw Data Index refresh deferred,0.003,70.549,OK,82.883,0.005,106.731
Format Monthly Sheets,v1.8.9.3 - Wave 4.1 - Framework Timing Report.pdf,Format Monthly Sheets 04.26,Format Monthly Sheets,1,89,Formatted monthly Raw Data in place without deleting imported columns: Raw Data 04.,Formatted monthly Raw Data in place without deleting imported columns: Raw Data,0.091,70.640,OK,82.883,1.100,106.731
Format Monthly Sheets,v1.8.9.3 - Wave 4.1 - Framework Timing Report.pdf,Format Monthly Sheets 04.26,Format Monthly Sheets,1,90,Formatted monthly import tab: RD from RD April,Formatted monthly import tab: RD from RD,0.001,70.641,OK,82.883,0.002,106.731
Format Monthly Sheets,v1.8.9.3 - Wave 4.1 - Framework Timing Report.pdf,Format Monthly Sheets 04.26,Format Monthly Sheets,1,91,Index explicitly refreshed once after all monthly sheets formatted,Index explicitly refreshed once after all monthly sheets formatted,12.020,82.661,SLOW,82.883,15.158,106.731
Format Monthly Sheets,v1.8.9.3 - Wave 4.1 - Framework Timing Report.pdf,Format Monthly Sheets 04.26,Format Monthly Sheets,1,92,Complete,Complete,0.222,82.883,OK,82.883,0.105,106.731
Format Monthly Sheets,v1.8.9.3 - Wave 4.1 - Framework Timing Report.pdf,Format Monthly Sheets 05.26,Format Monthly Sheets,1,1,Start,Start,0.364,0.364,OK,85.843,0.331,106.731
Format Monthly Sheets,v1.8.9.3 - Wave 4.1 - Framework Timing Report.pdf,Format Monthly Sheets 05.26,Format Monthly Sheets,1,2,Archive connection opened once for batch processing,Archive connection opened once for batch processing,0.315,0.679,OK,85.843,0.729,106.731
Format Monthly Sheets,v1.8.9.3 - Wave 4.1 - Framework Timing Report.pdf,Format Monthly Sheets 05.26,Format Monthly Sheets,1,3,Banner output sheet shown: Banners 05.,Banner output sheet shown: Banners,9.710,10.389,OK,85.843,12.426,106.731
Format Monthly Sheets,v1.8.9.3 - Wave 4.1 - Framework Timing Report.pdf,Format Monthly Sheets 05.26,Format Monthly Sheets,1,4,Raw archive detail - reused pre-opened archive workbook connection: Source - Banners 05.,Raw archive detail - reused pre-opened archive workbook connection: Source - Banners,0.991,11.380,OK,85.843,1.056,106.731
Format Monthly Sheets,v1.8.9.3 - Wave 4.1 - Framework Timing Report.pdf,Format Monthly Sheets 05.26,Format Monthly Sheets,1,5,Raw archive detail - existing archive sheet deleted if present: Source - Banners 05.,Raw archive detail - existing archive sheet deleted if present: Source - Banners,0.775,12.155,OK,85.843,0.160,106.731
Format Monthly Sheets,v1.8.9.3 - Wave 4.1 - Framework Timing Report.pdf,Format Monthly Sheets 05.26,Format Monthly Sheets,1,6,Raw archive detail - source sheet copied to archive workbook: Source - Banners 05.,Raw archive detail - source sheet copied to archive workbook: Source - Banners,1.242,13.397,OK,85.843,1.544,106.731
Format Monthly Sheets,v1.8.9.3 - Wave 4.1 - Framework Timing Report.pdf,Format Monthly Sheets 05.26,Format Monthly Sheets,1,7,Raw archive detail - archive sheet renamed: Source - Banners 05.,Raw archive detail - archive sheet renamed: Source - Banners,0.142,13.539,OK,85.843,1.097,106.731
Format Monthly Sheets,v1.8.9.3 - Wave 4.1 - Framework Timing Report.pdf,Format Monthly Sheets 05.26,Format Monthly Sheets,1,8,Raw archive detail - archive sheet visibility enforced visible: Source - Banners 05.,Raw archive detail - archive sheet visibility enforced visible: Source - Banners,0.080,13.619,OK,85.843,0.095,106.731
Format Monthly Sheets,v1.8.9.3 - Wave 4.1 - Framework Timing Report.pdf,Format Monthly Sheets 05.26,Format Monthly Sheets,1,9,Raw data copied to archive: Source - Banners,Raw data copied to archive: Source - Banners,0.000,13.619,OK,85.843,0.000,106.731
Format Monthly Sheets,v1.8.9.3 - Wave 4.1 - Framework Timing Report.pdf,Format Monthly Sheets 05.26,Format Monthly Sheets,1,10,Local raw sheet deleted to preserve workbook speed,Local raw sheet deleted to preserve workbook speed,1.282,14.901,OK,85.843,0.752,106.731
Format Monthly Sheets,v1.8.9.3 - Wave 4.1 - Framework Timing Report.pdf,Format Monthly Sheets 05.26,Format Monthly Sheets,1,11,Hide governed output sheet: Banners 05.,Hide governed output sheet: Banners,0.586,15.487,OK,85.843,0.758,106.731
Format Monthly Sheets,v1.8.9.3 - Wave 4.1 - Framework Timing Report.pdf,Format Monthly Sheets 05.26,Format Monthly Sheets,1,12,Formatted monthly import tab: B from B May,Formatted monthly import tab: B from B,0.104,15.591,OK,85.843,0.168,106.731
Format Monthly Sheets,v1.8.9.3 - Wave 4.1 - Framework Timing Report.pdf,Format Monthly Sheets 05.26,Format Monthly Sheets,1,13,Prepared monthly dashboard source: CD May,Prepared monthly dashboard source: CD,0.959,16.550,OK,85.843,1.110,106.731
Format Monthly Sheets,v1.8.9.3 - Wave 4.1 - Framework Timing Report.pdf,Format Monthly Sheets 05.26,Format Monthly Sheets,1,14,Mapped monthly dashboard rows in memory:,Mapped monthly dashboard rows in memory,0.731,17.281,OK,85.843,0.762,106.731
Format Monthly Sheets,v1.8.9.3 - Wave 4.1 - Framework Timing Report.pdf,Format Monthly Sheets 05.26,Format Monthly Sheets,1,15,Monthly dashboard fast canvas - blank sheet inserted in configured creation order: CP Due 05.,Monthly dashboard fast canvas - blank sheet inserted in configured creation order: CP Due,9.191,26.472,OK,85.843,12.014,106.731
Format Monthly Sheets,v1.8.9.3 - Wave 4.1 - Framework Timing Report.pdf,Format Monthly Sheets 05.26,Format Monthly Sheets,1,16,Monthly dashboard fast canvas - grid resized to 339 rows x 5 cols: CP Due 05.,Monthly dashboard fast canvas - grid resized to 339 rows x 5 cols: CP Due,1.157,27.629,OK,85.843,1.136,106.731
Format Monthly Sheets,v1.8.9.3 - Wave 4.1 - Framework Timing Report.pdf,Format Monthly Sheets 05.26,Format Monthly Sheets,1,17,Monthly dashboard fast canvas - template column widths applied: CP Due 05.,Monthly dashboard fast canvas - template column widths applied: CP Due,0.539,28.168,OK,85.843,0.860,106.731
Format Monthly Sheets,v1.8.9.3 - Wave 4.1 - Framework Timing Report.pdf,Format Monthly Sheets 05.26,Format Monthly Sheets,1,18,Monthly dashboard fast canvas - raw values written | Rows: 335: CP Due 05.,Monthly dashboard fast canvas - raw values written | Rows: 335: CP Due,0.010,28.178,OK,85.843,0.018,106.731
Format Monthly Sheets,v1.8.9.3 - Wave 4.1 - Framework Timing Report.pdf,Format Monthly Sheets 05.26,Format Monthly Sheets,1,19,Monthly dashboard fast canvas - title rows copied from template: CP Due 05.,Monthly dashboard fast canvas - title rows copied from template: CP Due,0.007,28.185,OK,85.843,0.008,106.731
Format Monthly Sheets,v1.8.9.3 - Wave 4.1 - Framework Timing Report.pdf,Format Monthly Sheets 05.26,Format Monthly Sheets,1,20,Monthly dashboard fast canvas - header row copied from template: CP Due 05.,Monthly dashboard fast canvas - header row copied from template: CP Due,0.003,28.188,OK,85.843,0.006,106.731
Format Monthly Sheets,v1.8.9.3 - Wave 4.1 - Framework Timing Report.pdf,Format Monthly Sheets 05.26,Format Monthly Sheets,1,21,Monthly dashboard fast canvas - data-row format copied from template | Rows: 335: CP Due 05.,Monthly dashboard fast canvas - data-row format copied from template | Rows: 335: CP Due,0.005,28.193,OK,85.843,0.010,106.731
Format Monthly Sheets,v1.8.9.3 - Wave 4.1 - Framework Timing Report.pdf,Format Monthly Sheets 05.26,Format Monthly Sheets,1,22,Monthly dashboard fast canvas - title/date/header values stamped: CP Due 05.,Monthly dashboard fast canvas - title/date/header values stamped: CP Due,0.021,28.214,OK,85.843,0.018,106.731
Format Monthly Sheets,v1.8.9.3 - Wave 4.1 - Framework Timing Report.pdf,Format Monthly Sheets 05.26,Format Monthly Sheets,1,23,Monthly dashboard fast canvas - frozen rows/columns and tab color applied: CP Due 05.,Monthly dashboard fast canvas - frozen rows/columns and tab color applied: CP Due,0.882,29.096,OK,85.843,2.161,106.731
Format Monthly Sheets,v1.8.9.3 - Wave 4.1 - Framework Timing Report.pdf,Format Monthly Sheets 05.26,Format Monthly Sheets,1,24,Monthly dashboard fast canvas - filter created: CP Due 05.,Monthly dashboard fast canvas - filter created: CP Due,0.498,29.594,OK,85.843,0.915,106.731
Format Monthly Sheets,v1.8.9.3 - Wave 4.1 - Framework Timing Report.pdf,Format Monthly Sheets 05.26,Format Monthly Sheets,1,25,Monthly dashboard fast canvas - template-driven canvas wrap applied: CP Due 05.,Monthly dashboard fast canvas - template-driven canvas wrap applied: CP Due,0.314,29.908,OK,85.843,0.481,106.731
Format Monthly Sheets,v1.8.9.3 - Wave 4.1 - Framework Timing Report.pdf,Format Monthly Sheets 05.26,Format Monthly Sheets,1,26,Monthly dashboard fast canvas - runtime caches cleared: CP Due 05.,Monthly dashboard fast canvas - runtime caches cleared: CP Due,0.001,29.909,OK,85.843,0.004,106.731
Format Monthly Sheets,v1.8.9.3 - Wave 4.1 - Framework Timing Report.pdf,Format Monthly Sheets 05.26,Format Monthly Sheets,1,27,Created monthly dashboard fast canvas: CP Due,Created monthly dashboard fast canvas: CP Due,0.000,29.909,OK,85.843,0.000,106.731
Format Monthly Sheets,v1.8.9.3 - Wave 4.1 - Framework Timing Report.pdf,Format Monthly Sheets 05.26,Format Monthly Sheets,1,28,Locked monthly dashboard row heights: CP Due 05.,Locked monthly dashboard row heights: CP Due,0.570,30.479,OK,85.843,0.696,106.731
Format Monthly Sheets,v1.8.9.3 - Wave 4.1 - Framework Timing Report.pdf,Format Monthly Sheets 05.26,Format Monthly Sheets,1,29,Raw archive detail - reused pre-opened archive workbook connection: Source - CP Due,Raw archive detail - reused pre-opened archive workbook connection: Source - CP Due,0.000,30.479,OK,85.843,0.000,106.731
Format Monthly Sheets,v1.8.9.3 - Wave 4.1 - Framework Timing Report.pdf,Format Monthly Sheets 05.26,Format Monthly Sheets,1,30,Raw archive detail - existing archive sheet deleted if present: Source - CP Due 05.,Raw archive detail - existing archive sheet deleted if present: Source - CP Due,0.291,30.770,OK,85.843,0.098,106.731
Format Monthly Sheets,v1.8.9.3 - Wave 4.1 - Framework Timing Report.pdf,Format Monthly Sheets 05.26,Format Monthly Sheets,1,31,Raw archive detail - source sheet copied to archive workbook: Source - CP Due 05.,Raw archive detail - source sheet copied to archive workbook: Source - CP Due,1.237,32.007,OK,85.843,1.282,106.731
Format Monthly Sheets,v1.8.9.3 - Wave 4.1 - Framework Timing Report.pdf,Format Monthly Sheets 05.26,Format Monthly Sheets,1,32,Raw archive detail - archive sheet renamed: Source - CP Due 05.,Raw archive detail - archive sheet renamed: Source - CP Due,0.144,32.151,OK,85.843,0.163,106.731
Format Monthly Sheets,v1.8.9.3 - Wave 4.1 - Framework Timing Report.pdf,Format Monthly Sheets 05.26,Format Monthly Sheets,1,33,Raw archive detail - archive sheet visibility enforced visible: Source - CP Due 05.,Raw archive detail - archive sheet visibility enforced visible: Source - CP Due,0.082,32.233,OK,85.843,0.084,106.731
Format Monthly Sheets,v1.8.9.3 - Wave 4.1 - Framework Timing Report.pdf,Format Monthly Sheets 05.26,Format Monthly Sheets,1,34,Raw data copied to archive: Source - CP Due,Raw data copied to archive: Source - CP Due,0.000,32.233,OK,85.843,0.000,106.731
Format Monthly Sheets,v1.8.9.3 - Wave 4.1 - Framework Timing Report.pdf,Format Monthly Sheets 05.26,Format Monthly Sheets,1,35,Local raw sheet deleted to preserve workbook speed,Local raw sheet deleted to preserve workbook speed,1.248,33.481,OK,85.843,0.752,106.731
Format Monthly Sheets,v1.8.9.3 - Wave 4.1 - Framework Timing Report.pdf,Format Monthly Sheets 05.26,Format Monthly Sheets,1,36,Hide governed output sheet: CP Due 05.,Hide governed output sheet: CP Due,0.533,34.014,OK,85.843,0.703,106.731
Format Monthly Sheets,v1.8.9.3 - Wave 4.1 - Framework Timing Report.pdf,Format Monthly Sheets 05.26,Format Monthly Sheets,1,37,Formatted monthly import tab: CD from CD May,Formatted monthly import tab: CD from CD,0.106,34.120,OK,85.843,0.162,106.731
Format Monthly Sheets,v1.8.9.3 - Wave 4.1 - Framework Timing Report.pdf,Format Monthly Sheets 05.26,Format Monthly Sheets,1,38,Prepared monthly dashboard source: UC May,Prepared monthly dashboard source: UC,0.670,34.790,OK,85.843,0.774,106.731
Format Monthly Sheets,v1.8.9.3 - Wave 4.1 - Framework Timing Report.pdf,Format Monthly Sheets 05.26,Format Monthly Sheets,1,39,Mapped monthly dashboard rows in memory:,Mapped monthly dashboard rows in memory,1.022,35.812,OK,85.843,0.762,106.731
Format Monthly Sheets,v1.8.9.3 - Wave 4.1 - Framework Timing Report.pdf,Format Monthly Sheets 05.26,Format Monthly Sheets,1,40,Monthly dashboard fast canvas - blank sheet inserted in configured creation order: Unlock CP 05.,Monthly dashboard fast canvas - blank sheet inserted in configured creation order: Unlock CP,8.966,44.778,OK,85.843,11.441,106.731
Format Monthly Sheets,v1.8.9.3 - Wave 4.1 - Framework Timing Report.pdf,Format Monthly Sheets 05.26,Format Monthly Sheets,1,41,Monthly dashboard fast canvas - grid resized to 351 rows x 4 cols: Unlock CP 05.,Monthly dashboard fast canvas - grid resized to 351 rows x 4 cols: Unlock CP,0.648,45.426,OK,85.843,0.885,106.731
Format Monthly Sheets,v1.8.9.3 - Wave 4.1 - Framework Timing Report.pdf,Format Monthly Sheets 05.26,Format Monthly Sheets,1,42,Monthly dashboard fast canvas - template column widths applied: Unlock CP 05.,Monthly dashboard fast canvas - template column widths applied: Unlock CP,0.391,45.817,OK,85.843,0.559,106.731
Format Monthly Sheets,v1.8.9.3 - Wave 4.1 - Framework Timing Report.pdf,Format Monthly Sheets 05.26,Format Monthly Sheets,1,43,Monthly dashboard fast canvas - raw values written | Rows: 347: Unlock CP 05.,Monthly dashboard fast canvas - raw values written | Rows: 347: Unlock CP,0.008,45.825,OK,85.843,0.015,106.731
Format Monthly Sheets,v1.8.9.3 - Wave 4.1 - Framework Timing Report.pdf,Format Monthly Sheets 05.26,Format Monthly Sheets,1,44,Monthly dashboard fast canvas - title rows copied from template: Unlock CP 05.,Monthly dashboard fast canvas - title rows copied from template: Unlock CP,0.004,45.829,OK,85.843,0.015,106.731
Format Monthly Sheets,v1.8.9.3 - Wave 4.1 - Framework Timing Report.pdf,Format Monthly Sheets 05.26,Format Monthly Sheets,1,45,Monthly dashboard fast canvas - header row copied from template: Unlock CP 05.,Monthly dashboard fast canvas - header row copied from template: Unlock CP,0.005,45.834,OK,85.843,0.014,106.731
Format Monthly Sheets,v1.8.9.3 - Wave 4.1 - Framework Timing Report.pdf,Format Monthly Sheets 05.26,Format Monthly Sheets,1,46,Monthly dashboard fast canvas - data-row format copied from template | Rows: 347: Unlock CP 05.,Monthly dashboard fast canvas - data-row format copied from template | Rows: 347: Unlock CP,0.005,45.839,OK,85.843,0.007,106.731
Format Monthly Sheets,v1.8.9.3 - Wave 4.1 - Framework Timing Report.pdf,Format Monthly Sheets 05.26,Format Monthly Sheets,1,47,Monthly dashboard fast canvas - title/date/header values stamped: Unlock CP 05.,Monthly dashboard fast canvas - title/date/header values stamped: Unlock CP,0.013,45.852,OK,85.843,0.039,106.731
Format Monthly Sheets,v1.8.9.3 - Wave 4.1 - Framework Timing Report.pdf,Format Monthly Sheets 05.26,Format Monthly Sheets,1,48,Monthly dashboard fast canvas - frozen rows/columns and tab color applied: Unlock CP 05.,Monthly dashboard fast canvas - frozen rows/columns and tab color applied: Unlock CP,0.643,46.495,OK,85.843,1.001,106.731
Format Monthly Sheets,v1.8.9.3 - Wave 4.1 - Framework Timing Report.pdf,Format Monthly Sheets 05.26,Format Monthly Sheets,1,49,Monthly dashboard fast canvas - filter created: Unlock CP 05.,Monthly dashboard fast canvas - filter created: Unlock CP,0.672,47.167,OK,85.843,0.845,106.731
Format Monthly Sheets,v1.8.9.3 - Wave 4.1 - Framework Timing Report.pdf,Format Monthly Sheets 05.26,Format Monthly Sheets,1,50,Monthly dashboard fast canvas - template-driven canvas wrap applied: Unlock CP 05.,Monthly dashboard fast canvas - template-driven canvas wrap applied: Unlock CP,0.248,47.415,OK,85.843,0.465,106.731
Format Monthly Sheets,v1.8.9.3 - Wave 4.1 - Framework Timing Report.pdf,Format Monthly Sheets 05.26,Format Monthly Sheets,1,51,Monthly dashboard fast canvas - runtime caches cleared: Unlock CP 05.,Monthly dashboard fast canvas - runtime caches cleared: Unlock CP,0.007,47.422,OK,85.843,0.010,106.731
Format Monthly Sheets,v1.8.9.3 - Wave 4.1 - Framework Timing Report.pdf,Format Monthly Sheets 05.26,Format Monthly Sheets,1,52,Created monthly dashboard fast canvas: Unlock CP,Created monthly dashboard fast canvas: Unlock CP,0.000,47.422,OK,85.843,0.000,106.731
Format Monthly Sheets,v1.8.9.3 - Wave 4.1 - Framework Timing Report.pdf,Format Monthly Sheets 05.26,Format Monthly Sheets,1,53,Locked monthly dashboard row heights: Unlock CP 05.,Locked monthly dashboard row heights: Unlock CP,1.513,48.935,OK,85.843,0.941,106.731
Format Monthly Sheets,v1.8.9.3 - Wave 4.1 - Framework Timing Report.pdf,Format Monthly Sheets 05.26,Format Monthly Sheets,1,54,Raw archive detail - reused pre-opened archive workbook connection: Source - Unlocked CP,Raw archive detail - reused pre-opened archive workbook connection: Source - Unlocked CP,0.000,48.935,OK,85.843,0.000,106.731
Format Monthly Sheets,v1.8.9.3 - Wave 4.1 - Framework Timing Report.pdf,Format Monthly Sheets 05.26,Format Monthly Sheets,1,55,Raw archive detail - existing archive sheet deleted if present: Source - Unlocked CP 05.,Raw archive detail - existing archive sheet deleted if present: Source - Unlocked CP,0.269,49.204,OK,85.843,0.097,106.731
Format Monthly Sheets,v1.8.9.3 - Wave 4.1 - Framework Timing Report.pdf,Format Monthly Sheets 05.26,Format Monthly Sheets,1,56,Raw archive detail - source sheet copied to archive workbook: Source - Unlocked CP 05.,Raw archive detail - source sheet copied to archive workbook: Source - Unlocked CP,1.348,50.552,OK,85.843,1.249,106.731
Format Monthly Sheets,v1.8.9.3 - Wave 4.1 - Framework Timing Report.pdf,Format Monthly Sheets 05.26,Format Monthly Sheets,1,57,Raw archive detail - archive sheet renamed: Source - Unlocked CP 05.,Raw archive detail - archive sheet renamed: Source - Unlocked CP,0.156,50.708,OK,85.843,0.217,106.731
Format Monthly Sheets,v1.8.9.3 - Wave 4.1 - Framework Timing Report.pdf,Format Monthly Sheets 05.26,Format Monthly Sheets,1,58,Raw archive detail - archive sheet visibility enforced visible: Source - Unlocked CP 05.,Raw archive detail - archive sheet visibility enforced visible: Source - Unlocked CP,0.089,50.797,OK,85.843,0.099,106.731
Format Monthly Sheets,v1.8.9.3 - Wave 4.1 - Framework Timing Report.pdf,Format Monthly Sheets 05.26,Format Monthly Sheets,1,59,Raw data copied to archive: Source - Unlocked CP,Raw data copied to archive: Source - Unlocked CP,0.000,50.797,OK,85.843,0.000,106.731
Format Monthly Sheets,v1.8.9.3 - Wave 4.1 - Framework Timing Report.pdf,Format Monthly Sheets 05.26,Format Monthly Sheets,1,60,Local raw sheet deleted to preserve workbook speed,Local raw sheet deleted to preserve workbook speed,0.343,51.140,OK,85.843,0.752,106.731
Format Monthly Sheets,v1.8.9.3 - Wave 4.1 - Framework Timing Report.pdf,Format Monthly Sheets 05.26,Format Monthly Sheets,1,61,Hide governed output sheet: Unlock CP 05.,Hide governed output sheet: Unlock CP,0.449,51.589,OK,85.843,1.091,106.731
Format Monthly Sheets,v1.8.9.3 - Wave 4.1 - Framework Timing Report.pdf,Format Monthly Sheets 05.26,Format Monthly Sheets,1,62,Formatted monthly import tab: UC from UC May,Formatted monthly import tab: UC from UC,0.092,51.681,OK,85.843,0.145,106.731
Format Monthly Sheets,v1.8.9.3 - Wave 4.1 - Framework Timing Report.pdf,Format Monthly Sheets 05.26,Format Monthly Sheets,1,63,Read Raw Data source in place without editing imported values | Rows:,Read Raw Data source in place without editing imported values | Rows,3.637,55.318,OK,85.843,5.920,106.731
Format Monthly Sheets,v1.8.9.3 - Wave 4.1 - Framework Timing Report.pdf,Format Monthly Sheets 05.26,Format Monthly Sheets,1,64,Rename Raw Data import sheet in place and place in configured creation order: RD May -> Raw Data 05.,Rename Raw Data import sheet in place and place in configured creation order: RD -> Raw Data,5.563,60.881,OK,85.843,7.021,106.731
Format Monthly Sheets,v1.8.9.3 - Wave 4.1 - Framework Timing Report.pdf,Format Monthly Sheets 05.26,Format Monthly Sheets,1,65,Wave 4 Raw Data header row detection complete | Header row:,Wave 4 Raw Data header row detection complete | Header row,0.458,61.339,OK,85.843,0.730,106.731
Format Monthly Sheets,v1.8.9.3 - Wave 4.1 - Framework Timing Report.pdf,Format Monthly Sheets 05.26,Format Monthly Sheets,1,66,Wave 4 Raw Data title-row insert complete | Rows inserted:,Wave 4 Raw Data title-row insert complete | Rows inserted,0.126,61.465,OK,85.843,0.998,106.731
Format Monthly Sheets,v1.8.9.3 - Wave 4.1 - Framework Timing Report.pdf,Format Monthly Sheets 05.26,Format Monthly Sheets,1,67,Wave 4 Raw Data approved-column append complete | Columns added:,Wave 4 Raw Data approved-column append complete | Columns added,0.608,62.073,OK,85.843,1.084,106.731
Format Monthly Sheets,v1.8.9.3 - Wave 4.1 - Framework Timing Report.pdf,Format Monthly Sheets 05.26,Format Monthly Sheets,1,68,Wave 4 Raw Data title/header formatting start | Width:,Wave 4 Raw Data title/header formatting start | Width,0.418,62.491,OK,85.843,0.545,106.731
Format Monthly Sheets,v1.8.9.3 - Wave 4.1 - Framework Timing Report.pdf,Format Monthly Sheets 05.26,Format Monthly Sheets,1,69,Wave 4 Raw Data title/header formatting complete,Wave 4 Raw Data title/header formatting complete,0.133,62.624,OK,85.843,0.271,106.731
Format Monthly Sheets,v1.8.9.3 - Wave 4.1 - Framework Timing Report.pdf,Format Monthly Sheets 05.26,Format Monthly Sheets,1,70,Wave 4 Raw Data frozen rows set,Wave 4 Raw Data frozen rows set,0.415,63.039,OK,85.843,0.635,106.731
Format Monthly Sheets,v1.8.9.3 - Wave 4.1 - Framework Timing Report.pdf,Format Monthly Sheets 05.26,Format Monthly Sheets,1,71,Wave 4 Raw Data filter removal skipped - no existing filter,Wave 4 Raw Data filter removal skipped - no existing filter,0.155,63.194,OK,85.843,0.292,106.731
Format Monthly Sheets,v1.8.9.3 - Wave 4.1 - Framework Timing Report.pdf,Format Monthly Sheets 05.26,Format Monthly Sheets,1,72,Wave 4 Raw Data filter creation complete | Rows: 5978; Columns:,Wave 4 Raw Data filter creation complete | Rows: 5978; Columns,0.366,63.560,OK,85.843,0.609,106.731
Format Monthly Sheets,v1.8.9.3 - Wave 4.1 - Framework Timing Report.pdf,Format Monthly Sheets 05.26,Format Monthly Sheets,1,73,"Wave 4 Raw Data in-place title/header/column work complete | Added columns: Notes, Safety - 2 Person, Wanderer, Interpreter Needed, Fall Risk, DPOA or Guardian Active, Palliative Care, Primary PMR Row","Wave 4 Raw Data in-place title/header/column work complete | Added columns: Notes, Safety - 2 Person, Wanderer, Interpreter Needed, Fall Risk, DPOA or Guardian Active, Palliative Care, Primary PMR Row",0.001,63.561,OK,85.843,0.004,106.731
Format Monthly Sheets,v1.8.9.3 - Wave 4.1 - Framework Timing Report.pdf,Format Monthly Sheets 05.26,Format Monthly Sheets,1,74,Wave 4 Raw Data approved-sync columns start,Wave 4 Raw Data approved-sync columns start,0.000,63.561,OK,85.843,0.000,106.731
Format Monthly Sheets,v1.8.9.3 - Wave 4.1 - Framework Timing Report.pdf,Format Monthly Sheets 05.26,Format Monthly Sheets,1,75,Wave 4 Raw Data approved-sync bulk read complete | Rows:,Wave 4 Raw Data approved-sync bulk read complete | Rows,2.427,65.988,OK,85.843,4.008,106.731
Format Monthly Sheets,v1.8.9.3 - Wave 4.1 - Framework Timing Report.pdf,Format Monthly Sheets 05.26,Format Monthly Sheets,1,76,Wave 4 Raw Data approved-sync guarded write complete | Changed column groups:,Wave 4 Raw Data approved-sync guarded write complete | Changed column groups,0.037,66.025,OK,85.843,0.077,106.731
Format Monthly Sheets,v1.8.9.3 - Wave 4.1 - Framework Timing Report.pdf,Format Monthly Sheets 05.26,Format Monthly Sheets,1,77,Wave 4 Raw Data approved-sync columns complete | Changed column groups:,Wave 4 Raw Data approved-sync columns complete | Changed column groups,0.004,66.029,OK,85.843,0.006,106.731
Format Monthly Sheets,v1.8.9.3 - Wave 4.1 - Framework Timing Report.pdf,Format Monthly Sheets 05.26,Format Monthly Sheets,1,78,Wave 4 Raw Data banner-column sync start,Wave 4 Raw Data banner-column sync start,0.000,66.029,OK,85.843,0.000,106.731
Format Monthly Sheets,v1.8.9.3 - Wave 4.1 - Framework Timing Report.pdf,Format Monthly Sheets 05.26,Format Monthly Sheets,1,79,Wave 4 Raw Data banner-sync bulk read complete | Rows:,Wave 4 Raw Data banner-sync bulk read complete | Rows,3.016,69.045,OK,85.843,4.399,106.731
Format Monthly Sheets,v1.8.9.3 - Wave 4.1 - Framework Timing Report.pdf,Format Monthly Sheets 05.26,Format Monthly Sheets,1,80,Wave 4 Raw Data banner-sync source map built | Keys:,Wave 4 Raw Data banner-sync source map built | Keys,0.567,69.612,OK,85.843,0.740,106.731
Format Monthly Sheets,v1.8.9.3 - Wave 4.1 - Framework Timing Report.pdf,Format Monthly Sheets 05.26,Format Monthly Sheets,1,81,Wave 4 Raw Data banner-sync guarded write complete | Changed column groups:,Wave 4 Raw Data banner-sync guarded write complete | Changed column groups,0.928,70.540,OK,85.843,1.222,106.731
Format Monthly Sheets,v1.8.9.3 - Wave 4.1 - Framework Timing Report.pdf,Format Monthly Sheets 05.26,Format Monthly Sheets,1,82,Wave 4 Raw Data banner-column sync complete | Rows updated:,Wave 4 Raw Data banner-column sync complete | Rows updated,0.006,70.546,OK,85.843,0.010,106.731
Format Monthly Sheets,v1.8.9.3 - Wave 4.1 - Framework Timing Report.pdf,Format Monthly Sheets 05.26,Format Monthly Sheets,1,83,Wave 4 Raw Data row-height lock start,Wave 4 Raw Data row-height lock start,0.000,70.546,OK,85.843,0.000,106.731
Format Monthly Sheets,v1.8.9.3 - Wave 4.1 - Framework Timing Report.pdf,Format Monthly Sheets 05.26,Format Monthly Sheets,1,84,Wave 4 Raw Data row-height lock complete,Wave 4 Raw Data row-height lock complete,0.610,71.156,OK,85.843,0.992,106.731
Format Monthly Sheets,v1.8.9.3 - Wave 4.1 - Framework Timing Report.pdf,Format Monthly Sheets 05.26,Format Monthly Sheets,1,85,Wave 4 Raw Data visibility policy start,Wave 4 Raw Data visibility policy start,0.000,71.156,OK,85.843,0.000,106.731
Format Monthly Sheets,v1.8.9.3 - Wave 4.1 - Framework Timing Report.pdf,Format Monthly Sheets 05.26,Format Monthly Sheets,1,86,Hide governed output sheet: Raw Data 05.,Hide governed output sheet: Raw Data,0.193,71.349,OK,85.843,0.288,106.731
Format Monthly Sheets,v1.8.9.3 - Wave 4.1 - Framework Timing Report.pdf,Format Monthly Sheets 05.26,Format Monthly Sheets,1,87,Wave 4 Raw Data visibility policy complete,Wave 4 Raw Data visibility policy complete,0.000,71.349,OK,85.843,0.000,106.731
Format Monthly Sheets,v1.8.9.3 - Wave 4.1 - Framework Timing Report.pdf,Format Monthly Sheets 05.26,Format Monthly Sheets,1,88,Raw Data Index refresh deferred,Raw Data Index refresh deferred,0.001,71.350,OK,85.843,0.005,106.731
Format Monthly Sheets,v1.8.9.3 - Wave 4.1 - Framework Timing Report.pdf,Format Monthly Sheets 05.26,Format Monthly Sheets,1,89,Formatted monthly Raw Data in place without deleting imported columns: Raw Data 05.,Formatted monthly Raw Data in place without deleting imported columns: Raw Data,0.403,71.753,OK,85.843,1.100,106.731
Format Monthly Sheets,v1.8.9.3 - Wave 4.1 - Framework Timing Report.pdf,Format Monthly Sheets 05.26,Format Monthly Sheets,1,90,Formatted monthly import tab: RD from RD May,Formatted monthly import tab: RD from RD,0.000,71.753,OK,85.843,0.002,106.731
Format Monthly Sheets,v1.8.9.3 - Wave 4.1 - Framework Timing Report.pdf,Format Monthly Sheets 05.26,Format Monthly Sheets,1,91,Index explicitly refreshed once after all monthly sheets formatted,Index explicitly refreshed once after all monthly sheets formatted,14.022,85.775,SLOW,85.843,15.158,106.731
Format Monthly Sheets,v1.8.9.3 - Wave 4.1 - Framework Timing Report.pdf,Format Monthly Sheets 05.26,Format Monthly Sheets,1,92,Complete,Complete,0.068,85.843,OK,85.843,0.105,106.731
Format Monthly Sheets,v1.8.9.4.2 - Framework Timing Report.pdf,Format Monthly Sheets 04.26,Format Monthly Sheets,1,1,Start,Start,0.200,0.200,OK,115.330,0.331,106.731
Format Monthly Sheets,v1.8.9.4.2 - Framework Timing Report.pdf,Format Monthly Sheets 04.26,Format Monthly Sheets,1,2,Archive connection opened once for batch processing,Archive connection opened once for batch processing,0.200,0.400,OK,115.330,0.729,106.731
Format Monthly Sheets,v1.8.9.4.2 - Framework Timing Report.pdf,Format Monthly Sheets 04.26,Format Monthly Sheets,1,3,Banner output sheet shown: Banners 04.,Banner output sheet shown: Banners,12.873,13.273,SLOW,115.330,12.426,106.731
Format Monthly Sheets,v1.8.9.4.2 - Framework Timing Report.pdf,Format Monthly Sheets 04.26,Format Monthly Sheets,1,4,Raw archive detail - reused pre-opened archive workbook connection: Source - Banners 04.,Raw archive detail - reused pre-opened archive workbook connection: Source - Banners,1.036,14.309,OK,115.330,1.056,106.731
Format Monthly Sheets,v1.8.9.4.2 - Framework Timing Report.pdf,Format Monthly Sheets 04.26,Format Monthly Sheets,1,5,Raw archive detail - existing archive sheet deleted if present: Source - Banners 04.,Raw archive detail - existing archive sheet deleted if present: Source - Banners,0.152,14.461,OK,115.330,0.160,106.731
Format Monthly Sheets,v1.8.9.4.2 - Framework Timing Report.pdf,Format Monthly Sheets 04.26,Format Monthly Sheets,1,6,Raw archive detail - source sheet copied to archive workbook: Source - Banners 04.,Raw archive detail - source sheet copied to archive workbook: Source - Banners,1.441,15.902,OK,115.330,1.544,106.731
Format Monthly Sheets,v1.8.9.4.2 - Framework Timing Report.pdf,Format Monthly Sheets 04.26,Format Monthly Sheets,1,7,Raw archive detail - archive sheet renamed: Source - Banners 04.,Raw archive detail - archive sheet renamed: Source - Banners,0.537,16.439,OK,115.330,1.097,106.731
Format Monthly Sheets,v1.8.9.4.2 - Framework Timing Report.pdf,Format Monthly Sheets 04.26,Format Monthly Sheets,1,8,Raw archive detail - archive sheet visibility enforced visible: Source - Banners 04.,Raw archive detail - archive sheet visibility enforced visible: Source - Banners,0.102,16.541,OK,115.330,0.095,106.731
Format Monthly Sheets,v1.8.9.4.2 - Framework Timing Report.pdf,Format Monthly Sheets 04.26,Format Monthly Sheets,1,9,Raw data copied to archive: Source - Banners,Raw data copied to archive: Source - Banners,0.000,16.541,OK,115.330,0.000,106.731
Format Monthly Sheets,v1.8.9.4.2 - Framework Timing Report.pdf,Format Monthly Sheets 04.26,Format Monthly Sheets,1,10,Local raw sheet deleted to preserve workbook speed,Local raw sheet deleted to preserve workbook speed,0.604,17.145,OK,115.330,0.752,106.731
Format Monthly Sheets,v1.8.9.4.2 - Framework Timing Report.pdf,Format Monthly Sheets 04.26,Format Monthly Sheets,1,11,Hide governed output sheet: Banners 04.,Hide governed output sheet: Banners,0.432,17.577,OK,115.330,0.758,106.731
Format Monthly Sheets,v1.8.9.4.2 - Framework Timing Report.pdf,Format Monthly Sheets 04.26,Format Monthly Sheets,1,12,Formatted monthly import tab: B from B April,Formatted monthly import tab: B from B,0.085,17.662,OK,115.330,0.168,106.731
Format Monthly Sheets,v1.8.9.4.2 - Framework Timing Report.pdf,Format Monthly Sheets 04.26,Format Monthly Sheets,1,13,Prepared monthly dashboard source: CD April,Prepared monthly dashboard source: CD,0.717,18.379,OK,115.330,1.110,106.731
Format Monthly Sheets,v1.8.9.4.2 - Framework Timing Report.pdf,Format Monthly Sheets 04.26,Format Monthly Sheets,1,14,Mapped monthly dashboard rows in memory:,Mapped monthly dashboard rows in memory,0.605,18.984,OK,115.330,0.762,106.731
Format Monthly Sheets,v1.8.9.4.2 - Framework Timing Report.pdf,Format Monthly Sheets 04.26,Format Monthly Sheets,1,15,Monthly dashboard fast canvas - blank sheet inserted in configured creation order: CP Due 04.,Monthly dashboard fast canvas - blank sheet inserted in configured creation order: CP Due,9.003,27.987,OK,115.330,12.014,106.731
Format Monthly Sheets,v1.8.9.4.2 - Framework Timing Report.pdf,Format Monthly Sheets 04.26,Format Monthly Sheets,1,16,Monthly dashboard fast canvas - grid resized to 343 rows x 5 cols: CP Due 04.,Monthly dashboard fast canvas - grid resized to 343 rows x 5 cols: CP Due,1.553,29.540,OK,115.330,1.299,106.731
Format Monthly Sheets,v1.8.9.4.2 - Framework Timing Report.pdf,Format Monthly Sheets 04.26,Format Monthly Sheets,1,17,Monthly dashboard fast canvas - template column widths applied: CP Due 04.,Monthly dashboard fast canvas - template column widths applied: CP Due,1.928,31.468,OK,115.330,0.860,106.731
Format Monthly Sheets,v1.8.9.4.2 - Framework Timing Report.pdf,Format Monthly Sheets 04.26,Format Monthly Sheets,1,18,Monthly dashboard fast canvas - raw values written | Rows: 339: CP Due 04.,Monthly dashboard fast canvas - raw values written | Rows: 339: CP Due,0.022,31.490,OK,115.330,0.021,106.731
Format Monthly Sheets,v1.8.9.4.2 - Framework Timing Report.pdf,Format Monthly Sheets 04.26,Format Monthly Sheets,1,19,Monthly dashboard fast canvas - title rows copied from template: CP Due 04.,Monthly dashboard fast canvas - title rows copied from template: CP Due,0.009,31.499,OK,115.330,0.008,106.731
Format Monthly Sheets,v1.8.9.4.2 - Framework Timing Report.pdf,Format Monthly Sheets 04.26,Format Monthly Sheets,1,20,Monthly dashboard fast canvas - header row copied from template: CP Due 04.,Monthly dashboard fast canvas - header row copied from template: CP Due,0.006,31.505,OK,115.330,0.006,106.731
Format Monthly Sheets,v1.8.9.4.2 - Framework Timing Report.pdf,Format Monthly Sheets 04.26,Format Monthly Sheets,1,21,Monthly dashboard fast canvas - data-row format copied from template | Rows: 339: CP Due 04.,Monthly dashboard fast canvas - data-row format copied from template | Rows: 339: CP Due,0.009,31.514,OK,115.330,0.011,106.731
Format Monthly Sheets,v1.8.9.4.2 - Framework Timing Report.pdf,Format Monthly Sheets 04.26,Format Monthly Sheets,1,22,Monthly dashboard fast canvas - title/date/header values stamped: CP Due 04.,Monthly dashboard fast canvas - title/date/header values stamped: CP Due,0.023,31.537,OK,115.330,0.018,106.731
Format Monthly Sheets,v1.8.9.4.2 - Framework Timing Report.pdf,Format Monthly Sheets 04.26,Format Monthly Sheets,1,23,Monthly dashboard fast canvas - frozen rows/columns and tab color applied: CP Due 04.,Monthly dashboard fast canvas - frozen rows/columns and tab color applied: CP Due,3.365,34.902,OK,115.330,2.161,106.731
Format Monthly Sheets,v1.8.9.4.2 - Framework Timing Report.pdf,Format Monthly Sheets 04.26,Format Monthly Sheets,1,24,Monthly dashboard fast canvas - filter created: CP Due 04.,Monthly dashboard fast canvas - filter created: CP Due,1.536,36.438,OK,115.330,0.915,106.731
Format Monthly Sheets,v1.8.9.4.2 - Framework Timing Report.pdf,Format Monthly Sheets 04.26,Format Monthly Sheets,1,25,Monthly dashboard fast canvas - template-driven canvas wrap applied: CP Due 04.,Monthly dashboard fast canvas - template-driven canvas wrap applied: CP Due,1.139,37.577,OK,115.330,0.481,106.731
Format Monthly Sheets,v1.8.9.4.2 - Framework Timing Report.pdf,Format Monthly Sheets 04.26,Format Monthly Sheets,1,26,Monthly dashboard fast canvas - runtime caches cleared: CP Due 04.,Monthly dashboard fast canvas - runtime caches cleared: CP Due,0.004,37.581,OK,115.330,0.004,106.731
Format Monthly Sheets,v1.8.9.4.2 - Framework Timing Report.pdf,Format Monthly Sheets 04.26,Format Monthly Sheets,1,27,Created monthly dashboard fast canvas: CP Due,Created monthly dashboard fast canvas: CP Due,0.000,37.581,OK,115.330,0.000,106.731
Format Monthly Sheets,v1.8.9.4.2 - Framework Timing Report.pdf,Format Monthly Sheets 04.26,Format Monthly Sheets,1,28,Locked monthly dashboard row heights: CP Due 04.,Locked monthly dashboard row heights: CP Due,0.565,38.146,OK,115.330,0.696,106.731
Format Monthly Sheets,v1.8.9.4.2 - Framework Timing Report.pdf,Format Monthly Sheets 04.26,Format Monthly Sheets,1,29,Raw archive detail - reused pre-opened archive workbook connection: Source - CP Due,Raw archive detail - reused pre-opened archive workbook connection: Source - CP Due,0.000,38.146,OK,115.330,0.000,106.731
Format Monthly Sheets,v1.8.9.4.2 - Framework Timing Report.pdf,Format Monthly Sheets 04.26,Format Monthly Sheets,1,30,Raw archive detail - existing archive sheet deleted if present: Source - CP Due 04.,Raw archive detail - existing archive sheet deleted if present: Source - CP Due,0.085,38.231,OK,115.330,0.098,106.731
Format Monthly Sheets,v1.8.9.4.2 - Framework Timing Report.pdf,Format Monthly Sheets 04.26,Format Monthly Sheets,1,31,Raw archive detail - source sheet copied to archive workbook: Source - CP Due 04.,Raw archive detail - source sheet copied to archive workbook: Source - CP Due,1.477,39.708,OK,115.330,1.282,106.731
Format Monthly Sheets,v1.8.9.4.2 - Framework Timing Report.pdf,Format Monthly Sheets 04.26,Format Monthly Sheets,1,32,Raw archive detail - archive sheet renamed: Source - CP Due 04.,Raw archive detail - archive sheet renamed: Source - CP Due,0.310,40.018,OK,115.330,0.163,106.731
Format Monthly Sheets,v1.8.9.4.2 - Framework Timing Report.pdf,Format Monthly Sheets 04.26,Format Monthly Sheets,1,33,Raw archive detail - archive sheet visibility enforced visible: Source - CP Due 04.,Raw archive detail - archive sheet visibility enforced visible: Source - CP Due,0.080,40.098,OK,115.330,0.084,106.731
Format Monthly Sheets,v1.8.9.4.2 - Framework Timing Report.pdf,Format Monthly Sheets 04.26,Format Monthly Sheets,1,34,Raw data copied to archive: Source - CP Due,Raw data copied to archive: Source - CP Due,0.000,40.098,OK,115.330,0.000,106.731
Format Monthly Sheets,v1.8.9.4.2 - Framework Timing Report.pdf,Format Monthly Sheets 04.26,Format Monthly Sheets,1,35,Local raw sheet deleted to preserve workbook speed,Local raw sheet deleted to preserve workbook speed,1.447,41.545,OK,115.330,0.752,106.731
Format Monthly Sheets,v1.8.9.4.2 - Framework Timing Report.pdf,Format Monthly Sheets 04.26,Format Monthly Sheets,1,36,Hide governed output sheet: CP Due 04.,Hide governed output sheet: CP Due,0.557,42.102,OK,115.330,0.703,106.731
Format Monthly Sheets,v1.8.9.4.2 - Framework Timing Report.pdf,Format Monthly Sheets 04.26,Format Monthly Sheets,1,37,Formatted monthly import tab: CD from CD April,Formatted monthly import tab: CD from CD,0.113,42.215,OK,115.330,0.162,106.731
Format Monthly Sheets,v1.8.9.4.2 - Framework Timing Report.pdf,Format Monthly Sheets 04.26,Format Monthly Sheets,1,38,Prepared monthly dashboard source: UC April,Prepared monthly dashboard source: UC,0.634,42.849,OK,115.330,0.774,106.731
Format Monthly Sheets,v1.8.9.4.2 - Framework Timing Report.pdf,Format Monthly Sheets 04.26,Format Monthly Sheets,1,39,Mapped monthly dashboard rows in memory:,Mapped monthly dashboard rows in memory,0.567,43.416,OK,115.330,0.762,106.731
Format Monthly Sheets,v1.8.9.4.2 - Framework Timing Report.pdf,Format Monthly Sheets 04.26,Format Monthly Sheets,1,40,Monthly dashboard fast canvas - blank sheet inserted in configured creation order: Unlock CP 04.,Monthly dashboard fast canvas - blank sheet inserted in configured creation order: Unlock CP,25.692,69.108,SLOW,115.330,11.441,106.731
Format Monthly Sheets,v1.8.9.4.2 - Framework Timing Report.pdf,Format Monthly Sheets 04.26,Format Monthly Sheets,1,41,Monthly dashboard fast canvas - grid resized to 358 rows x 4 cols: Unlock CP 04.,Monthly dashboard fast canvas - grid resized to 358 rows x 4 cols: Unlock CP,0.719,69.827,OK,115.330,0.753,106.731
Format Monthly Sheets,v1.8.9.4.2 - Framework Timing Report.pdf,Format Monthly Sheets 04.26,Format Monthly Sheets,1,42,Monthly dashboard fast canvas - template column widths applied: Unlock CP 04.,Monthly dashboard fast canvas - template column widths applied: Unlock CP,0.684,70.511,OK,115.330,0.559,106.731
Format Monthly Sheets,v1.8.9.4.2 - Framework Timing Report.pdf,Format Monthly Sheets 04.26,Format Monthly Sheets,1,43,Monthly dashboard fast canvas - raw values written | Rows: 354: Unlock CP 04.,Monthly dashboard fast canvas - raw values written | Rows: 354: Unlock CP,0.022,70.533,OK,115.330,0.019,106.731
Format Monthly Sheets,v1.8.9.4.2 - Framework Timing Report.pdf,Format Monthly Sheets 04.26,Format Monthly Sheets,1,44,Monthly dashboard fast canvas - title rows copied from template: Unlock CP 04.,Monthly dashboard fast canvas - title rows copied from template: Unlock CP,0.011,70.544,OK,115.330,0.015,106.731
Format Monthly Sheets,v1.8.9.4.2 - Framework Timing Report.pdf,Format Monthly Sheets 04.26,Format Monthly Sheets,1,45,Monthly dashboard fast canvas - header row copied from template: Unlock CP 04.,Monthly dashboard fast canvas - header row copied from template: Unlock CP,0.008,70.552,OK,115.330,0.014,106.731
Format Monthly Sheets,v1.8.9.4.2 - Framework Timing Report.pdf,Format Monthly Sheets 04.26,Format Monthly Sheets,1,46,Monthly dashboard fast canvas - data-row format copied from template | Rows: 354: Unlock CP 04.,Monthly dashboard fast canvas - data-row format copied from template | Rows: 354: Unlock CP,0.009,70.561,OK,115.330,0.012,106.731
Format Monthly Sheets,v1.8.9.4.2 - Framework Timing Report.pdf,Format Monthly Sheets 04.26,Format Monthly Sheets,1,47,Monthly dashboard fast canvas - title/date/header values stamped: Unlock CP 04.,Monthly dashboard fast canvas - title/date/header values stamped: Unlock CP,0.028,70.589,OK,115.330,0.039,106.731
Format Monthly Sheets,v1.8.9.4.2 - Framework Timing Report.pdf,Format Monthly Sheets 04.26,Format Monthly Sheets,1,48,Monthly dashboard fast canvas - frozen rows/columns and tab color applied: Unlock CP 04.,Monthly dashboard fast canvas - frozen rows/columns and tab color applied: Unlock CP,1.519,72.108,OK,115.330,1.001,106.731
Format Monthly Sheets,v1.8.9.4.2 - Framework Timing Report.pdf,Format Monthly Sheets 04.26,Format Monthly Sheets,1,49,Monthly dashboard fast canvas - filter created: Unlock CP 04.,Monthly dashboard fast canvas - filter created: Unlock CP,1.377,73.485,OK,115.330,0.845,106.731
Format Monthly Sheets,v1.8.9.4.2 - Framework Timing Report.pdf,Format Monthly Sheets 04.26,Format Monthly Sheets,1,50,Monthly dashboard fast canvas - template-driven canvas wrap applied: Unlock CP 04.,Monthly dashboard fast canvas - template-driven canvas wrap applied: Unlock CP,0.638,74.123,OK,115.330,0.465,106.731
Format Monthly Sheets,v1.8.9.4.2 - Framework Timing Report.pdf,Format Monthly Sheets 04.26,Format Monthly Sheets,1,51,Monthly dashboard fast canvas - runtime caches cleared: Unlock CP 04.,Monthly dashboard fast canvas - runtime caches cleared: Unlock CP,0.007,74.130,OK,115.330,0.010,106.731
Format Monthly Sheets,v1.8.9.4.2 - Framework Timing Report.pdf,Format Monthly Sheets 04.26,Format Monthly Sheets,1,52,Created monthly dashboard fast canvas: Unlock CP 04.,Created monthly dashboard fast canvas: Unlock CP,0.001,74.131,OK,115.330,0.000,106.731
Format Monthly Sheets,v1.8.9.4.2 - Framework Timing Report.pdf,Format Monthly Sheets 04.26,Format Monthly Sheets,1,53,Locked monthly dashboard row heights: Unlock CP 04.,Locked monthly dashboard row heights: Unlock CP,0.694,74.825,OK,115.330,0.941,106.731
Format Monthly Sheets,v1.8.9.4.2 - Framework Timing Report.pdf,Format Monthly Sheets 04.26,Format Monthly Sheets,1,54,Raw archive detail - reused pre-opened archive workbook connection: Source - Unlocked CP,Raw archive detail - reused pre-opened archive workbook connection: Source - Unlocked CP,0.000,74.825,OK,115.330,0.000,106.731
Format Monthly Sheets,v1.8.9.4.2 - Framework Timing Report.pdf,Format Monthly Sheets 04.26,Format Monthly Sheets,1,55,Raw archive detail - existing archive sheet deleted if present: Source - Unlocked CP 04.,Raw archive detail - existing archive sheet deleted if present: Source - Unlocked CP,0.148,74.973,OK,115.330,0.097,106.731
Format Monthly Sheets,v1.8.9.4.2 - Framework Timing Report.pdf,Format Monthly Sheets 04.26,Format Monthly Sheets,1,56,Raw archive detail - source sheet copied to archive workbook: Source - Unlocked CP 04.,Raw archive detail - source sheet copied to archive workbook: Source - Unlocked CP,1.529,76.502,OK,115.330,1.249,106.731
Format Monthly Sheets,v1.8.9.4.2 - Framework Timing Report.pdf,Format Monthly Sheets 04.26,Format Monthly Sheets,1,57,Raw archive detail - archive sheet renamed: Source - Unlocked CP 04.,Raw archive detail - archive sheet renamed: Source - Unlocked CP,0.186,76.688,OK,115.330,0.217,106.731
Format Monthly Sheets,v1.8.9.4.2 - Framework Timing Report.pdf,Format Monthly Sheets 04.26,Format Monthly Sheets,1,58,Raw archive detail - archive sheet visibility enforced visible: Source - Unlocked CP 04.,Raw archive detail - archive sheet visibility enforced visible: Source - Unlocked CP,0.098,76.786,OK,115.330,0.099,106.731
Format Monthly Sheets,v1.8.9.4.2 - Framework Timing Report.pdf,Format Monthly Sheets 04.26,Format Monthly Sheets,1,59,Raw data copied to archive: Source - Unlocked CP,Raw data copied to archive: Source - Unlocked CP,0.000,76.786,OK,115.330,0.000,106.731
Format Monthly Sheets,v1.8.9.4.2 - Framework Timing Report.pdf,Format Monthly Sheets 04.26,Format Monthly Sheets,1,60,Local raw sheet deleted to preserve workbook speed,Local raw sheet deleted to preserve workbook speed,0.492,77.278,OK,115.330,0.752,106.731
Format Monthly Sheets,v1.8.9.4.2 - Framework Timing Report.pdf,Format Monthly Sheets 04.26,Format Monthly Sheets,1,61,Hide governed output sheet: Unlock CP 04.,Hide governed output sheet: Unlock CP,0.505,77.783,OK,115.330,1.091,106.731
Format Monthly Sheets,v1.8.9.4.2 - Framework Timing Report.pdf,Format Monthly Sheets 04.26,Format Monthly Sheets,1,62,Formatted monthly import tab: UC from UC April,Formatted monthly import tab: UC from UC,0.088,77.871,OK,115.330,0.145,106.731
Format Monthly Sheets,v1.8.9.4.2 - Framework Timing Report.pdf,Format Monthly Sheets 04.26,Format Monthly Sheets,1,63,Read Raw Data source in place without editing imported values | Rows:,Read Raw Data source in place without editing imported values | Rows,6.128,83.999,OK,115.330,5.920,106.731
Format Monthly Sheets,v1.8.9.4.2 - Framework Timing Report.pdf,Format Monthly Sheets 04.26,Format Monthly Sheets,1,64,Rename Raw Data import sheet in place and place in configured creation order: RD April -> Raw Data 04.,Rename Raw Data import sheet in place and place in configured creation order: RD -> Raw Data,6.381,90.380,OK,115.330,7.021,106.731
Format Monthly Sheets,v1.8.9.4.2 - Framework Timing Report.pdf,Format Monthly Sheets 04.26,Format Monthly Sheets,1,65,Wave 4 Raw Data header row detection complete | Header row:,Wave 4 Raw Data header row detection complete | Header row,0.765,91.145,OK,115.330,0.730,106.731
Format Monthly Sheets,v1.8.9.4.2 - Framework Timing Report.pdf,Format Monthly Sheets 04.26,Format Monthly Sheets,1,66,Wave 4 Raw Data title-row insert complete | Rows inserted:,Wave 4 Raw Data title-row insert complete | Rows inserted,0.190,91.335,OK,115.330,0.998,106.731
Format Monthly Sheets,v1.8.9.4.2 - Framework Timing Report.pdf,Format Monthly Sheets 04.26,Format Monthly Sheets,1,67,Wave 4 Raw Data approved-column append complete | Columns added:,Wave 4 Raw Data approved-column append complete | Columns added,1.361,92.696,OK,115.330,1.084,106.731
Format Monthly Sheets,v1.8.9.4.2 - Framework Timing Report.pdf,Format Monthly Sheets 04.26,Format Monthly Sheets,1,68,Wave 4 Raw Data title/header formatting start | Width:,Wave 4 Raw Data title/header formatting start | Width,0.692,93.388,OK,115.330,0.545,106.731
Format Monthly Sheets,v1.8.9.4.2 - Framework Timing Report.pdf,Format Monthly Sheets 04.26,Format Monthly Sheets,1,69,Wave 4 Raw Data title/header formatting complete,Wave 4 Raw Data title/header formatting complete,0.216,93.604,OK,115.330,0.271,106.731
Format Monthly Sheets,v1.8.9.4.2 - Framework Timing Report.pdf,Format Monthly Sheets 04.26,Format Monthly Sheets,1,70,Wave 4 Raw Data frozen rows set,Wave 4 Raw Data frozen rows set,0.751,94.355,OK,115.330,0.635,106.731
Format Monthly Sheets,v1.8.9.4.2 - Framework Timing Report.pdf,Format Monthly Sheets 04.26,Format Monthly Sheets,1,71,Wave 4 Raw Data filter removal complete,Wave 4 Raw Data filter removal complete,0.652,95.007,OK,115.330,0.709,106.731
Format Monthly Sheets,v1.8.9.4.2 - Framework Timing Report.pdf,Format Monthly Sheets 04.26,Format Monthly Sheets,1,72,Wave 4 Raw Data filter creation complete | Rows: 5932; Columns:,Wave 4 Raw Data filter creation complete | Rows: 5932; Columns,0.647,95.654,OK,115.330,0.775,106.731
Format Monthly Sheets,v1.8.9.4.2 - Framework Timing Report.pdf,Format Monthly Sheets 04.26,Format Monthly Sheets,1,73,"Wave 4 Raw Data in-place title/header/column work complete | Added columns: Safety - 2 Person, Wanderer, Interpreter Needed, Fall Risk, DPOA or Guardian Active, Palliative Care, Primary PMR Row","Wave 4 Raw Data in-place title/header/column work complete | Added columns: Safety - 2 Person, Wanderer, Interpreter Needed, Fall Risk, DPOA or Guardian Active, Palliative Care, Primary PMR Row",0.004,95.658,OK,115.330,0.005,106.731
Format Monthly Sheets,v1.8.9.4.2 - Framework Timing Report.pdf,Format Monthly Sheets 04.26,Format Monthly Sheets,1,74,Wave 4 Raw Data approved-sync columns start,Wave 4 Raw Data approved-sync columns start,0.000,95.658,OK,115.330,0.000,106.731
Format Monthly Sheets,v1.8.9.4.2 - Framework Timing Report.pdf,Format Monthly Sheets 04.26,Format Monthly Sheets,1,75,Wave 4 Raw Data approved-sync bulk read complete | Rows:,Wave 4 Raw Data approved-sync bulk read complete | Rows,4.550,100.208,OK,115.330,4.008,106.731
Format Monthly Sheets,v1.8.9.4.2 - Framework Timing Report.pdf,Format Monthly Sheets 04.26,Format Monthly Sheets,1,76,Wave 4 Raw Data approved-sync guarded write complete | Changed column groups:,Wave 4 Raw Data approved-sync guarded write complete | Changed column groups,0.110,100.318,OK,115.330,0.077,106.731
Format Monthly Sheets,v1.8.9.4.2 - Framework Timing Report.pdf,Format Monthly Sheets 04.26,Format Monthly Sheets,1,77,Wave 4 Raw Data approved-sync columns complete | Changed column groups:,Wave 4 Raw Data approved-sync columns complete | Changed column groups,0.008,100.326,OK,115.330,0.006,106.731
Format Monthly Sheets,v1.8.9.4.2 - Framework Timing Report.pdf,Format Monthly Sheets 04.26,Format Monthly Sheets,1,78,Wave 4 Raw Data banner-column sync start,Wave 4 Raw Data banner-column sync start,0.000,100.326,OK,115.330,0.000,106.731
Format Monthly Sheets,v1.8.9.4.2 - Framework Timing Report.pdf,Format Monthly Sheets 04.26,Format Monthly Sheets,1,79,Wave 4 Raw Data banner-sync bulk read complete | Rows:,Wave 4 Raw Data banner-sync bulk read complete | Rows,4.389,104.715,OK,115.330,4.399,106.731
Format Monthly Sheets,v1.8.9.4.2 - Framework Timing Report.pdf,Format Monthly Sheets 04.26,Format Monthly Sheets,1,80,Wave 4 Raw Data banner-sync source map built | Keys:,Wave 4 Raw Data banner-sync source map built | Keys,0.539,105.254,OK,115.330,0.740,106.731
Format Monthly Sheets,v1.8.9.4.2 - Framework Timing Report.pdf,Format Monthly Sheets 04.26,Format Monthly Sheets,1,81,Wave 4 Raw Data banner-sync guarded write complete | Changed column groups:,Wave 4 Raw Data banner-sync guarded write complete | Changed column groups,1.198,106.452,OK,115.330,1.222,106.731
Format Monthly Sheets,v1.8.9.4.2 - Framework Timing Report.pdf,Format Monthly Sheets 04.26,Format Monthly Sheets,1,82,Wave 4 Raw Data banner-column sync complete | Rows updated:,Wave 4 Raw Data banner-column sync complete | Rows updated,0.012,106.464,OK,115.330,0.010,106.731
Format Monthly Sheets,v1.8.9.4.2 - Framework Timing Report.pdf,Format Monthly Sheets 04.26,Format Monthly Sheets,1,83,Wave 4 Raw Data row-height lock start,Wave 4 Raw Data row-height lock start,0.000,106.464,OK,115.330,0.000,106.731
Format Monthly Sheets,v1.8.9.4.2 - Framework Timing Report.pdf,Format Monthly Sheets 04.26,Format Monthly Sheets,1,84,Wave 4 Raw Data row-height lock complete,Wave 4 Raw Data row-height lock complete,1.333,107.797,OK,115.330,0.992,106.731
Format Monthly Sheets,v1.8.9.4.2 - Framework Timing Report.pdf,Format Monthly Sheets 04.26,Format Monthly Sheets,1,85,Wave 4 Raw Data visibility policy start,Wave 4 Raw Data visibility policy start,0.000,107.797,OK,115.330,0.000,106.731
Format Monthly Sheets,v1.8.9.4.2 - Framework Timing Report.pdf,Format Monthly Sheets 04.26,Format Monthly Sheets,1,86,Hide governed output sheet: Raw Data 04.,Hide governed output sheet: Raw Data,0.269,108.066,OK,115.330,0.288,106.731
Format Monthly Sheets,v1.8.9.4.2 - Framework Timing Report.pdf,Format Monthly Sheets 04.26,Format Monthly Sheets,1,87,Wave 4 Raw Data visibility policy complete,Wave 4 Raw Data visibility policy complete,0.000,108.066,OK,115.330,0.000,106.731
Format Monthly Sheets,v1.8.9.4.2 - Framework Timing Report.pdf,Format Monthly Sheets 04.26,Format Monthly Sheets,1,88,Raw Data Index refresh deferred,Raw Data Index refresh deferred,0.003,108.069,OK,115.330,0.005,106.731
Format Monthly Sheets,v1.8.9.4.2 - Framework Timing Report.pdf,Format Monthly Sheets 04.26,Format Monthly Sheets,1,89,Formatted monthly Raw Data in place without deleting imported columns: Raw Data 04.,Formatted monthly Raw Data in place without deleting imported columns: Raw Data,0.363,108.432,OK,115.330,1.100,106.731
Format Monthly Sheets,v1.8.9.4.2 - Framework Timing Report.pdf,Format Monthly Sheets 04.26,Format Monthly Sheets,1,90,Formatted monthly import tab: RD from RD April,Formatted monthly import tab: RD from RD,0.002,108.434,OK,115.330,0.002,106.731
Format Monthly Sheets,v1.8.9.4.2 - Framework Timing Report.pdf,Format Monthly Sheets 04.26,Format Monthly Sheets,1,91,Active and Archive Index updated using shared connection,Active and Archive Index updated using shared connection,6.799,115.233,OK,115.330,7.873,106.731
Format Monthly Sheets,v1.8.9.4.2 - Framework Timing Report.pdf,Format Monthly Sheets 04.26,Format Monthly Sheets,1,92,Complete,Complete,0.097,115.330,OK,115.330,0.105,106.731
Format Monthly Sheets,v1.8.9.4.2 - Framework Timing Report.pdf,Format Monthly Sheets 05.26,Format Monthly Sheets,1,1,Start,Start,0.267,0.267,OK,97.510,0.331,106.731
Format Monthly Sheets,v1.8.9.4.2 - Framework Timing Report.pdf,Format Monthly Sheets 05.26,Format Monthly Sheets,1,2,Archive connection opened once for batch processing,Archive connection opened once for batch processing,0.275,0.542,OK,97.510,0.729,106.731
Format Monthly Sheets,v1.8.9.4.2 - Framework Timing Report.pdf,Format Monthly Sheets 05.26,Format Monthly Sheets,1,3,Banner output sheet shown: Banners 05.,Banner output sheet shown: Banners,15.519,16.061,SLOW,97.510,12.426,106.731
Format Monthly Sheets,v1.8.9.4.2 - Framework Timing Report.pdf,Format Monthly Sheets 05.26,Format Monthly Sheets,1,4,Raw archive detail - reused pre-opened archive workbook connection: Source - Banners 05.,Raw archive detail - reused pre-opened archive workbook connection: Source - Banners,0.918,16.979,OK,97.510,1.056,106.731
Format Monthly Sheets,v1.8.9.4.2 - Framework Timing Report.pdf,Format Monthly Sheets 05.26,Format Monthly Sheets,1,5,Raw archive detail - existing archive sheet deleted if present: Source - Banners 05.,Raw archive detail - existing archive sheet deleted if present: Source - Banners,0.130,17.109,OK,97.510,0.160,106.731
Format Monthly Sheets,v1.8.9.4.2 - Framework Timing Report.pdf,Format Monthly Sheets 05.26,Format Monthly Sheets,1,6,Raw archive detail - source sheet copied to archive workbook: Source - Banners 05.,Raw archive detail - source sheet copied to archive workbook: Source - Banners,1.531,18.640,OK,97.510,1.544,106.731
Format Monthly Sheets,v1.8.9.4.2 - Framework Timing Report.pdf,Format Monthly Sheets 05.26,Format Monthly Sheets,1,7,Raw archive detail - archive sheet renamed: Source - Banners 05.,Raw archive detail - archive sheet renamed: Source - Banners,0.746,19.386,OK,97.510,1.097,106.731
Format Monthly Sheets,v1.8.9.4.2 - Framework Timing Report.pdf,Format Monthly Sheets 05.26,Format Monthly Sheets,1,8,Raw archive detail - archive sheet visibility enforced visible: Source - Banners 05.,Raw archive detail - archive sheet visibility enforced visible: Source - Banners,0.102,19.488,OK,97.510,0.095,106.731
Format Monthly Sheets,v1.8.9.4.2 - Framework Timing Report.pdf,Format Monthly Sheets 05.26,Format Monthly Sheets,1,9,Raw data copied to archive: Source - Banners,Raw data copied to archive: Source - Banners,0.000,19.488,OK,97.510,0.000,106.731
Format Monthly Sheets,v1.8.9.4.2 - Framework Timing Report.pdf,Format Monthly Sheets 05.26,Format Monthly Sheets,1,10,Local raw sheet deleted to preserve workbook speed,Local raw sheet deleted to preserve workbook speed,1.290,20.778,OK,97.510,0.752,106.731
Format Monthly Sheets,v1.8.9.4.2 - Framework Timing Report.pdf,Format Monthly Sheets 05.26,Format Monthly Sheets,1,11,Hide governed output sheet: Banners 05.,Hide governed output sheet: Banners,0.412,21.190,OK,97.510,0.758,106.731
Format Monthly Sheets,v1.8.9.4.2 - Framework Timing Report.pdf,Format Monthly Sheets 05.26,Format Monthly Sheets,1,12,Formatted monthly import tab: B from B May,Formatted monthly import tab: B from B,0.131,21.321,OK,97.510,0.168,106.731
Format Monthly Sheets,v1.8.9.4.2 - Framework Timing Report.pdf,Format Monthly Sheets 05.26,Format Monthly Sheets,1,13,Prepared monthly dashboard source: CD May,Prepared monthly dashboard source: CD,0.501,21.822,OK,97.510,1.110,106.731
Format Monthly Sheets,v1.8.9.4.2 - Framework Timing Report.pdf,Format Monthly Sheets 05.26,Format Monthly Sheets,1,14,Mapped monthly dashboard rows in memory:,Mapped monthly dashboard rows in memory,0.539,22.361,OK,97.510,0.762,106.731
Format Monthly Sheets,v1.8.9.4.2 - Framework Timing Report.pdf,Format Monthly Sheets 05.26,Format Monthly Sheets,1,15,Monthly dashboard fast canvas - blank sheet inserted in configured creation order: CP Due 05.,Monthly dashboard fast canvas - blank sheet inserted in configured creation order: CP Due,22.766,45.127,SLOW,97.510,12.014,106.731
Format Monthly Sheets,v1.8.9.4.2 - Framework Timing Report.pdf,Format Monthly Sheets 05.26,Format Monthly Sheets,1,16,Monthly dashboard fast canvas - grid resized to 339 rows x 5 cols: CP Due 05.,Monthly dashboard fast canvas - grid resized to 339 rows x 5 cols: CP Due,0.551,45.678,OK,97.510,1.136,106.731
Format Monthly Sheets,v1.8.9.4.2 - Framework Timing Report.pdf,Format Monthly Sheets 05.26,Format Monthly Sheets,1,17,Monthly dashboard fast canvas - template column widths applied: CP Due 05.,Monthly dashboard fast canvas - template column widths applied: CP Due,0.502,46.180,OK,97.510,0.860,106.731
Format Monthly Sheets,v1.8.9.4.2 - Framework Timing Report.pdf,Format Monthly Sheets 05.26,Format Monthly Sheets,1,18,Monthly dashboard fast canvas - raw values written | Rows: 335: CP Due 05.,Monthly dashboard fast canvas - raw values written | Rows: 335: CP Due,0.011,46.191,OK,97.510,0.018,106.731
Format Monthly Sheets,v1.8.9.4.2 - Framework Timing Report.pdf,Format Monthly Sheets 05.26,Format Monthly Sheets,1,19,Monthly dashboard fast canvas - title rows copied from template: CP Due 05.,Monthly dashboard fast canvas - title rows copied from template: CP Due,0.006,46.197,OK,97.510,0.008,106.731
Format Monthly Sheets,v1.8.9.4.2 - Framework Timing Report.pdf,Format Monthly Sheets 05.26,Format Monthly Sheets,1,20,Monthly dashboard fast canvas - header row copied from template: CP Due 05.,Monthly dashboard fast canvas - header row copied from template: CP Due,0.004,46.201,OK,97.510,0.006,106.731
Format Monthly Sheets,v1.8.9.4.2 - Framework Timing Report.pdf,Format Monthly Sheets 05.26,Format Monthly Sheets,1,21,Monthly dashboard fast canvas - data-row format copied from template | Rows: 335: CP Due 05.,Monthly dashboard fast canvas - data-row format copied from template | Rows: 335: CP Due,0.010,46.211,OK,97.510,0.010,106.731
Format Monthly Sheets,v1.8.9.4.2 - Framework Timing Report.pdf,Format Monthly Sheets 05.26,Format Monthly Sheets,1,22,Monthly dashboard fast canvas - title/date/header values stamped: CP Due 05.,Monthly dashboard fast canvas - title/date/header values stamped: CP Due,0.035,46.246,OK,97.510,0.018,106.731
Format Monthly Sheets,v1.8.9.4.2 - Framework Timing Report.pdf,Format Monthly Sheets 05.26,Format Monthly Sheets,1,23,Monthly dashboard fast canvas - frozen rows/columns and tab color applied: CP Due 05.,Monthly dashboard fast canvas - frozen rows/columns and tab color applied: CP Due,0.755,47.001,OK,97.510,2.161,106.731
Format Monthly Sheets,v1.8.9.4.2 - Framework Timing Report.pdf,Format Monthly Sheets 05.26,Format Monthly Sheets,1,24,Monthly dashboard fast canvas - filter created: CP Due 05.,Monthly dashboard fast canvas - filter created: CP Due,1.077,48.078,OK,97.510,0.915,106.731
Format Monthly Sheets,v1.8.9.4.2 - Framework Timing Report.pdf,Format Monthly Sheets 05.26,Format Monthly Sheets,1,25,Monthly dashboard fast canvas - template-driven canvas wrap applied: CP Due 05.,Monthly dashboard fast canvas - template-driven canvas wrap applied: CP Due,0.249,48.327,OK,97.510,0.481,106.731
Format Monthly Sheets,v1.8.9.4.2 - Framework Timing Report.pdf,Format Monthly Sheets 05.26,Format Monthly Sheets,1,26,Monthly dashboard fast canvas - runtime caches cleared: CP Due 05.,Monthly dashboard fast canvas - runtime caches cleared: CP Due,0.001,48.328,OK,97.510,0.004,106.731
Format Monthly Sheets,v1.8.9.4.2 - Framework Timing Report.pdf,Format Monthly Sheets 05.26,Format Monthly Sheets,1,27,Created monthly dashboard fast canvas: CP Due,Created monthly dashboard fast canvas: CP Due,0.000,48.328,OK,97.510,0.000,106.731
Format Monthly Sheets,v1.8.9.4.2 - Framework Timing Report.pdf,Format Monthly Sheets 05.26,Format Monthly Sheets,1,28,Locked monthly dashboard row heights: CP Due 05.,Locked monthly dashboard row heights: CP Due,0.573,48.901,OK,97.510,0.696,106.731
Format Monthly Sheets,v1.8.9.4.2 - Framework Timing Report.pdf,Format Monthly Sheets 05.26,Format Monthly Sheets,1,29,Raw archive detail - reused pre-opened archive workbook connection: Source - CP Due,Raw archive detail - reused pre-opened archive workbook connection: Source - CP Due,0.000,48.901,OK,97.510,0.000,106.731
Format Monthly Sheets,v1.8.9.4.2 - Framework Timing Report.pdf,Format Monthly Sheets 05.26,Format Monthly Sheets,1,30,Raw archive detail - existing archive sheet deleted if present: Source - CP Due 05.,Raw archive detail - existing archive sheet deleted if present: Source - CP Due,0.083,48.984,OK,97.510,0.098,106.731
Format Monthly Sheets,v1.8.9.4.2 - Framework Timing Report.pdf,Format Monthly Sheets 05.26,Format Monthly Sheets,1,31,Raw archive detail - source sheet copied to archive workbook: Source - CP Due 05.,Raw archive detail - source sheet copied to archive workbook: Source - CP Due,1.053,50.037,OK,97.510,1.282,106.731
Format Monthly Sheets,v1.8.9.4.2 - Framework Timing Report.pdf,Format Monthly Sheets 05.26,Format Monthly Sheets,1,32,Raw archive detail - archive sheet renamed: Source - CP Due 05.,Raw archive detail - archive sheet renamed: Source - CP Due,0.155,50.192,OK,97.510,0.163,106.731
Format Monthly Sheets,v1.8.9.4.2 - Framework Timing Report.pdf,Format Monthly Sheets 05.26,Format Monthly Sheets,1,33,Raw archive detail - archive sheet visibility enforced visible: Source - CP Due 05.,Raw archive detail - archive sheet visibility enforced visible: Source - CP Due,0.085,50.277,OK,97.510,0.084,106.731
Format Monthly Sheets,v1.8.9.4.2 - Framework Timing Report.pdf,Format Monthly Sheets 05.26,Format Monthly Sheets,1,34,Raw data copied to archive: Source - CP Due,Raw data copied to archive: Source - CP Due,0.000,50.277,OK,97.510,0.000,106.731
Format Monthly Sheets,v1.8.9.4.2 - Framework Timing Report.pdf,Format Monthly Sheets 05.26,Format Monthly Sheets,1,35,Local raw sheet deleted to preserve workbook speed,Local raw sheet deleted to preserve workbook speed,0.437,50.714,OK,97.510,0.752,106.731
Format Monthly Sheets,v1.8.9.4.2 - Framework Timing Report.pdf,Format Monthly Sheets 05.26,Format Monthly Sheets,1,36,Hide governed output sheet: CP Due 05.,Hide governed output sheet: CP Due,0.494,51.208,OK,97.510,0.703,106.731
Format Monthly Sheets,v1.8.9.4.2 - Framework Timing Report.pdf,Format Monthly Sheets 05.26,Format Monthly Sheets,1,37,Formatted monthly import tab: CD from CD May,Formatted monthly import tab: CD from CD,0.130,51.338,OK,97.510,0.162,106.731
Format Monthly Sheets,v1.8.9.4.2 - Framework Timing Report.pdf,Format Monthly Sheets 05.26,Format Monthly Sheets,1,38,Prepared monthly dashboard source: UC May,Prepared monthly dashboard source: UC,0.408,51.746,OK,97.510,0.774,106.731
Format Monthly Sheets,v1.8.9.4.2 - Framework Timing Report.pdf,Format Monthly Sheets 05.26,Format Monthly Sheets,1,39,Mapped monthly dashboard rows in memory:,Mapped monthly dashboard rows in memory,0.857,52.603,OK,97.510,0.762,106.731
Format Monthly Sheets,v1.8.9.4.2 - Framework Timing Report.pdf,Format Monthly Sheets 05.26,Format Monthly Sheets,1,40,Monthly dashboard fast canvas - blank sheet inserted in configured creation order: Unlock CP 05.,Monthly dashboard fast canvas - blank sheet inserted in configured creation order: Unlock CP,8.377,60.980,OK,97.510,11.441,106.731
Format Monthly Sheets,v1.8.9.4.2 - Framework Timing Report.pdf,Format Monthly Sheets 05.26,Format Monthly Sheets,1,41,Monthly dashboard fast canvas - grid resized to 351 rows x 4 cols: Unlock CP 05.,Monthly dashboard fast canvas - grid resized to 351 rows x 4 cols: Unlock CP,0.827,61.807,OK,97.510,0.885,106.731
Format Monthly Sheets,v1.8.9.4.2 - Framework Timing Report.pdf,Format Monthly Sheets 05.26,Format Monthly Sheets,1,42,Monthly dashboard fast canvas - template column widths applied: Unlock CP 05.,Monthly dashboard fast canvas - template column widths applied: Unlock CP,0.354,62.161,OK,97.510,0.559,106.731
Format Monthly Sheets,v1.8.9.4.2 - Framework Timing Report.pdf,Format Monthly Sheets 05.26,Format Monthly Sheets,1,43,Monthly dashboard fast canvas - raw values written | Rows: 347: Unlock CP 05.,Monthly dashboard fast canvas - raw values written | Rows: 347: Unlock CP,0.014,62.175,OK,97.510,0.015,106.731
Format Monthly Sheets,v1.8.9.4.2 - Framework Timing Report.pdf,Format Monthly Sheets 05.26,Format Monthly Sheets,1,44,Monthly dashboard fast canvas - title rows copied from template: Unlock CP 05.,Monthly dashboard fast canvas - title rows copied from template: Unlock CP,0.008,62.183,OK,97.510,0.015,106.731
Format Monthly Sheets,v1.8.9.4.2 - Framework Timing Report.pdf,Format Monthly Sheets 05.26,Format Monthly Sheets,1,45,Monthly dashboard fast canvas - header row copied from template: Unlock CP 05.,Monthly dashboard fast canvas - header row copied from template: Unlock CP,0.021,62.204,OK,97.510,0.014,106.731
Format Monthly Sheets,v1.8.9.4.2 - Framework Timing Report.pdf,Format Monthly Sheets 05.26,Format Monthly Sheets,1,46,Monthly dashboard fast canvas - data-row format copied from template | Rows: 347: Unlock CP 05.,Monthly dashboard fast canvas - data-row format copied from template | Rows: 347: Unlock CP,0.007,62.211,OK,97.510,0.007,106.731
Format Monthly Sheets,v1.8.9.4.2 - Framework Timing Report.pdf,Format Monthly Sheets 05.26,Format Monthly Sheets,1,47,Monthly dashboard fast canvas - title/date/header values stamped: Unlock CP 05.,Monthly dashboard fast canvas - title/date/header values stamped: Unlock CP,0.030,62.241,OK,97.510,0.039,106.731
Format Monthly Sheets,v1.8.9.4.2 - Framework Timing Report.pdf,Format Monthly Sheets 05.26,Format Monthly Sheets,1,48,Monthly dashboard fast canvas - frozen rows/columns and tab color applied: Unlock CP 05.,Monthly dashboard fast canvas - frozen rows/columns and tab color applied: Unlock CP,0.732,62.973,OK,97.510,1.001,106.731
Format Monthly Sheets,v1.8.9.4.2 - Framework Timing Report.pdf,Format Monthly Sheets 05.26,Format Monthly Sheets,1,49,Monthly dashboard fast canvas - filter created: Unlock CP 05.,Monthly dashboard fast canvas - filter created: Unlock CP,0.586,63.559,OK,97.510,0.845,106.731
Format Monthly Sheets,v1.8.9.4.2 - Framework Timing Report.pdf,Format Monthly Sheets 05.26,Format Monthly Sheets,1,50,Monthly dashboard fast canvas - template-driven canvas wrap applied: Unlock CP 05.,Monthly dashboard fast canvas - template-driven canvas wrap applied: Unlock CP,0.251,63.810,OK,97.510,0.465,106.731
Format Monthly Sheets,v1.8.9.4.2 - Framework Timing Report.pdf,Format Monthly Sheets 05.26,Format Monthly Sheets,1,51,Monthly dashboard fast canvas - runtime caches cleared: Unlock CP 05.,Monthly dashboard fast canvas - runtime caches cleared: Unlock CP,0.001,63.811,OK,97.510,0.010,106.731
Format Monthly Sheets,v1.8.9.4.2 - Framework Timing Report.pdf,Format Monthly Sheets 05.26,Format Monthly Sheets,1,52,Created monthly dashboard fast canvas: Unlock CP,Created monthly dashboard fast canvas: Unlock CP,0.000,63.811,OK,97.510,0.000,106.731
Format Monthly Sheets,v1.8.9.4.2 - Framework Timing Report.pdf,Format Monthly Sheets 05.26,Format Monthly Sheets,1,53,Locked monthly dashboard row heights: Unlock CP 05.,Locked monthly dashboard row heights: Unlock CP,0.472,64.283,OK,97.510,0.941,106.731
Format Monthly Sheets,v1.8.9.4.2 - Framework Timing Report.pdf,Format Monthly Sheets 05.26,Format Monthly Sheets,1,54,Raw archive detail - reused pre-opened archive workbook connection: Source - Unlocked CP,Raw archive detail - reused pre-opened archive workbook connection: Source - Unlocked CP,0.000,64.283,OK,97.510,0.000,106.731
Format Monthly Sheets,v1.8.9.4.2 - Framework Timing Report.pdf,Format Monthly Sheets 05.26,Format Monthly Sheets,1,55,Raw archive detail - existing archive sheet deleted if present: Source - Unlocked CP 05.,Raw archive detail - existing archive sheet deleted if present: Source - Unlocked CP,0.078,64.361,OK,97.510,0.097,106.731
Format Monthly Sheets,v1.8.9.4.2 - Framework Timing Report.pdf,Format Monthly Sheets 05.26,Format Monthly Sheets,1,56,Raw archive detail - source sheet copied to archive workbook: Source - Unlocked CP 05.,Raw archive detail - source sheet copied to archive workbook: Source - Unlocked CP,1.120,65.481,OK,97.510,1.249,106.731
Format Monthly Sheets,v1.8.9.4.2 - Framework Timing Report.pdf,Format Monthly Sheets 05.26,Format Monthly Sheets,1,57,Raw archive detail - archive sheet renamed: Source - Unlocked CP 05.,Raw archive detail - archive sheet renamed: Source - Unlocked CP,0.187,65.668,OK,97.510,0.217,106.731
Format Monthly Sheets,v1.8.9.4.2 - Framework Timing Report.pdf,Format Monthly Sheets 05.26,Format Monthly Sheets,1,58,Raw archive detail - archive sheet visibility enforced visible: Source - Unlocked CP 05.,Raw archive detail - archive sheet visibility enforced visible: Source - Unlocked CP,0.255,65.923,OK,97.510,0.099,106.731
Format Monthly Sheets,v1.8.9.4.2 - Framework Timing Report.pdf,Format Monthly Sheets 05.26,Format Monthly Sheets,1,59,Raw data copied to archive: Source - Unlocked CP,Raw data copied to archive: Source - Unlocked CP,0.000,65.923,OK,97.510,0.000,106.731
Format Monthly Sheets,v1.8.9.4.2 - Framework Timing Report.pdf,Format Monthly Sheets 05.26,Format Monthly Sheets,1,60,Local raw sheet deleted to preserve workbook speed,Local raw sheet deleted to preserve workbook speed,0.461,66.384,OK,97.510,0.752,106.731
Format Monthly Sheets,v1.8.9.4.2 - Framework Timing Report.pdf,Format Monthly Sheets 05.26,Format Monthly Sheets,1,61,Hide governed output sheet: Unlock CP 05.,Hide governed output sheet: Unlock CP,0.946,67.330,OK,97.510,1.091,106.731
Format Monthly Sheets,v1.8.9.4.2 - Framework Timing Report.pdf,Format Monthly Sheets 05.26,Format Monthly Sheets,1,62,Formatted monthly import tab: UC from UC May,Formatted monthly import tab: UC from UC,0.095,67.425,OK,97.510,0.145,106.731
Format Monthly Sheets,v1.8.9.4.2 - Framework Timing Report.pdf,Format Monthly Sheets 05.26,Format Monthly Sheets,1,63,Read Raw Data source in place without editing imported values | Rows:,Read Raw Data source in place without editing imported values | Rows,4.876,72.301,OK,97.510,5.920,106.731
Format Monthly Sheets,v1.8.9.4.2 - Framework Timing Report.pdf,Format Monthly Sheets 05.26,Format Monthly Sheets,1,64,Rename Raw Data import sheet in place and place in configured creation order: RD May -> Raw Data 05.,Rename Raw Data import sheet in place and place in configured creation order: RD -> Raw Data,5.475,77.776,OK,97.510,7.021,106.731
Format Monthly Sheets,v1.8.9.4.2 - Framework Timing Report.pdf,Format Monthly Sheets 05.26,Format Monthly Sheets,1,65,Wave 4 Raw Data header row detection complete | Header row:,Wave 4 Raw Data header row detection complete | Header row,0.426,78.202,OK,97.510,0.730,106.731
Format Monthly Sheets,v1.8.9.4.2 - Framework Timing Report.pdf,Format Monthly Sheets 05.26,Format Monthly Sheets,1,66,Wave 4 Raw Data title-row insert complete | Rows inserted:,Wave 4 Raw Data title-row insert complete | Rows inserted,0.144,78.346,OK,97.510,0.998,106.731
Format Monthly Sheets,v1.8.9.4.2 - Framework Timing Report.pdf,Format Monthly Sheets 05.26,Format Monthly Sheets,1,67,Wave 4 Raw Data approved-column append complete | Columns added:,Wave 4 Raw Data approved-column append complete | Columns added,1.757,80.103,OK,97.510,1.084,106.731
Format Monthly Sheets,v1.8.9.4.2 - Framework Timing Report.pdf,Format Monthly Sheets 05.26,Format Monthly Sheets,1,68,Wave 4 Raw Data title/header formatting start | Width:,Wave 4 Raw Data title/header formatting start | Width,0.596,80.699,OK,97.510,0.545,106.731
Format Monthly Sheets,v1.8.9.4.2 - Framework Timing Report.pdf,Format Monthly Sheets 05.26,Format Monthly Sheets,1,69,Wave 4 Raw Data title/header formatting complete,Wave 4 Raw Data title/header formatting complete,0.129,80.828,OK,97.510,0.271,106.731
Format Monthly Sheets,v1.8.9.4.2 - Framework Timing Report.pdf,Format Monthly Sheets 05.26,Format Monthly Sheets,1,70,Wave 4 Raw Data frozen rows set,Wave 4 Raw Data frozen rows set,0.430,81.258,OK,97.510,0.635,106.731
Format Monthly Sheets,v1.8.9.4.2 - Framework Timing Report.pdf,Format Monthly Sheets 05.26,Format Monthly Sheets,1,71,Wave 4 Raw Data filter removal skipped - no existing filter,Wave 4 Raw Data filter removal skipped - no existing filter,0.237,81.495,OK,97.510,0.292,106.731
Format Monthly Sheets,v1.8.9.4.2 - Framework Timing Report.pdf,Format Monthly Sheets 05.26,Format Monthly Sheets,1,72,Wave 4 Raw Data filter creation complete | Rows: 5978; Columns:,Wave 4 Raw Data filter creation complete | Rows: 5978; Columns,0.402,81.897,OK,97.510,0.609,106.731
Format Monthly Sheets,v1.8.9.4.2 - Framework Timing Report.pdf,Format Monthly Sheets 05.26,Format Monthly Sheets,1,73,"Wave 4 Raw Data in-place title/header/column work complete | Added columns: Notes, Safety - 2 Person, Wanderer, Interpreter Needed, Fall Risk, DPOA or Guardian Active, Palliative Care, Primary PMR Row","Wave 4 Raw Data in-place title/header/column work complete | Added columns: Notes, Safety - 2 Person, Wanderer, Interpreter Needed, Fall Risk, DPOA or Guardian Active, Palliative Care, Primary PMR Row",0.001,81.898,OK,97.510,0.004,106.731
Format Monthly Sheets,v1.8.9.4.2 - Framework Timing Report.pdf,Format Monthly Sheets 05.26,Format Monthly Sheets,1,74,Wave 4 Raw Data approved-sync columns start,Wave 4 Raw Data approved-sync columns start,0.000,81.898,OK,97.510,0.000,106.731
Format Monthly Sheets,v1.8.9.4.2 - Framework Timing Report.pdf,Format Monthly Sheets 05.26,Format Monthly Sheets,1,75,Wave 4 Raw Data approved-sync bulk read complete | Rows:,Wave 4 Raw Data approved-sync bulk read complete | Rows,3.599,85.497,OK,97.510,4.008,106.731
Format Monthly Sheets,v1.8.9.4.2 - Framework Timing Report.pdf,Format Monthly Sheets 05.26,Format Monthly Sheets,1,76,Wave 4 Raw Data approved-sync guarded write complete | Changed column groups:,Wave 4 Raw Data approved-sync guarded write complete | Changed column groups,0.058,85.555,OK,97.510,0.077,106.731
Format Monthly Sheets,v1.8.9.4.2 - Framework Timing Report.pdf,Format Monthly Sheets 05.26,Format Monthly Sheets,1,77,Wave 4 Raw Data approved-sync columns complete | Changed column groups:,Wave 4 Raw Data approved-sync columns complete | Changed column groups,0.007,85.562,OK,97.510,0.006,106.731
Format Monthly Sheets,v1.8.9.4.2 - Framework Timing Report.pdf,Format Monthly Sheets 05.26,Format Monthly Sheets,1,78,Wave 4 Raw Data banner-column sync start,Wave 4 Raw Data banner-column sync start,0.000,85.562,OK,97.510,0.000,106.731
Format Monthly Sheets,v1.8.9.4.2 - Framework Timing Report.pdf,Format Monthly Sheets 05.26,Format Monthly Sheets,1,79,Wave 4 Raw Data banner-sync bulk read complete | Rows:,Wave 4 Raw Data banner-sync bulk read complete | Rows,3.239,88.801,OK,97.510,4.399,106.731
Format Monthly Sheets,v1.8.9.4.2 - Framework Timing Report.pdf,Format Monthly Sheets 05.26,Format Monthly Sheets,1,80,Wave 4 Raw Data banner-sync source map built | Keys:,Wave 4 Raw Data banner-sync source map built | Keys,0.675,89.476,OK,97.510,0.740,106.731
Format Monthly Sheets,v1.8.9.4.2 - Framework Timing Report.pdf,Format Monthly Sheets 05.26,Format Monthly Sheets,1,81,Wave 4 Raw Data banner-sync guarded write complete | Changed column groups:,Wave 4 Raw Data banner-sync guarded write complete | Changed column groups,0.973,90.449,OK,97.510,1.222,106.731
Format Monthly Sheets,v1.8.9.4.2 - Framework Timing Report.pdf,Format Monthly Sheets 05.26,Format Monthly Sheets,1,82,Wave 4 Raw Data banner-column sync complete | Rows updated:,Wave 4 Raw Data banner-column sync complete | Rows updated,0.013,90.462,OK,97.510,0.010,106.731
Format Monthly Sheets,v1.8.9.4.2 - Framework Timing Report.pdf,Format Monthly Sheets 05.26,Format Monthly Sheets,1,83,Wave 4 Raw Data row-height lock start,Wave 4 Raw Data row-height lock start,0.000,90.462,OK,97.510,0.000,106.731
Format Monthly Sheets,v1.8.9.4.2 - Framework Timing Report.pdf,Format Monthly Sheets 05.26,Format Monthly Sheets,1,84,Wave 4 Raw Data row-height lock complete,Wave 4 Raw Data row-height lock complete,0.634,91.096,OK,97.510,0.992,106.731
Format Monthly Sheets,v1.8.9.4.2 - Framework Timing Report.pdf,Format Monthly Sheets 05.26,Format Monthly Sheets,1,85,Wave 4 Raw Data visibility policy start,Wave 4 Raw Data visibility policy start,0.000,91.096,OK,97.510,0.000,106.731
Format Monthly Sheets,v1.8.9.4.2 - Framework Timing Report.pdf,Format Monthly Sheets 05.26,Format Monthly Sheets,1,86,Hide governed output sheet: Raw Data 05.,Hide governed output sheet: Raw Data,0.214,91.310,OK,97.510,0.288,106.731
Format Monthly Sheets,v1.8.9.4.2 - Framework Timing Report.pdf,Format Monthly Sheets 05.26,Format Monthly Sheets,1,87,Wave 4 Raw Data visibility policy complete,Wave 4 Raw Data visibility policy complete,0.000,91.310,OK,97.510,0.000,106.731
Format Monthly Sheets,v1.8.9.4.2 - Framework Timing Report.pdf,Format Monthly Sheets 05.26,Format Monthly Sheets,1,88,Raw Data Index refresh deferred,Raw Data Index refresh deferred,0.001,91.311,OK,97.510,0.005,106.731
Format Monthly Sheets,v1.8.9.4.2 - Framework Timing Report.pdf,Format Monthly Sheets 05.26,Format Monthly Sheets,1,89,Formatted monthly Raw Data in place without deleting imported columns: Raw Data 05.,Formatted monthly Raw Data in place without deleting imported columns: Raw Data,0.115,91.426,OK,97.510,1.100,106.731
Format Monthly Sheets,v1.8.9.4.2 - Framework Timing Report.pdf,Format Monthly Sheets 05.26,Format Monthly Sheets,1,90,Formatted monthly import tab: RD from RD May,Formatted monthly import tab: RD from RD,0.001,91.427,OK,97.510,0.002,106.731
Format Monthly Sheets,v1.8.9.4.2 - Framework Timing Report.pdf,Format Monthly Sheets 05.26,Format Monthly Sheets,1,91,Active and Archive Index updated using shared connection,Active and Archive Index updated using shared connection,5.998,97.425,OK,97.510,7.873,106.731
Format Monthly Sheets,v1.8.9.4.2 - Framework Timing Report.pdf,Format Monthly Sheets 05.26,Format Monthly Sheets,1,92,Complete,Complete,0.085,97.510,OK,97.510,0.105,106.731
Format Monthly Sheets,v1.8.9.4.2 - Framework Timing Report.pdf,Format Monthly Sheets 06.26,Format Monthly Sheets,1,1,Start,Start,0.137,0.137,OK,139.516,0.331,106.731
Format Monthly Sheets,v1.8.9.4.2 - Framework Timing Report.pdf,Format Monthly Sheets 06.26,Format Monthly Sheets,1,2,Archive connection opened once for batch processing,Archive connection opened once for batch processing,4.027,4.164,OK,139.516,0.729,106.731
Format Monthly Sheets,v1.8.9.4.2 - Framework Timing Report.pdf,Format Monthly Sheets 06.26,Format Monthly Sheets,1,3,Banner output sheet shown: Banners 06.,Banner output sheet shown: Banners,16.073,20.237,SLOW,139.516,12.426,106.731
Format Monthly Sheets,v1.8.9.4.2 - Framework Timing Report.pdf,Format Monthly Sheets 06.26,Format Monthly Sheets,1,4,Raw archive detail - reused pre-opened archive workbook connection: Source - Banners 06.,Raw archive detail - reused pre-opened archive workbook connection: Source - Banners,2.353,22.590,OK,139.516,1.056,106.731
Format Monthly Sheets,v1.8.9.4.2 - Framework Timing Report.pdf,Format Monthly Sheets 06.26,Format Monthly Sheets,1,5,Raw archive detail - existing archive sheet deleted if present: Source - Banners 06.,Raw archive detail - existing archive sheet deleted if present: Source - Banners,0.191,22.781,OK,139.516,0.160,106.731
Format Monthly Sheets,v1.8.9.4.2 - Framework Timing Report.pdf,Format Monthly Sheets 06.26,Format Monthly Sheets,1,6,Raw archive detail - source sheet copied to archive workbook: Source - Banners 06.,Raw archive detail - source sheet copied to archive workbook: Source - Banners,1.935,24.716,OK,139.516,1.544,106.731
Format Monthly Sheets,v1.8.9.4.2 - Framework Timing Report.pdf,Format Monthly Sheets 06.26,Format Monthly Sheets,1,7,Raw archive detail - archive sheet renamed: Source - Banners 06.,Raw archive detail - archive sheet renamed: Source - Banners,0.870,25.586,OK,139.516,1.097,106.731
Format Monthly Sheets,v1.8.9.4.2 - Framework Timing Report.pdf,Format Monthly Sheets 06.26,Format Monthly Sheets,1,8,Raw archive detail - archive sheet visibility enforced visible: Source - Banners 06.,Raw archive detail - archive sheet visibility enforced visible: Source - Banners,0.170,25.756,OK,139.516,0.095,106.731
Format Monthly Sheets,v1.8.9.4.2 - Framework Timing Report.pdf,Format Monthly Sheets 06.26,Format Monthly Sheets,1,9,Raw data copied to archive: Source - Banners,Raw data copied to archive: Source - Banners,0.000,25.756,OK,139.516,0.000,106.731
Format Monthly Sheets,v1.8.9.4.2 - Framework Timing Report.pdf,Format Monthly Sheets 06.26,Format Monthly Sheets,1,10,Local raw sheet deleted to preserve workbook speed,Local raw sheet deleted to preserve workbook speed,0.795,26.551,OK,139.516,0.752,106.731
Format Monthly Sheets,v1.8.9.4.2 - Framework Timing Report.pdf,Format Monthly Sheets 06.26,Format Monthly Sheets,1,11,Hide governed output sheet: Banners 06.,Hide governed output sheet: Banners,1.138,27.689,OK,139.516,0.758,106.731
Format Monthly Sheets,v1.8.9.4.2 - Framework Timing Report.pdf,Format Monthly Sheets 06.26,Format Monthly Sheets,1,12,Formatted monthly import tab: B from B June,Formatted monthly import tab: B from B,0.265,27.954,OK,139.516,0.168,106.731
Format Monthly Sheets,v1.8.9.4.2 - Framework Timing Report.pdf,Format Monthly Sheets 06.26,Format Monthly Sheets,1,13,Prepared monthly dashboard source: CD June,Prepared monthly dashboard source: CD,1.761,29.715,OK,139.516,1.110,106.731
Format Monthly Sheets,v1.8.9.4.2 - Framework Timing Report.pdf,Format Monthly Sheets 06.26,Format Monthly Sheets,1,14,Mapped monthly dashboard rows in memory:,Mapped monthly dashboard rows in memory,0.523,30.238,OK,139.516,0.762,106.731
Format Monthly Sheets,v1.8.9.4.2 - Framework Timing Report.pdf,Format Monthly Sheets 06.26,Format Monthly Sheets,1,15,Monthly dashboard fast canvas - blank sheet inserted in configured creation order: CP Due 06.,Monthly dashboard fast canvas - blank sheet inserted in configured creation order: CP Due,21.395,51.633,SLOW,139.516,12.014,106.731
Format Monthly Sheets,v1.8.9.4.2 - Framework Timing Report.pdf,Format Monthly Sheets 06.26,Format Monthly Sheets,1,16,Monthly dashboard fast canvas - grid resized to 340 rows x 5 cols: CP Due 06.,Monthly dashboard fast canvas - grid resized to 340 rows x 5 cols: CP Due,0.825,52.458,OK,139.516,0.844,106.731
Format Monthly Sheets,v1.8.9.4.2 - Framework Timing Report.pdf,Format Monthly Sheets 06.26,Format Monthly Sheets,1,17,Monthly dashboard fast canvas - template column widths applied: CP Due 06.,Monthly dashboard fast canvas - template column widths applied: CP Due,0.725,53.183,OK,139.516,0.860,106.731
Format Monthly Sheets,v1.8.9.4.2 - Framework Timing Report.pdf,Format Monthly Sheets 06.26,Format Monthly Sheets,1,18,Monthly dashboard fast canvas - raw values written | Rows: 336: CP Due 06.,Monthly dashboard fast canvas - raw values written | Rows: 336: CP Due,0.020,53.203,OK,139.516,0.017,106.731
Format Monthly Sheets,v1.8.9.4.2 - Framework Timing Report.pdf,Format Monthly Sheets 06.26,Format Monthly Sheets,1,19,Monthly dashboard fast canvas - title rows copied from template: CP Due 06.,Monthly dashboard fast canvas - title rows copied from template: CP Due,0.008,53.211,OK,139.516,0.008,106.731
Format Monthly Sheets,v1.8.9.4.2 - Framework Timing Report.pdf,Format Monthly Sheets 06.26,Format Monthly Sheets,1,20,Monthly dashboard fast canvas - header row copied from template: CP Due 06.,Monthly dashboard fast canvas - header row copied from template: CP Due,0.008,53.219,OK,139.516,0.006,106.731
Format Monthly Sheets,v1.8.9.4.2 - Framework Timing Report.pdf,Format Monthly Sheets 06.26,Format Monthly Sheets,1,21,Monthly dashboard fast canvas - data-row format copied from template | Rows: 336: CP Due 06.,Monthly dashboard fast canvas - data-row format copied from template | Rows: 336: CP Due,0.011,53.230,OK,139.516,0.006,106.731
Format Monthly Sheets,v1.8.9.4.2 - Framework Timing Report.pdf,Format Monthly Sheets 06.26,Format Monthly Sheets,1,22,Monthly dashboard fast canvas - title/date/header values stamped: CP Due 06.,Monthly dashboard fast canvas - title/date/header values stamped: CP Due,0.020,53.250,OK,139.516,0.018,106.731
Format Monthly Sheets,v1.8.9.4.2 - Framework Timing Report.pdf,Format Monthly Sheets 06.26,Format Monthly Sheets,1,23,Monthly dashboard fast canvas - frozen rows/columns and tab color applied: CP Due 06.,Monthly dashboard fast canvas - frozen rows/columns and tab color applied: CP Due,1.118,54.368,OK,139.516,2.161,106.731
Format Monthly Sheets,v1.8.9.4.2 - Framework Timing Report.pdf,Format Monthly Sheets 06.26,Format Monthly Sheets,1,24,Monthly dashboard fast canvas - filter created: CP Due 06.,Monthly dashboard fast canvas - filter created: CP Due,1.617,55.985,OK,139.516,0.915,106.731
Format Monthly Sheets,v1.8.9.4.2 - Framework Timing Report.pdf,Format Monthly Sheets 06.26,Format Monthly Sheets,1,25,Monthly dashboard fast canvas - template-driven canvas wrap applied: CP Due 06.,Monthly dashboard fast canvas - template-driven canvas wrap applied: CP Due,0.609,56.594,OK,139.516,0.481,106.731
Format Monthly Sheets,v1.8.9.4.2 - Framework Timing Report.pdf,Format Monthly Sheets 06.26,Format Monthly Sheets,1,26,Monthly dashboard fast canvas - runtime caches cleared: CP Due 06.,Monthly dashboard fast canvas - runtime caches cleared: CP Due,0.003,56.597,OK,139.516,0.004,106.731
Format Monthly Sheets,v1.8.9.4.2 - Framework Timing Report.pdf,Format Monthly Sheets 06.26,Format Monthly Sheets,1,27,Created monthly dashboard fast canvas: CP Due,Created monthly dashboard fast canvas: CP Due,0.000,56.597,OK,139.516,0.000,106.731
Format Monthly Sheets,v1.8.9.4.2 - Framework Timing Report.pdf,Format Monthly Sheets 06.26,Format Monthly Sheets,1,28,Locked monthly dashboard row heights: CP Due 06.,Locked monthly dashboard row heights: CP Due,0.642,57.239,OK,139.516,0.696,106.731
Format Monthly Sheets,v1.8.9.4.2 - Framework Timing Report.pdf,Format Monthly Sheets 06.26,Format Monthly Sheets,1,29,Raw archive detail - reused pre-opened archive workbook connection: Source - CP Due,Raw archive detail - reused pre-opened archive workbook connection: Source - CP Due,0.000,57.239,OK,139.516,0.000,106.731
Format Monthly Sheets,v1.8.9.4.2 - Framework Timing Report.pdf,Format Monthly Sheets 06.26,Format Monthly Sheets,1,30,Raw archive detail - existing archive sheet deleted if present: Source - CP Due 06.,Raw archive detail - existing archive sheet deleted if present: Source - CP Due,0.108,57.347,OK,139.516,0.098,106.731
Format Monthly Sheets,v1.8.9.4.2 - Framework Timing Report.pdf,Format Monthly Sheets 06.26,Format Monthly Sheets,1,31,Raw archive detail - source sheet copied to archive workbook: Source - CP Due 06.,Raw archive detail - source sheet copied to archive workbook: Source - CP Due,1.433,58.780,OK,139.516,1.282,106.731
Format Monthly Sheets,v1.8.9.4.2 - Framework Timing Report.pdf,Format Monthly Sheets 06.26,Format Monthly Sheets,1,32,Raw archive detail - archive sheet renamed: Source - CP Due 06.,Raw archive detail - archive sheet renamed: Source - CP Due,0.248,59.028,OK,139.516,0.163,106.731
Format Monthly Sheets,v1.8.9.4.2 - Framework Timing Report.pdf,Format Monthly Sheets 06.26,Format Monthly Sheets,1,33,Raw archive detail - archive sheet visibility enforced visible: Source - CP Due 06.,Raw archive detail - archive sheet visibility enforced visible: Source - CP Due,0.087,59.115,OK,139.516,0.084,106.731
Format Monthly Sheets,v1.8.9.4.2 - Framework Timing Report.pdf,Format Monthly Sheets 06.26,Format Monthly Sheets,1,34,Raw data copied to archive: Source - CP Due,Raw data copied to archive: Source - CP Due,0.000,59.115,OK,139.516,0.000,106.731
Format Monthly Sheets,v1.8.9.4.2 - Framework Timing Report.pdf,Format Monthly Sheets 06.26,Format Monthly Sheets,1,35,Local raw sheet deleted to preserve workbook speed,Local raw sheet deleted to preserve workbook speed,0.789,59.904,OK,139.516,0.752,106.731
Format Monthly Sheets,v1.8.9.4.2 - Framework Timing Report.pdf,Format Monthly Sheets 06.26,Format Monthly Sheets,1,36,Hide governed output sheet: CP Due 06.,Hide governed output sheet: CP Due,0.648,60.552,OK,139.516,0.703,106.731
Format Monthly Sheets,v1.8.9.4.2 - Framework Timing Report.pdf,Format Monthly Sheets 06.26,Format Monthly Sheets,1,37,Formatted monthly import tab: CD from CD June,Formatted monthly import tab: CD from CD,0.294,60.846,OK,139.516,0.162,106.731
Format Monthly Sheets,v1.8.9.4.2 - Framework Timing Report.pdf,Format Monthly Sheets 06.26,Format Monthly Sheets,1,38,Prepared monthly dashboard source: UC June,Prepared monthly dashboard source: UC,0.600,61.446,OK,139.516,0.774,106.731
Format Monthly Sheets,v1.8.9.4.2 - Framework Timing Report.pdf,Format Monthly Sheets 06.26,Format Monthly Sheets,1,39,Mapped monthly dashboard rows in memory:,Mapped monthly dashboard rows in memory,0.745,62.191,OK,139.516,0.762,106.731
Format Monthly Sheets,v1.8.9.4.2 - Framework Timing Report.pdf,Format Monthly Sheets 06.26,Format Monthly Sheets,1,40,Monthly dashboard fast canvas - blank sheet inserted in configured creation order: Unlock CP 06.,Monthly dashboard fast canvas - blank sheet inserted in configured creation order: Unlock CP,17.120,79.311,SLOW,139.516,11.441,106.731
Format Monthly Sheets,v1.8.9.4.2 - Framework Timing Report.pdf,Format Monthly Sheets 06.26,Format Monthly Sheets,1,41,Monthly dashboard fast canvas - grid resized to 353 rows x 4 cols: Unlock CP 06.,Monthly dashboard fast canvas - grid resized to 353 rows x 4 cols: Unlock CP,0.911,80.222,OK,139.516,1.478,106.731
Format Monthly Sheets,v1.8.9.4.2 - Framework Timing Report.pdf,Format Monthly Sheets 06.26,Format Monthly Sheets,1,42,Monthly dashboard fast canvas - template column widths applied: Unlock CP 06.,Monthly dashboard fast canvas - template column widths applied: Unlock CP,0.668,80.890,OK,139.516,0.559,106.731
Format Monthly Sheets,v1.8.9.4.2 - Framework Timing Report.pdf,Format Monthly Sheets 06.26,Format Monthly Sheets,1,43,Monthly dashboard fast canvas - raw values written | Rows: 349: Unlock CP 06.,Monthly dashboard fast canvas - raw values written | Rows: 349: Unlock CP,0.036,80.926,OK,139.516,0.042,106.731
Format Monthly Sheets,v1.8.9.4.2 - Framework Timing Report.pdf,Format Monthly Sheets 06.26,Format Monthly Sheets,1,44,Monthly dashboard fast canvas - title rows copied from template: Unlock CP 06.,Monthly dashboard fast canvas - title rows copied from template: Unlock CP,0.008,80.934,OK,139.516,0.015,106.731
Format Monthly Sheets,v1.8.9.4.2 - Framework Timing Report.pdf,Format Monthly Sheets 06.26,Format Monthly Sheets,1,45,Monthly dashboard fast canvas - header row copied from template: Unlock CP 06.,Monthly dashboard fast canvas - header row copied from template: Unlock CP,0.009,80.943,OK,139.516,0.014,106.731
Format Monthly Sheets,v1.8.9.4.2 - Framework Timing Report.pdf,Format Monthly Sheets 06.26,Format Monthly Sheets,1,46,Monthly dashboard fast canvas - data-row format copied from template | Rows: 349: Unlock CP 06.,Monthly dashboard fast canvas - data-row format copied from template | Rows: 349: Unlock CP,0.016,80.959,OK,139.516,0.021,106.731
Format Monthly Sheets,v1.8.9.4.2 - Framework Timing Report.pdf,Format Monthly Sheets 06.26,Format Monthly Sheets,1,47,Monthly dashboard fast canvas - title/date/header values stamped: Unlock CP 06.,Monthly dashboard fast canvas - title/date/header values stamped: Unlock CP,0.088,81.047,OK,139.516,0.039,106.731
Format Monthly Sheets,v1.8.9.4.2 - Framework Timing Report.pdf,Format Monthly Sheets 06.26,Format Monthly Sheets,1,48,Monthly dashboard fast canvas - frozen rows/columns and tab color applied: Unlock CP 06.,Monthly dashboard fast canvas - frozen rows/columns and tab color applied: Unlock CP,1.206,82.253,OK,139.516,1.001,106.731
Format Monthly Sheets,v1.8.9.4.2 - Framework Timing Report.pdf,Format Monthly Sheets 06.26,Format Monthly Sheets,1,49,Monthly dashboard fast canvas - filter created: Unlock CP 06.,Monthly dashboard fast canvas - filter created: Unlock CP,1.285,83.538,OK,139.516,0.845,106.731
Format Monthly Sheets,v1.8.9.4.2 - Framework Timing Report.pdf,Format Monthly Sheets 06.26,Format Monthly Sheets,1,50,Monthly dashboard fast canvas - template-driven canvas wrap applied: Unlock CP 06.,Monthly dashboard fast canvas - template-driven canvas wrap applied: Unlock CP,0.735,84.273,OK,139.516,0.465,106.731
Format Monthly Sheets,v1.8.9.4.2 - Framework Timing Report.pdf,Format Monthly Sheets 06.26,Format Monthly Sheets,1,51,Monthly dashboard fast canvas - runtime caches cleared: Unlock CP 06.,Monthly dashboard fast canvas - runtime caches cleared: Unlock CP,0.003,84.276,OK,139.516,0.010,106.731
Format Monthly Sheets,v1.8.9.4.2 - Framework Timing Report.pdf,Format Monthly Sheets 06.26,Format Monthly Sheets,1,52,Created monthly dashboard fast canvas: Unlock CP,Created monthly dashboard fast canvas: Unlock CP,0.000,84.276,OK,139.516,0.000,106.731
Format Monthly Sheets,v1.8.9.4.2 - Framework Timing Report.pdf,Format Monthly Sheets 06.26,Format Monthly Sheets,1,53,Locked monthly dashboard row heights: Unlock CP 06.,Locked monthly dashboard row heights: Unlock CP,0.750,85.026,OK,139.516,0.941,106.731
Format Monthly Sheets,v1.8.9.4.2 - Framework Timing Report.pdf,Format Monthly Sheets 06.26,Format Monthly Sheets,1,54,Raw archive detail - reused pre-opened archive workbook connection: Source - Unlocked CP 06.,Raw archive detail - reused pre-opened archive workbook connection: Source - Unlocked CP,0.001,85.027,OK,139.516,0.000,106.731
Format Monthly Sheets,v1.8.9.4.2 - Framework Timing Report.pdf,Format Monthly Sheets 06.26,Format Monthly Sheets,1,55,Raw archive detail - existing archive sheet deleted if present: Source - Unlocked CP 06.,Raw archive detail - existing archive sheet deleted if present: Source - Unlocked CP,0.105,85.132,OK,139.516,0.097,106.731
Format Monthly Sheets,v1.8.9.4.2 - Framework Timing Report.pdf,Format Monthly Sheets 06.26,Format Monthly Sheets,1,56,Raw archive detail - source sheet copied to archive workbook: Source - Unlocked CP 06.,Raw archive detail - source sheet copied to archive workbook: Source - Unlocked CP,1.706,86.838,OK,139.516,1.249,106.731
Format Monthly Sheets,v1.8.9.4.2 - Framework Timing Report.pdf,Format Monthly Sheets 06.26,Format Monthly Sheets,1,57,Raw archive detail - archive sheet renamed: Source - Unlocked CP 06.,Raw archive detail - archive sheet renamed: Source - Unlocked CP,0.135,86.973,OK,139.516,0.217,106.731
Format Monthly Sheets,v1.8.9.4.2 - Framework Timing Report.pdf,Format Monthly Sheets 06.26,Format Monthly Sheets,1,58,Raw archive detail - archive sheet visibility enforced visible: Source - Unlocked CP 06.,Raw archive detail - archive sheet visibility enforced visible: Source - Unlocked CP,0.086,87.059,OK,139.516,0.099,106.731
Format Monthly Sheets,v1.8.9.4.2 - Framework Timing Report.pdf,Format Monthly Sheets 06.26,Format Monthly Sheets,1,59,Raw data copied to archive: Source - Unlocked CP,Raw data copied to archive: Source - Unlocked CP,0.000,87.059,OK,139.516,0.000,106.731
Format Monthly Sheets,v1.8.9.4.2 - Framework Timing Report.pdf,Format Monthly Sheets 06.26,Format Monthly Sheets,1,60,Local raw sheet deleted to preserve workbook speed,Local raw sheet deleted to preserve workbook speed,0.783,87.842,OK,139.516,0.752,106.731
Format Monthly Sheets,v1.8.9.4.2 - Framework Timing Report.pdf,Format Monthly Sheets 06.26,Format Monthly Sheets,1,61,Hide governed output sheet: Unlock CP 06.,Hide governed output sheet: Unlock CP,0.647,88.489,OK,139.516,1.091,106.731
Format Monthly Sheets,v1.8.9.4.2 - Framework Timing Report.pdf,Format Monthly Sheets 06.26,Format Monthly Sheets,1,62,Formatted monthly import tab: UC from UC June,Formatted monthly import tab: UC from UC,0.245,88.734,OK,139.516,0.145,106.731
Format Monthly Sheets,v1.8.9.4.2 - Framework Timing Report.pdf,Format Monthly Sheets 06.26,Format Monthly Sheets,1,63,Read Raw Data source in place without editing imported values | Rows:,Read Raw Data source in place without editing imported values | Rows,5.303,94.037,OK,139.516,5.920,106.731
Format Monthly Sheets,v1.8.9.4.2 - Framework Timing Report.pdf,Format Monthly Sheets 06.26,Format Monthly Sheets,1,64,Rename Raw Data import sheet in place and place in configured creation order: RD June -> Raw Data 06.,Rename Raw Data import sheet in place and place in configured creation order: RD -> Raw Data,10.198,104.235,SLOW,139.516,7.021,106.731
Format Monthly Sheets,v1.8.9.4.2 - Framework Timing Report.pdf,Format Monthly Sheets 06.26,Format Monthly Sheets,1,65,Wave 4 Raw Data header row detection complete | Header row:,Wave 4 Raw Data header row detection complete | Header row,1.063,105.298,OK,139.516,0.730,106.731
Format Monthly Sheets,v1.8.9.4.2 - Framework Timing Report.pdf,Format Monthly Sheets 06.26,Format Monthly Sheets,1,66,Wave 4 Raw Data title-row insert complete | Rows inserted:,Wave 4 Raw Data title-row insert complete | Rows inserted,0.204,105.502,OK,139.516,0.998,106.731
Format Monthly Sheets,v1.8.9.4.2 - Framework Timing Report.pdf,Format Monthly Sheets 06.26,Format Monthly Sheets,1,67,Wave 4 Raw Data approved-column append complete | Columns added:,Wave 4 Raw Data approved-column append complete | Columns added,1.163,106.665,OK,139.516,1.084,106.731
Format Monthly Sheets,v1.8.9.4.2 - Framework Timing Report.pdf,Format Monthly Sheets 06.26,Format Monthly Sheets,1,68,Wave 4 Raw Data title/header formatting start | Width:,Wave 4 Raw Data title/header formatting start | Width,0.560,107.225,OK,139.516,0.545,106.731
Format Monthly Sheets,v1.8.9.4.2 - Framework Timing Report.pdf,Format Monthly Sheets 06.26,Format Monthly Sheets,1,69,Wave 4 Raw Data title/header formatting complete,Wave 4 Raw Data title/header formatting complete,0.274,107.499,OK,139.516,0.271,106.731
Format Monthly Sheets,v1.8.9.4.2 - Framework Timing Report.pdf,Format Monthly Sheets 06.26,Format Monthly Sheets,1,70,Wave 4 Raw Data frozen rows set,Wave 4 Raw Data frozen rows set,1.142,108.641,OK,139.516,0.635,106.731
Format Monthly Sheets,v1.8.9.4.2 - Framework Timing Report.pdf,Format Monthly Sheets 06.26,Format Monthly Sheets,1,71,Wave 4 Raw Data filter removal skipped - no existing filter,Wave 4 Raw Data filter removal skipped - no existing filter,0.848,109.489,OK,139.516,0.292,106.731
Format Monthly Sheets,v1.8.9.4.2 - Framework Timing Report.pdf,Format Monthly Sheets 06.26,Format Monthly Sheets,1,72,Wave 4 Raw Data filter creation complete | Rows: 5984; Columns:,Wave 4 Raw Data filter creation complete | Rows: 5984; Columns,1.264,110.753,OK,139.516,0.701,106.731
Format Monthly Sheets,v1.8.9.4.2 - Framework Timing Report.pdf,Format Monthly Sheets 06.26,Format Monthly Sheets,1,73,"Wave 4 Raw Data in-place title/header/column work complete | Added columns: Notes, Safety - 2 Person, Wanderer, Interpreter Needed, Fall Risk, DPOA or Guardian Active, Palliative Care, Primary PMR Row","Wave 4 Raw Data in-place title/header/column work complete | Added columns: Notes, Safety - 2 Person, Wanderer, Interpreter Needed, Fall Risk, DPOA or Guardian Active, Palliative Care, Primary PMR Row",0.003,110.756,OK,139.516,0.004,106.731
Format Monthly Sheets,v1.8.9.4.2 - Framework Timing Report.pdf,Format Monthly Sheets 06.26,Format Monthly Sheets,1,74,Wave 4 Raw Data approved-sync columns start,Wave 4 Raw Data approved-sync columns start,0.000,110.756,OK,139.516,0.000,106.731
Format Monthly Sheets,v1.8.9.4.2 - Framework Timing Report.pdf,Format Monthly Sheets 06.26,Format Monthly Sheets,1,75,Wave 4 Raw Data approved-sync bulk read complete | Rows:,Wave 4 Raw Data approved-sync bulk read complete | Rows,5.227,115.983,OK,139.516,4.008,106.731
Format Monthly Sheets,v1.8.9.4.2 - Framework Timing Report.pdf,Format Monthly Sheets 06.26,Format Monthly Sheets,1,76,Wave 4 Raw Data approved-sync guarded write complete | Changed column groups:,Wave 4 Raw Data approved-sync guarded write complete | Changed column groups,0.130,116.113,OK,139.516,0.077,106.731
Format Monthly Sheets,v1.8.9.4.2 - Framework Timing Report.pdf,Format Monthly Sheets 06.26,Format Monthly Sheets,1,77,Wave 4 Raw Data approved-sync columns complete | Changed column groups:,Wave 4 Raw Data approved-sync columns complete | Changed column groups,0.007,116.120,OK,139.516,0.006,106.731
Format Monthly Sheets,v1.8.9.4.2 - Framework Timing Report.pdf,Format Monthly Sheets 06.26,Format Monthly Sheets,1,78,Wave 4 Raw Data banner-column sync start,Wave 4 Raw Data banner-column sync start,0.000,116.120,OK,139.516,0.000,106.731
Format Monthly Sheets,v1.8.9.4.2 - Framework Timing Report.pdf,Format Monthly Sheets 06.26,Format Monthly Sheets,1,79,Wave 4 Raw Data banner-sync bulk read complete | Rows:,Wave 4 Raw Data banner-sync bulk read complete | Rows,7.630,123.750,OK,139.516,4.399,106.731
Format Monthly Sheets,v1.8.9.4.2 - Framework Timing Report.pdf,Format Monthly Sheets 06.26,Format Monthly Sheets,1,80,Wave 4 Raw Data banner-sync source map built | Keys:,Wave 4 Raw Data banner-sync source map built | Keys,1.125,124.875,OK,139.516,0.740,106.731
Format Monthly Sheets,v1.8.9.4.2 - Framework Timing Report.pdf,Format Monthly Sheets 06.26,Format Monthly Sheets,1,81,Wave 4 Raw Data banner-sync guarded write complete | Changed column groups:,Wave 4 Raw Data banner-sync guarded write complete | Changed column groups,1.970,126.845,OK,139.516,1.222,106.731
Format Monthly Sheets,v1.8.9.4.2 - Framework Timing Report.pdf,Format Monthly Sheets 06.26,Format Monthly Sheets,1,82,Wave 4 Raw Data banner-column sync complete | Rows updated:,Wave 4 Raw Data banner-column sync complete | Rows updated,0.007,126.852,OK,139.516,0.010,106.731
Format Monthly Sheets,v1.8.9.4.2 - Framework Timing Report.pdf,Format Monthly Sheets 06.26,Format Monthly Sheets,1,83,Wave 4 Raw Data row-height lock start,Wave 4 Raw Data row-height lock start,0.000,126.852,OK,139.516,0.000,106.731
Format Monthly Sheets,v1.8.9.4.2 - Framework Timing Report.pdf,Format Monthly Sheets 06.26,Format Monthly Sheets,1,84,Wave 4 Raw Data row-height lock complete,Wave 4 Raw Data row-height lock complete,1.077,127.929,OK,139.516,0.992,106.731
Format Monthly Sheets,v1.8.9.4.2 - Framework Timing Report.pdf,Format Monthly Sheets 06.26,Format Monthly Sheets,1,85,Wave 4 Raw Data visibility policy start,Wave 4 Raw Data visibility policy start,0.000,127.929,OK,139.516,0.000,106.731
Format Monthly Sheets,v1.8.9.4.2 - Framework Timing Report.pdf,Format Monthly Sheets 06.26,Format Monthly Sheets,1,86,Hide governed output sheet: Raw Data 06.,Hide governed output sheet: Raw Data,0.352,128.281,OK,139.516,0.288,106.731
Format Monthly Sheets,v1.8.9.4.2 - Framework Timing Report.pdf,Format Monthly Sheets 06.26,Format Monthly Sheets,1,87,Wave 4 Raw Data visibility policy complete,Wave 4 Raw Data visibility policy complete,0.000,128.281,OK,139.516,0.000,106.731
Format Monthly Sheets,v1.8.9.4.2 - Framework Timing Report.pdf,Format Monthly Sheets 06.26,Format Monthly Sheets,1,88,Raw Data Index refresh deferred,Raw Data Index refresh deferred,0.042,128.323,OK,139.516,0.005,106.731
Format Monthly Sheets,v1.8.9.4.2 - Framework Timing Report.pdf,Format Monthly Sheets 06.26,Format Monthly Sheets,1,89,Formatted monthly Raw Data in place without deleting imported columns: Raw Data 06.,Formatted monthly Raw Data in place without deleting imported columns: Raw Data,0.287,128.610,OK,139.516,1.100,106.731
Format Monthly Sheets,v1.8.9.4.2 - Framework Timing Report.pdf,Format Monthly Sheets 06.26,Format Monthly Sheets,1,90,Formatted monthly import tab: RD from RD June,Formatted monthly import tab: RD from RD,0.002,128.612,OK,139.516,0.002,106.731
Format Monthly Sheets,v1.8.9.4.2 - Framework Timing Report.pdf,Format Monthly Sheets 06.26,Format Monthly Sheets,1,91,Active and Archive Index updated using shared connection,Active and Archive Index updated using shared connection,10.823,139.435,SLOW,139.516,7.873,106.731
Format Monthly Sheets,v1.8.9.4.2 - Framework Timing Report.pdf,Format Monthly Sheets 06.26,Format Monthly Sheets,1,92,Complete,Complete,0.081,139.516,OK,139.516,0.105,106.731
